event_type,gap_direction,fill_path_type,vol_state,macro_state,dp_state,open_regime_label,setup_dir,key_source,n,fill_rate,direct_fill_rate,failed_fill_rate,avg_time_to_fill_minutes,median_time_to_fill_minutes,avg_MAE_pct,median_MAE_pct,avg_MFE_pct,median_MFE_pct,payoff_ratio,expectancy,sortino_ratio,max_drawdown,stop_out_rate_proxy,sample_quality,tradability_score,build_ts
UNCLASSIFIED,UP,ROTATIONAL_BALANCE_THEN_FILL,mid,UNKNOWN,high,NO_SETUP,NONE,UNKNOWN,2,1.0,0.0,0.0,120.00000022351742,120.00000022351742,7.65866573122144e-05,7.65866573122144e-05,0.008866739062507454,0.008866739062507454,,673.2348108734436,,0.0,0.0,LOW_SAMPLE,26954.39166907117,2026-06-10T17:55:20.594718+00:00
UNCLASSIFIED,UP,UNCLASSIFIED,high,UNKNOWN,low,NO_SETUP,NONE,UNKNOWN,4,0.25,0.0,0.0,75.00000022351742,75.00000022351742,0.004265772493221529,0.004030512246769937,0.013181858989951127,0.013539195820185364,,506.73387941931696,,0.0,0.027777777777777776,BOOTSTRAP_OK,20275.562519047748,2026-06-10T17:55:20.594718+00:00
UNCLASSIFIED,UP,ROTATIONAL_BALANCE_THEN_FILL,low,UNKNOWN,low,NO_SETUP,NONE,UNKNOWN,3,1.0,0.0,0.0,115.0000000745058,120.00000022351742,0.0006162484064893492,0.00014913534364710974,0.006140319646417646,0.005421749781262922,,201.99987670329574,,0.0,0.0,BOOTSTRAP_OK,8104.988905647765,2026-06-10T17:55:20.594718+00:00
UNCLASSIFIED,DOWN,DIRECT_FILL,high,UNKNOWN,low,NO_SETUP,NONE,UNKNOWN,2,1.0,1.0,0.0,29.99999988824129,29.99999988824129,0.0003380090596740238,0.0003380090596740238,0.012050929982451657,0.012050929982451657,,172.18489196565483,,0.0,0.0,LOW_SAMPLE,6912.392298535597,2026-06-10T17:55:20.594718+00:00
CLEAN_BREAKOUT,DOWN,UNCLASSIFIED,high,UNKNOWN,high,ACCEPTED_BREAKOUT_OPEN_STRONG,UP,PRIOR_KEY_HIGH,1,1.0,0.0,0.0,75.00000022351742,75.00000022351742,0.0007295769285527566,0.0007295769285527566,0.10708494912685607,0.10708494912685607,,146.77677560237242,,0.0,0.0,LOW_SAMPLE,5896.063728325612,2026-06-10T17:55:20.594718+00:00
UNCLASSIFIED,DOWN,ROTATIONAL_BALANCE_THEN_FILL,low,UNKNOWN,low,NO_SETUP,NONE,UNKNOWN,1,1.0,0.0,0.0,90.0,90.0,5.846138606174772e-05,5.846138606174772e-05,0.0062434454271600645,0.0062434454271600645,,106.79605544359916,,0.0,0.0,LOW_SAMPLE,4296.841633130105,2026-06-10T17:55:20.594718+00:00
UNCLASSIFIED,UP,ROTATIONAL_BALANCE_THEN_FILL,mid,UNKNOWN,low,NO_SETUP,NONE,UNKNOWN,6,1.0,0.0,0.0,152.5000000745058,112.5,0.00017940322840252537,5.1988606861989796e-05,0.00732354402557786,0.006486662935566899,,104.38288121795843,,0.0,0.0,BOOTSTRAP_OK,4200.313454686053,2026-06-10T17:55:20.594718+00:00
CLEAN_BREAKOUT,DOWN,ROTATIONAL_BALANCE_THEN_FILL,low,UNKNOWN,low,NO_SETUP,NONE,UNKNOWN,1,1.0,0.0,0.0,165.00000022351742,165.00000022351742,0.00012060695178818724,0.00012060695178818724,0.009349061703059183,0.009349061703059183,,77.5167729923083,,0.0,0.0,LOW_SAMPLE,3125.669713622814,2026-06-10T17:55:20.594718+00:00
CLEAN_BREAKDOWN,UP,DIRECT_FILL,low,UNKNOWN,low,NO_SETUP,NONE,UNKNOWN,1,1.0,1.0,0.0,90.0,90.0,9.780173875479732e-05,9.780173875479732e-05,0.007261003889658265,0.007261003889658265,,74.24207362879937,,0.0,0.0,LOW_SAMPLE,2994.6819671345875,2026-06-10T17:55:20.594718+00:00
CLEAN_BREAKDOWN,UP,UNCLASSIFIED,mid,low,low,UNRESOLVED_OPEN,UP,PRIOR_KEY_HIGH,1,1.0,0.0,0.0,315.0,315.0,0.0002656022438770377,0.0002656022438770377,0.016903322240192774,0.016903322240192774,,63.64148884230917,,0.0,0.0,LOW_SAMPLE,2570.656897669928,2026-06-10T17:55:20.594718+00:00
CLEAN_BREAKOUT,DOWN,UNCLASSIFIED,high,UNKNOWN,high,NO_SETUP,NONE,UNKNOWN,1,1.0,0.0,0.0,90.0,90.0,0.0003693141112997957,0.0003693141112997957,0.022196221021495755,0.022196221021495755,,60.10119933781158,,0.0,0.0,LOW_SAMPLE,2429.04428037135,2026-06-10T17:55:20.594718+00:00
CLEAN_BREAKOUT,DOWN,UNCLASSIFIED,mid,low,normal,NO_SETUP,NONE,UNKNOWN,1,1.0,0.0,0.0,90.0,90.0,0.00019579611719825827,0.00019579611719825827,0.01065863674700798,0.01065863674700798,,54.43742654107544,,0.0,0.0,LOW_SAMPLE,2202.495103681845,2026-06-10T17:55:20.594718+00:00
UNCLASSIFIED,UP,FAILED_FILL_CONTINUATION,high,low,low,NO_SETUP,NONE,UNKNOWN,5,0.0,0.0,1.0,,,0.007303100832956893,0.01001904569520166,0.0004971348441751225,-3.635003926920069e-05,110.73629091530705,0.15852781133815635,2.984623606749202e+17,-0.007256187939458048,0.6,BOOTSTRAP_OK,1667.3124451748024,2026-06-10T17:55:20.594718+00:00
CLEAN_BREAKDOWN,DOWN,UNCLASSIFIED,mid,UNKNOWN,low,NO_SETUP,NONE,UNKNOWN,1,0.0,0.0,0.0,,,0.00021855308271107897,0.00021855308271107897,0.00812024421450724,0.00812024421450724,,37.15456269835358,,0.0,0.0,LOW_SAMPLE,1486.180322403316,2026-06-10T17:55:20.594718+00:00
CLEAN_BREAKDOWN,UP,DIRECT_FILL,high,UNKNOWN,low,NO_SETUP,NONE,UNKNOWN,1,1.0,1.0,0.0,30.000000223517418,30.000000223517418,0.0005021879053699075,0.0005021879053699075,0.01779314923209539,0.01779314923209539,,35.43125798497497,,0.0,0.0,LOW_SAMPLE,1442.245297519945,2026-06-10T17:55:20.594718+00:00
UNCLASSIFIED,DOWN,ROTATIONAL_BALANCE_THEN_FILL,high,UNKNOWN,low,NO_SETUP,NONE,UNKNOWN,1,1.0,0.0,0.0,329.9999997764826,329.9999997764826,0.0005037072466643793,0.0005037072466643793,0.010333953257229455,0.010333953257229455,,20.515792309247793,,0.0,0.0,LOW_SAMPLE,845.626655297445,2026-06-10T17:55:20.594718+00:00
CLEAN_BREAKDOWN,DOWN,LIQUIDITY_VACUUM_CONTINUATION,high,UNKNOWN,low,NO_SETUP,NONE,UNKNOWN,2,0.0,0.0,1.0,,,0.015592565658060366,0.015592565658060366,0.0006368479947392049,0.0006368479947392049,50.41087329435931,0.03381324670079631,,0.0,0.962962962962963,LOW_SAMPLE,757.3597036268409,2026-06-10T17:55:20.594718+00:00
CLEAN_BREAKDOWN,UP,SQUEEZE_THEN_FILL,mid,UNKNOWN,high,NO_SETUP,NONE,UNKNOWN,1,1.0,0.0,0.0,90.0,90.0,0.0007280373897216913,0.0007280373897216913,0.012781500626878526,0.012781500626878526,,17.55610468270667,,0.0,0.0,LOW_SAMPLE,727.2369069343697,2026-06-10T17:55:20.594718+00:00
FAILED_BREAKDOWN,UP,DIRECT_FILL,mid,UNKNOWN,low,NO_SETUP,NONE,UNKNOWN,1,1.0,1.0,0.0,74.99999955296516,74.99999955296516,0.0009620835127865495,0.0009620835127865495,0.016571194884612596,0.016571194884612596,,17.224279040617056,,0.0,0.0,LOW_SAMPLE,713.9615407895544,2026-06-10T17:55:20.594718+00:00
FAILED_BREAKDOWN,UP,UNCLASSIFIED,low,UNKNOWN,low,NO_SETUP,NONE,UNKNOWN,2,1.0,0.0,0.0,165.00000022351742,165.00000022351742,0.0008497114690235352,0.0008497114690235352,0.012988243467287539,0.012988243467287539,,17.032687320946152,,0.0,0.0,LOW_SAMPLE,706.2989957231558,2026-06-10T17:55:20.594718+00:00
UNCLASSIFIED,DOWN,DIRECT_FILL,mid,low,low,UNRESOLVED_OPEN,DOWN,PRIOR_KEY_LOW,5,1.0,1.0,0.0,74.99999955296516,74.99999955296516,0.0006668532643547921,0.0006668532643547921,0.011343640216757376,0.011343640216757376,,17.01069908945083,,0.0,0.0,BOOTSTRAP_OK,705.4212950453898,2026-06-10T17:55:20.594718+00:00
FAILED_BREAKOUT,UP,ROTATIONAL_BALANCE_THEN_FILL,low,UNKNOWN,low,NO_SETUP,NONE,UNKNOWN,1,1.0,0.0,0.0,59.99999977648258,59.99999977648258,0.0005338163856513209,0.0005338163856513209,0.00866907725958064,0.00866907725958064,,16.239811089731372,,0.0,0.0,LOW_SAMPLE,674.5871054253984,2026-06-10T17:55:20.594718+00:00
UNCLASSIFIED,DOWN,ROTATIONAL_BALANCE_THEN_FILL,mid,UNKNOWN,low,NO_SETUP,NONE,UNKNOWN,4,1.0,0.0,0.0,172.49999977648258,164.9999998882413,0.0003755452383835861,0.0004008367030343159,0.00792529969494447,0.007332267275925189,,14.886624759032877,,0.0,0.0,BOOTSTRAP_OK,620.4612349089313,2026-06-10T17:55:20.594718+00:00
FAILED_BREAKDOWN,DOWN,UNCLASSIFIED,mid,low,normal,NO_SETUP,NONE,UNKNOWN,1,1.0,0.0,0.0,210.00000022351742,210.00000022351742,0.0009871993443060323,0.0009871993443060323,0.014571957588166259,0.014571957588166259,,14.760906874801314,,0.0,0.0,LOW_SAMPLE,615.4264029986095,2026-06-10T17:55:20.594718+00:00
CLEAN_BREAKDOWN,UP,ROTATIONAL_BALANCE_THEN_FILL,low,UNKNOWN,low,NO_SETUP,NONE,UNKNOWN,1,1.0,0.0,0.0,75.00000022351742,75.00000022351742,0.00043866910749931927,0.00043866910749931927,0.00624261884286861,0.00624261884286861,,14.230814835481201,,0.0,0.0,LOW_SAMPLE,594.2282067281731,2026-06-10T17:55:20.594718+00:00
FAILED_BREAKDOWN,UP,DIRECT_FILL,mid,UNKNOWN,normal,NO_SETUP,NONE,UNKNOWN,1,1.0,1.0,0.0,15.000000447034836,15.000000447034836,0.001920573213266956,0.001920573213266956,0.027273630238416797,0.027273630238416797,,14.20077612767674,,0.0,0.0,LOW_SAMPLE,593.0118393749368,2026-06-10T17:55:20.594718+00:00
FAILED_BREAKDOWN,UP,SQUEEZE_THEN_FILL,mid,low,normal,NO_SETUP,NONE,UNKNOWN,2,1.0,0.0,0.0,90.0,90.0,0.001288343698869484,0.001288343698869484,0.014950764331999197,0.014950764331999197,,12.363421347716322,,0.0,0.0,LOW_SAMPLE,519.5239704716643,2026-06-10T17:55:20.594718+00:00
UNCLASSIFIED,DOWN,SQUEEZE_THEN_FILL,high,low,low,ACCEPTED_BREAKOUT_OPEN_STRONG,UP,PRIOR_KEY_HIGH,2,1.0,0.0,0.0,104.99999977648258,104.99999977648258,0.0010923564368211793,0.0010923564368211793,0.013094030509019722,0.013094030509019722,,11.986957798430804,,0.0,0.0,LOW_SAMPLE,504.467388372864,2026-06-10T17:55:20.594718+00:00
UNCLASSIFIED,DOWN,PARTIAL_FILL_REJECT,mid,UNKNOWN,low,NO_SETUP,NONE,UNKNOWN,5,0.0,0.0,1.0,,,0.004566108400128275,0.005698042097691085,0.002982211122302214,0.0026324426761845363,,12.28903104786649,,0.0,0.21880341880341883,BOOTSTRAP_OK,491.51558083065834,2026-06-10T17:55:20.594718+00:00
RANGE_COMPRESSION,DOWN,DIRECT_FILL,high,UNKNOWN,low,NO_SETUP,NONE,UNKNOWN,1,1.0,1.0,0.0,30.000000223517418,30.000000223517418,0.0011361316997628072,0.0011361316997628072,0.012816613159466543,0.012816613159466543,,11.280922064002173,,0.0,0.0,LOW_SAMPLE,476.22552124308925,2026-06-10T17:55:20.594718+00:00
UNCLASSIFIED,DOWN,ROTATIONAL_BALANCE_THEN_FILL,UNKNOWN,UNKNOWN,UNKNOWN,NO_SETUP,NONE,UNKNOWN,2,1.0,0.0,0.0,142.4999998882413,142.4999998882413,0.000603763635220462,0.000603763635220462,0.0063475927120510145,0.0063475927120510145,,10.938020231578932,,0.0,0.0,LOW_SAMPLE,462.51477162680504,2026-06-10T17:55:20.594718+00:00
FAILED_BREAKOUT,UP,UNCLASSIFIED,high,UNKNOWN,high,NO_SETUP,NONE,UNKNOWN,1,1.0,0.0,0.0,240.00000044703484,240.00000044703484,0.005978643191689915,0.005978643191689915,0.06243051060834699,0.06243051060834699,,10.44225397078772,,0.0,0.0,LOW_SAMPLE,442.63037239959186,2026-06-10T17:55:20.594718+00:00
UNCLASSIFIED,UP,ROTATIONAL_BALANCE_THEN_FILL,mid,low,low,FAILED_BREAKOUT_OPEN,UP,PRIOR_KEY_HIGH,4,1.0,0.0,0.0,120.00000022351742,120.00000022351742,0.0009908030515211653,0.0009908030515211653,0.010295975671128988,0.010295975671128988,,10.39154618601722,,0.0,0.0,BOOTSTRAP_OK,440.6519394101736,2026-06-10T17:55:20.594718+00:00
UNCLASSIFIED,UP,DIRECT_FILL,high,UNKNOWN,low,NO_SETUP,NONE,UNKNOWN,2,1.0,1.0,0.0,15.000000111758709,15.000000111758709,0.001055649071133911,0.001055649071133911,0.004090973010223058,0.004090973010223058,,10.276008167692156,,0.0,0.0,LOW_SAMPLE,436.0297702169749,2026-06-10T17:55:20.594718+00:00
CLEAN_BREAKDOWN,UP,SQUEEZE_THEN_FILL,mid,low,low,NO_SETUP,NONE,UNKNOWN,4,1.0,0.0,0.0,153.75000039115548,150.00000044703484,0.0023332572370497393,0.001584480555857448,0.01790257505851752,0.01993545521585792,,10.080650844809394,,0.0,0.018518518518518517,BOOTSTRAP_OK,428.2027012200053,2026-06-10T17:55:20.594718+00:00
FAILED_BREAKOUT,UP,UNCLASSIFIED,low,UNKNOWN,low,NO_SETUP,NONE,UNKNOWN,1,1.0,0.0,0.0,150.00000044703484,150.00000044703484,0.0011238051310821394,0.0011238051310821394,0.011072850406306197,0.011072850406306197,,9.852998620538312,,0.0,0.0,LOW_SAMPLE,419.10870677022166,2026-06-10T17:55:20.594718+00:00
UNCLASSIFIED,UP,DIRECT_FILL,mid,UNKNOWN,low,NO_SETUP,NONE,UNKNOWN,7,1.0,1.0,0.0,38.57142847563539,45.0,0.0015014825821194568,0.0015742648451971136,0.0052126667329127335,0.004903162576153739,,9.807467042837398,,0.0,0.0,BOOTSTRAP_OK,417.28366688767477,2026-06-10T17:55:20.594718+00:00
UNCLASSIFIED,UP,ROTATIONAL_BALANCE_THEN_FILL,high,UNKNOWN,low,NO_SETUP,NONE,UNKNOWN,1,1.0,0.0,0.0,90.0,90.0,0.0010781276340447574,0.0010781276340447574,0.010199167466911475,0.010199167466911475,,9.460074248025506,,0.0,0.0,LOW_SAMPLE,403.39218864467983,2026-06-10T17:55:20.594718+00:00
UNCLASSIFIED,DOWN,UNCLASSIFIED,high,normal,low,NO_SETUP,NONE,UNKNOWN,1,1.0,0.0,0.0,149.99999977648258,149.99999977648258,0.00199558018665946,0.00199558018665946,0.018068774788274358,0.018068774788274358,,9.054396765945514,,0.0,0.0,LOW_SAMPLE,387.1559148359539,2026-06-10T17:55:20.594718+00:00
CLEAN_BREAKOUT,UP,FAILED_FILL_CONTINUATION,low,UNKNOWN,low,NO_SETUP,NONE,UNKNOWN,4,0.0,0.0,1.0,,,0.006402369444902715,0.006224749269460504,0.00029248094663844067,0.00016879527883026586,25.45360627150869,0.0493891514342106,,0.0,0.8269675925925926,BOOTSTRAP_OK,383.71563643554975,2026-06-10T17:55:20.594718+00:00
UNCLASSIFIED,DOWN,DIRECT_FILL,mid,UNKNOWN,low,NO_SETUP,NONE,UNKNOWN,6,1.0,1.0,0.0,34.999999925494194,29.99999988824129,0.0011355653798429696,0.0010038305665618589,0.00587874318338998,0.005966719324005519,,8.448104750205472,,0.0,0.0,BOOTSTRAP_OK,362.91283435442045,2026-06-10T17:55:20.594718+00:00
UNCLASSIFIED,DOWN,DIRECT_FILL,low,UNKNOWN,low,NO_SETUP,NONE,UNKNOWN,4,1.0,1.0,0.0,45.0,45.0,0.0010829141502791196,0.000995436382387025,0.0036941657444713146,0.00364651450196675,,8.236857738664611,,0.0,0.0,BOOTSTRAP_OK,354.46348040508167,2026-06-10T17:55:20.594718+00:00
FAILED_BREAKOUT,UP,UNCLASSIFIED,mid,UNKNOWN,high,NO_SETUP,NONE,UNKNOWN,1,1.0,0.0,0.0,225.0,225.0,0.0039084379195310605,0.0039084379195310605,0.031237422513303248,0.031237422513303248,,7.992303615008206,,0.0,0.0,LOW_SAMPLE,344.65306022113293,2026-06-10T17:55:20.594718+00:00
UNCLASSIFIED,DOWN,DIRECT_FILL,UNKNOWN,UNKNOWN,UNKNOWN,UNRESOLVED_OPEN,DOWN,PRIOR_KEY_LOW,1,1.0,1.0,0.0,59.99999977648258,59.99999977648258,0.00082078130108247,0.00082078130108247,0.006486992617376876,0.006486992617376876,,7.903436163593936,,0.0,0.0,LOW_SAMPLE,341.12923873074664,2026-06-10T17:55:20.594718+00:00
CLEAN_BREAKDOWN,UP,SQUEEZE_THEN_FILL,high,low,low,NO_SETUP,NONE,UNKNOWN,1,1.0,0.0,0.0,165.00000022351742,165.00000022351742,0.0013656173102391737,0.0013656173102391737,0.01071412539137333,0.01071412539137333,,7.845627988925288,,0.0,0.0,LOW_SAMPLE,338.81146338390914,2026-06-10T17:55:20.594718+00:00
UNCLASSIFIED,UP,DIRECT_FILL,low,UNKNOWN,low,NO_SETUP,NONE,UNKNOWN,9,1.0,1.0,0.0,20.0,0.0,0.0009304834150954137,0.0008266164906113038,0.004339309192806109,0.00461766920787397,,7.810772720465514,,0.0,0.0,BOOTSTRAP_OK,337.4216039844696,2026-06-10T17:55:20.594718+00:00
UNCLASSIFIED,DOWN,DIRECT_FILL,mid,UNKNOWN,high,NO_SETUP,NONE,UNKNOWN,1,1.0,1.0,0.0,30.000000223517418,30.000000223517418,0.0011259303842199777,0.0011259303842199777,0.008696583159656823,0.008696583159656823,,7.723908406363546,,0.0,0.0,LOW_SAMPLE,333.9450769506996,2026-06-10T17:55:20.594718+00:00
UNCLASSIFIED,DOWN,PARTIAL_FILL_REJECT,mid,UNKNOWN,low,ACCEPTED_BREAKDOWN_OPEN_2BAR,DOWN,PRIOR_KEY_LOW,1,0.0,0.0,1.0,,,0.00111817789282651,0.00111817789282651,0.008895173038025813,0.008895173038025813,,7.955060724318878,,0.0,0.0,LOW_SAMPLE,318.1912471938268,2026-06-10T17:55:20.594718+00:00
CLEAN_BREAKDOWN,UP,SQUEEZE_THEN_FILL,low,UNKNOWN,low,NO_SETUP,NONE,UNKNOWN,2,1.0,0.0,0.0,45.0,45.0,0.001599693867845817,0.001599693867845817,0.00790497246006852,0.00790497246006852,,7.08365774609134,,0.0,0.0,LOW_SAMPLE,308.33031290497513,2026-06-10T17:55:20.594718+00:00
CLEAN_BREAKOUT,UP,UNCLASSIFIED,high,low,low,NO_SETUP,NONE,UNKNOWN,2,0.0,0.0,0.0,,,0.0009905311093492102,0.0009905311093492102,0.007155656564435248,0.007155656564435248,,7.224060402440658,,0.0,0.0,LOW_SAMPLE,288.9525107865328,2026-06-10T17:55:20.594718+00:00
RANGE_COMPRESSION,DOWN,DIRECT_FILL,mid,UNKNOWN,low,NO_SETUP,NONE,UNKNOWN,2,1.0,1.0,0.0,60.00000011175871,60.00000011175871,0.000754595493635467,0.000754595493635467,0.004716415197611077,0.004716415197611077,,6.31002454729432,,0.0,0.0,LOW_SAMPLE,277.39343593683645,2026-06-10T17:55:20.594718+00:00
FAILED_BREAKOUT,UP,SQUEEZE_THEN_FILL,UNKNOWN,UNKNOWN,UNKNOWN,NO_SETUP,NONE,UNKNOWN,1,0.0,0.0,0.0,,,0.004383894000755421,0.004383894000755421,0.02827347571340371,0.02827347571340371,,6.449397660739903,,0.0,0.038461538461538464,LOW_SAMPLE,257.9320674895886,2026-06-10T17:55:20.594718+00:00
UNCLASSIFIED,UP,SQUEEZE_THEN_FILL,UNKNOWN,UNKNOWN,UNKNOWN,NO_SETUP,NONE,UNKNOWN,1,1.0,0.0,0.0,90.0,90.0,0.0006325845862171402,0.0006325845862171402,0.0035025634797972234,0.0035025634797972234,,5.536909302110213,,0.0,0.0,LOW_SAMPLE,246.47004623854636,2026-06-10T17:55:20.594718+00:00
CLEAN_BREAKDOWN,UP,DIRECT_FILL,mid,UNKNOWN,low,NO_SETUP,NONE,UNKNOWN,6,1.0,1.0,0.0,37.50000022351742,22.500000335276127,0.0015287451251791262,0.0018407550170744427,0.012290851860850464,0.011086575449893485,,5.366253200650544,,0.0,0.0,BOOTSTRAP_OK,239.63484057476995,2026-06-10T17:55:20.594718+00:00
FAILED_BREAKDOWN,UP,SQUEEZE_THEN_FILL,mid,UNKNOWN,normal,NO_SETUP,NONE,UNKNOWN,1,1.0,0.0,0.0,210.00000022351742,210.00000022351742,0.002699368129345988,0.002699368129345988,0.014456685789770659,0.014456685789770659,,5.355581416482558,,0.0,0.0,LOW_SAMPLE,239.19626297800886,2026-06-10T17:55:20.594718+00:00
UNCLASSIFIED,DOWN,DIRECT_FILL,mid,UNKNOWN,low,UNRESOLVED_OPEN,DOWN,PRIOR_KEY_LOW,1,1.0,1.0,0.0,60.000000447034836,60.000000447034836,0.0012195767008335576,0.0012195767008335576,0.006362303112365117,0.006362303112365117,,5.216812610487395,,0.0,0.0,LOW_SAMPLE,233.66030865248746,2026-06-10T17:55:20.594718+00:00
UNCLASSIFIED,DOWN,SQUEEZE_THEN_FILL,high,low,low,NO_SETUP,NONE,UNKNOWN,5,1.0,0.0,0.0,224.99999959766865,164.99999955296516,0.0029355052755769767,0.0015411457739324926,0.00836211935103443,0.009276232729852549,,4.925792820879062,,0.0,0.0962962962962963,BOOTSTRAP_OK,222.0023577824067,2026-06-10T17:55:20.594718+00:00
FAILED_BREAKOUT,UP,SQUEEZE_THEN_FILL,mid,UNKNOWN,low,NO_SETUP,NONE,UNKNOWN,3,1.0,0.0,0.0,210.00000022351742,225.0,0.004228071820740392,0.004024691358024773,0.015331278878519048,0.010576131687242724,,4.89682231530607,,0.0,0.25925925925925924,BOOTSTRAP_OK,220.83061189403543,2026-06-10T17:55:20.594718+00:00
FAILED_BREAKDOWN,DOWN,UNCLASSIFIED,mid,UNKNOWN,low,NO_SETUP,NONE,UNKNOWN,1,1.0,0.0,0.0,165.00000022351742,165.00000022351742,0.0031560985713455316,0.0031560985713455316,0.015442296194333517,0.015442296194333517,,4.892843441119155,,0.0,0.0,LOW_SAMPLE,220.68217665905271,2026-06-10T17:55:20.594718+00:00
UNCLASSIFIED,DOWN,DIRECT_FILL,mid,UNKNOWN,normal,NO_SETUP,NONE,UNKNOWN,1,1.0,1.0,0.0,0.0,0.0,0.002001516300227521,0.002001516300227521,0.009461713419257027,0.009461713419257027,,4.727272727272555,,0.0,0.0,LOW_SAMPLE,214.07089392789993,2026-06-10T17:55:20.594718+00:00
CLEAN_BREAKDOWN,DOWN,SQUEEZE_THEN_FILL,high,UNKNOWN,high,ACCEPTED_BREAKDOWN_OPEN_2BAR,DOWN,PRIOR_KEY_LOW,1,1.0,0.0,0.0,120.00000022351742,120.00000022351742,0.015045283846101955,0.015045283846101955,0.06919601257110353,0.06919601257110353,,4.5991829252880025,,0.0,0.0,LOW_SAMPLE,208.8168641730591,2026-06-10T17:55:20.594718+00:00
UNCLASSIFIED,DOWN,DIRECT_FILL,mid,low,low,NO_SETUP,NONE,UNKNOWN,4,1.0,1.0,0.0,44.99999966472387,44.99999966472387,0.0013359002781451294,0.0013359002781451294,0.00636364113543132,0.00636364113543132,,4.564362205291984,,0.0,0.0,BOOTSTRAP_OK,207.56112920889794,2026-06-10T17:55:20.594718+00:00
UNCLASSIFIED,DOWN,SQUEEZE_THEN_FILL,high,UNKNOWN,high,UNRESOLVED_OPEN,DOWN,PRIOR_KEY_LOW,1,1.0,0.0,0.0,90.0,90.0,0.005621325998985083,0.005621325998985083,0.02564002597270431,0.02564002597270431,,4.561206017465195,,0.0,0.15384615384615385,LOW_SAMPLE,207.39202743861796,2026-06-10T17:55:20.594718+00:00
UNCLASSIFIED,DOWN,PARTIAL_FILL_REJECT,high,UNKNOWN,low,NO_SETUP,NONE,UNKNOWN,3,0.0,0.0,1.0,,,0.0017745874916261118,0.0017027094586278715,0.008960420511535496,0.009660723379234046,,5.078347203716658,,0.0,0.0,BOOTSTRAP_OK,203.11614227375003,2026-06-10T17:55:20.594718+00:00
CLEAN_BREAKOUT,DOWN,SQUEEZE_THEN_FILL,UNKNOWN,UNKNOWN,UNKNOWN,NO_SETUP,NONE,UNKNOWN,3,1.0,0.0,0.0,315.0,315.0,0.0019495486568282424,0.0019495486568282424,0.008393784832403741,0.008393784832403741,,4.305501585202674,,0.0,0.0,BOOTSTRAP_OK,197.2005679215387,2026-06-10T17:55:20.594718+00:00
UNCLASSIFIED,UP,DIRECT_FILL,mid,low,low,UNRESOLVED_OPEN,UP,PRIOR_KEY_HIGH,1,1.0,1.0,0.0,30.000000223517418,30.000000223517418,0.0020950527477286963,0.0020950527477286963,0.008664175475142108,0.008664175475142108,,4.135540493925595,,0.0,0.0,LOW_SAMPLE,190.40066922954654,2026-06-10T17:55:20.594718+00:00
UNCLASSIFIED,DOWN,SQUEEZE_THEN_FILL,mid,low,normal,ACCEPTED_BREAKDOWN_OPEN_2BAR,DOWN,PRIOR_KEY_LOW,2,1.0,0.0,0.0,165.00000022351742,165.00000022351742,0.0021494922748809177,0.0021494922748809177,0.008766800668751545,0.008766800668751545,,4.0785448597330864,,0.0,0.0,LOW_SAMPLE,188.12029946657464,2026-06-10T17:55:20.594718+00:00
UNCLASSIFIED,DOWN,SQUEEZE_THEN_FILL,mid,UNKNOWN,low,NO_SETUP,NONE,UNKNOWN,7,1.0,0.0,0.0,175.7142859697342,120.00000022351742,0.004249298051100968,0.003338130326883184,0.004520854824711942,0.005146837828149789,,4.00277015943099,,0.0,0.2118437118437118,BOOTSTRAP_OK,185.0683133967286,2026-06-10T17:55:20.594718+00:00
FAILED_BREAKDOWN,UP,SQUEEZE_THEN_FILL,low,UNKNOWN,low,NO_SETUP,NONE,UNKNOWN,2,1.0,0.0,0.0,82.49999977648258,82.49999977648258,0.0024367561470577856,0.0024367561470577856,0.007926223900276867,0.007926223900276867,,3.919341513719542,,0.0,0.018518518518518517,LOW_SAMPLE,181.74929298731112,2026-06-10T17:55:20.594718+00:00
FAILED_BREAKDOWN,DOWN,SQUEEZE_THEN_FILL,high,UNKNOWN,high,NO_SETUP,NONE,UNKNOWN,1,1.0,0.0,0.0,270.0,270.0,0.005238013568424551,0.005238013568424551,0.01975152787699067,0.01975152787699067,,3.770805023502713,,0.0,0.0,LOW_SAMPLE,175.77982080442428,2026-06-10T17:55:20.594718+00:00
FAILED_BREAKDOWN,DOWN,SQUEEZE_THEN_FILL,mid,low,low,NO_SETUP,NONE,UNKNOWN,1,1.0,0.0,0.0,435.0000002235174,435.0000002235174,0.005957494201848106,0.005957494201848106,0.020243378584655577,0.020243378584655577,,3.3979686591009637,,0.0,0.1111111111111111,LOW_SAMPLE,160.85917142202007,2026-06-10T17:55:20.594718+00:00
UNCLASSIFIED,DOWN,SQUEEZE_THEN_FILL,mid,low,high,ACCEPTED_BREAKDOWN_OPEN_2BAR,DOWN,PRIOR_KEY_LOW,1,1.0,0.0,0.0,419.9999997764826,419.9999997764826,0.0026941424753868667,0.0026941424753868667,0.009071996533564849,0.009071996533564849,,3.3673039256255928,,0.0,0.0,LOW_SAMPLE,159.66521560026985,2026-06-10T17:55:20.594718+00:00
RANGE_COMPRESSION,DOWN,SQUEEZE_THEN_FILL,low,UNKNOWN,low,NO_SETUP,NONE,UNKNOWN,1,1.0,0.0,0.0,135.0,135.0,0.001297919025528977,0.001297919025528977,0.003974973565229083,0.003974973565229083,,3.062574387958487,,0.0,0.0,LOW_SAMPLE,147.48999632808417,2026-06-10T17:55:20.594718+00:00
UNCLASSIFIED,DOWN,SQUEEZE_THEN_FILL,UNKNOWN,UNKNOWN,UNKNOWN,NO_SETUP,NONE,UNKNOWN,2,1.0,0.0,0.0,105.00000044703484,105.00000044703484,0.004416164680060281,0.004416164680060281,0.006660913485379168,0.006660913485379168,,2.8986338237735434,,0.0,0.3333333333333333,LOW_SAMPLE,140.90119130414115,2026-06-10T17:55:20.594718+00:00
RANGE_COMPRESSION,DOWN,SQUEEZE_THEN_FILL,mid,UNKNOWN,low,NO_SETUP,NONE,UNKNOWN,1,1.0,0.0,0.0,120.00000022351742,120.00000022351742,0.001409611828305164,0.001409611828305164,0.004076110566625188,0.004076110566625188,,2.891654627732563,,0.0,0.0,LOW_SAMPLE,140.6520889910195,2026-06-10T17:55:20.594718+00:00
CLEAN_BREAKOUT,DOWN,SQUEEZE_THEN_FILL,low,UNKNOWN,low,NO_SETUP,NONE,UNKNOWN,1,1.0,0.0,0.0,240.00000044703484,240.00000044703484,0.0019685226044969155,0.0019685226044969155,0.005611463299772694,0.005611463299772694,,2.850596323838905,,0.0,0.0,LOW_SAMPLE,139.00416772751123,2026-06-10T17:55:20.594718+00:00
CLEAN_BREAKDOWN,DOWN,PARTIAL_FILL_REJECT,mid,UNKNOWN,low,NO_SETUP,NONE,UNKNOWN,7,0.14285714285714285,0.0,1.0,45.0,45.0,0.008718090728097105,0.010071980244236016,0.005266081643296517,0.005580618212197213,,3.2709090964377188,,0.0,0.464997964997965,BOOTSTRAP_OK,134.32061152165636,2026-06-10T17:55:20.594718+00:00
RANGE_COMPRESSION,UP,DIRECT_FILL,low,UNKNOWN,low,NO_SETUP,NONE,UNKNOWN,1,1.0,1.0,0.0,59.99999977648258,59.99999977648258,0.0012070885065300668,0.0012070885065300668,0.002832502864875465,0.002832502864875465,,2.346557729240471,,0.0,0.0,LOW_SAMPLE,118.85023828455354,2026-06-10T17:55:20.594718+00:00
FAILED_BREAKOUT,UP,SQUEEZE_THEN_FILL,mid,UNKNOWN,normal,NO_SETUP,NONE,UNKNOWN,1,1.0,0.0,0.0,300.0000002235174,300.0000002235174,0.005068823128664596,0.005068823128664596,0.01174231012599426,0.01174231012599426,,2.3165752341190537,,0.0,0.15384615384615385,LOW_SAMPLE,117.6123211334755,2026-06-10T17:55:20.594718+00:00
FAILED_BREAKDOWN,DOWN,SQUEEZE_THEN_FILL,mid,UNKNOWN,normal,NO_SETUP,NONE,UNKNOWN,1,1.0,0.0,0.0,194.99999977648258,194.99999977648258,0.005980161925158291,0.005980161925158291,0.013116875867749704,0.013116875867749704,,2.1933981106042557,,0.0,0.07407407407407407,LOW_SAMPLE,112.67612280491865,2026-06-10T17:55:20.594718+00:00
UNCLASSIFIED,UP,DIRECT_FILL,mid,low,low,NO_SETUP,NONE,UNKNOWN,2,1.0,1.0,0.0,30.000000223517418,30.000000223517418,0.0022735272540696516,0.0022735272540696516,0.0047341710184057965,0.0047341710184057965,,2.082302294785141,,0.0,0.0,LOW_SAMPLE,108.26935651886494,2026-06-10T17:55:20.594718+00:00
FAILED_BREAKDOWN,UP,SQUEEZE_THEN_FILL,mid,UNKNOWN,low,NO_SETUP,NONE,UNKNOWN,3,1.0,0.0,0.0,64.9999999254942,74.99999955296516,0.009245564159292322,0.009226307769868769,0.008540212083540074,0.005294073317027627,,2.0441672387083085,,0.0,0.43209876543209874,BOOTSTRAP_OK,106.67423390673942,2026-06-10T17:55:20.594718+00:00
RANGE_COMPRESSION,UP,DIRECT_FILL,high,UNKNOWN,low,NO_SETUP,NONE,UNKNOWN,1,1.0,1.0,0.0,90.0,90.0,0.0019649247991756886,0.0019649247991756886,0.0038532817883350353,0.0038532817883350353,,1.9610327020919767,,0.0,0.0,LOW_SAMPLE,103.42165883568731,2026-06-10T17:55:20.594718+00:00
RANGE_COMPRESSION,UP,SQUEEZE_THEN_FILL,high,UNKNOWN,low,NO_SETUP,NONE,UNKNOWN,3,1.0,0.0,0.0,64.9999999254942,45.0,0.004965320356197869,0.006522536367248377,0.006185084888772723,0.006372653214969422,,1.8497408605971337,,0.0,0.27730294396961064,BOOTSTRAP_OK,98.93998122032338,2026-06-10T17:55:20.594718+00:00
UNCLASSIFIED,DOWN,SQUEEZE_THEN_FILL,mid,low,low,NO_SETUP,NONE,UNKNOWN,6,1.0,0.0,0.0,64.9999999254942,82.49999977648258,0.005115630005908649,0.003950680273140345,0.006773038721401674,0.007652870776721249,,1.8341996264272078,,0.0,0.22222222222222224,BOOTSTRAP_OK,98.31682875702921,2026-06-10T17:55:20.594718+00:00
RANGE_COMPRESSION,UP,PARTIAL_FILL_REJECT,low,UNKNOWN,low,NO_SETUP,NONE,UNKNOWN,1,0.0,0.0,1.0,,,0.0013102720127606572,0.0013102720127606572,0.0031863183537501516,0.0031863183537501516,,2.431799139963913,,0.0,0.0,LOW_SAMPLE,97.25886287842893,2026-06-10T17:55:20.594718+00:00
CLEAN_BREAKOUT,DOWN,SQUEEZE_THEN_FILL,mid,UNKNOWN,low,NO_SETUP,NONE,UNKNOWN,3,1.0,0.0,0.0,110.00000014901161,45.0,0.00493438062338715,0.004525673270431722,0.00878719330623804,0.00908532418955212,,1.7640458219578383,,0.0,0.06267806267806268,BOOTSTRAP_OK,95.51248907207966,2026-06-10T17:55:20.594718+00:00
UNCLASSIFIED,DOWN,SQUEEZE_THEN_FILL,high,UNKNOWN,normal,NO_SETUP,NONE,UNKNOWN,2,1.0,0.0,0.0,0.0,0.0,0.007671469602518128,0.007671469602518128,0.012732567875405946,0.012732567875405946,,1.7630620327410003,,0.0,0.20655270655270655,LOW_SAMPLE,95.44576661361484,2026-06-10T17:55:20.594718+00:00
UNCLASSIFIED,UP,SQUEEZE_THEN_FILL,mid,low,low,NO_SETUP,NONE,UNKNOWN,8,0.75,0.0,0.0,52.5,30.000000223517418,0.005199884505182852,0.006703923399531664,0.005289851366839928,0.006102484159233133,,1.8721016934237849,,0.0,0.45174501424501423,BOOTSTRAP_OK,93.58206889189957,2026-06-10T17:55:20.594718+00:00
UNCLASSIFIED,UP,SQUEEZE_THEN_FILL,low,UNKNOWN,low,NO_SETUP,NONE,UNKNOWN,10,1.0,0.0,0.0,114.00000017881393,97.49999988824129,0.003565608586722014,0.0036684631664474342,0.003138104171380809,0.002837859782704918,,1.5608653560821213,,0.0,0.28433048433048436,BOOTSTRAP_OK,87.39895815741764,2026-06-10T17:55:20.594718+00:00
UNCLASSIFIED,UP,SQUEEZE_THEN_FILL,high,UNKNOWN,low,NO_SETUP,NONE,UNKNOWN,4,1.0,0.0,0.0,41.24999988824129,37.49999977648258,0.005782092347726928,0.0051763263099402655,0.006391144710356929,0.006636664189184655,,1.5160760790731367,,0.0,0.32514245014245013,BOOTSTRAP_OK,85.5852222394482,2026-06-10T17:55:20.594718+00:00
UNCLASSIFIED,DOWN,SQUEEZE_THEN_FILL,high,UNKNOWN,low,ACCEPTED_BREAKDOWN_OPEN_2BAR,DOWN,PRIOR_KEY_LOW,1,1.0,0.0,0.0,434.99999955296516,434.99999955296516,0.01103056639959913,0.01103056639959913,0.016162303554623083,0.016162303554623083,,1.4652287986961803,,0.0,0.11538461538461539,LOW_SAMPLE,83.49884628385122,2026-06-10T17:55:20.594718+00:00
CLEAN_BREAKOUT,DOWN,SQUEEZE_THEN_FILL,high,UNKNOWN,high,NO_SETUP,NONE,UNKNOWN,1,1.0,0.0,0.0,135.0,135.0,0.006745021301810942,0.006745021301810942,0.0097407618155224,0.0097407618155224,,1.4441410011421527,,0.0,0.11538461538461539,LOW_SAMPLE,82.698189832668,2026-06-10T17:55:20.594718+00:00
UNCLASSIFIED,UP,SQUEEZE_THEN_FILL,high,low,low,NO_SETUP,NONE,UNKNOWN,4,1.0,0.0,0.0,127.49999994412065,97.49999988824129,0.00402833432115944,0.00392547349020524,0.0024191984760245856,0.002487672892238076,,1.441631762846131,,0.0,0.37962962962962965,BOOTSTRAP_OK,82.62498717063364,2026-06-10T17:55:20.594718+00:00
UNCLASSIFIED,UP,PARTIAL_FILL_REJECT,mid,low,normal,NO_SETUP,NONE,UNKNOWN,2,0.0,0.0,1.0,,,0.003279361661966644,0.003279361661966644,0.006680102364337489,0.006680102364337489,,2.0370130082972944,,0.0,0.0,LOW_SAMPLE,81.4477267152721,2026-06-10T17:55:20.594718+00:00
RANGE_COMPRESSION,DOWN,DIRECT_FILL,low,UNKNOWN,low,NO_SETUP,NONE,UNKNOWN,1,1.0,1.0,0.0,0.0,0.0,0.00126556431970678,0.00126556431970678,0.0016000985867135808,0.0016000985867135808,,1.2643360450334988,,0.0,0.0,LOW_SAMPLE,75.56078615814289,2026-06-10T17:55:20.594718+00:00
UNCLASSIFIED,UP,SQUEEZE_THEN_FILL,mid,UNKNOWN,low,NO_SETUP,NONE,UNKNOWN,17,0.8235294117647058,0.0,0.0,111.42857154033014,104.99999977648258,0.0037838676726289528,0.0027862757177686778,0.003010701433764049,0.0028969010918129916,,1.3529437034156633,,0.0,0.24493045081280376,BOOTSTRAP_OK,74.66814475401787,2026-06-10T17:55:20.594718+00:00
UNCLASSIFIED,UP,PARTIAL_FILL_REJECT,low,UNKNOWN,low,NO_SETUP,NONE,UNKNOWN,7,0.14285714285714285,0.0,1.0,15.000000447034836,15.000000447034836,0.0031200305359664554,0.0029479333680931348,0.0028174809189899378,0.0033765120012764134,,1.4552642278967516,,0.0,0.21693121693121692,BOOTSTRAP_OK,61.75079738193897,2026-06-10T17:55:20.594718+00:00
UNCLASSIFIED,DOWN,PARTIAL_FILL_REJECT,low,UNKNOWN,low,NO_SETUP,NONE,UNKNOWN,2,0.0,0.0,1.0,,,0.0020026429520083647,0.0020026429520083647,0.0028868077259119477,0.0028868077259119477,,1.4560267636950601,,0.0,0.0,LOW_SAMPLE,58.22104411828232,2026-06-10T17:55:20.594718+00:00
FAILED_BREAKDOWN,DOWN,PARTIAL_FILL_REJECT,mid,low,normal,ACCEPTED_BREAKDOWN_OPEN_2BAR,DOWN,PRIOR_KEY_LOW,1,0.0,0.0,1.0,,,0.00797706511727706,0.00797706511727706,0.01113975419755719,0.01113975419755719,,1.3964727670870136,,0.0,0.0,LOW_SAMPLE,55.77914003230777,2026-06-10T17:55:20.594718+00:00
CLEAN_BREAKDOWN,DOWN,SQUEEZE_THEN_FILL,high,UNKNOWN,normal,NO_SETUP,NONE,UNKNOWN,1,1.0,0.0,0.0,405.0,405.0,0.012868540632213056,0.012868540632213056,0.009746214164312416,0.009746214164312416,,0.7573674780118652,,0.0,0.6666666666666666,LOW_SAMPLE,55.16601371415247,2026-06-10T17:55:20.594718+00:00
UNCLASSIFIED,DOWN,SQUEEZE_THEN_FILL,low,UNKNOWN,low,NO_SETUP,NONE,UNKNOWN,2,1.0,0.0,0.0,97.50000022351742,97.50000022351742,0.00450149004092611,0.00450149004092611,0.00174978536409334,0.00174978536409334,,0.7335995496537017,,0.0,0.2222222222222222,LOW_SAMPLE,54.2989670857388,2026-06-10T17:55:20.594718+00:00
CLEAN_BREAKOUT,UP,SQUEEZE_THEN_FILL,high,UNKNOWN,low,NO_SETUP,NONE,UNKNOWN,1,1.0,0.0,0.0,0.0,0.0,0.00790850274953921,0.00790850274953921,0.005427716598997717,0.005427716598997717,,0.6863140560093961,,0.0,0.8461538461538461,LOW_SAMPLE,52.373477212880445,2026-06-10T17:55:20.594718+00:00
CLEAN_BREAKOUT,UP,SQUEEZE_THEN_FILL,mid,low,low,NO_SETUP,NONE,UNKNOWN,2,1.0,0.0,0.0,52.50000022351742,52.50000022351742,0.007230823748398625,0.007230823748398625,0.004921608126265534,0.004921608126265534,,0.6829579066198237,,0.0,0.46937321937321935,LOW_SAMPLE,52.24600802730896,2026-06-10T17:55:20.594718+00:00
CLEAN_BREAKOUT,UP,PARTIAL_FILL_REJECT,low,UNKNOWN,low,NO_SETUP,NONE,UNKNOWN,4,0.0,0.0,1.0,,,0.004346978669963998,0.004602122802113377,0.002850788653278319,0.0026297682519704165,,1.2815411513581891,,0.0,0.31481481481481477,BOOTSTRAP_OK,51.218176267627925,2026-06-10T17:55:20.594718+00:00
UNCLASSIFIED,UP,PARTIAL_FILL_REJECT,UNKNOWN,UNKNOWN,UNKNOWN,NO_SETUP,NONE,UNKNOWN,3,0.0,0.0,1.0,,,0.003028511985141584,0.002857488445792491,0.0035979985599194735,0.002291474936686203,,1.2723311395606869,,0.0,0.024691358024691357,BOOTSTRAP_OK,50.86296046257606,2026-06-10T17:55:20.594718+00:00
UNCLASSIFIED,DOWN,SQUEEZE_THEN_FILL,high,UNKNOWN,low,NO_SETUP,NONE,UNKNOWN,6,0.8333333333333334,0.0,0.0,24.000000044703484,30.000000223517418,0.012167648266703792,0.013466056333193957,0.004953131071621652,0.006262715717550394,,0.6961739331376743,,0.0,0.540360873694207,BOOTSTRAP_OK,48.558614176173265,2026-06-10T17:55:20.594718+00:00
UNCLASSIFIED,DOWN,PARTIAL_FILL_REJECT,mid,low,low,NO_SETUP,NONE,UNKNOWN,5,0.0,0.0,1.0,,,0.0039818886194035435,0.0032902824741264623,0.003745535254766937,0.0033560087950457,,1.187868747123107,,0.0,0.18575498575498575,BOOTSTRAP_OK,47.47493099873025,2026-06-10T17:55:20.594718+00:00
FAILED_BREAKDOWN,DOWN,SQUEEZE_THEN_FILL,mid,UNKNOWN,high,NO_SETUP,NONE,UNKNOWN,1,1.0,0.0,0.0,465.00000044703484,465.00000044703484,0.009986335603178518,0.009986335603178518,0.005524736871491924,0.005524736871491924,,0.5532296420854786,,0.0,0.7037037037037037,LOW_SAMPLE,47.02932232738736,2026-06-10T17:55:20.594718+00:00
UNCLASSIFIED,UP,PARTIAL_FILL_REJECT,mid,UNKNOWN,low,NO_SETUP,NONE,UNKNOWN,3,0.0,0.0,1.0,,,0.0033326340151839627,0.003962270726952057,0.002916122536009936,0.0032463465224429012,,1.1623250756767225,,0.0,0.1851851851851852,BOOTSTRAP_OK,46.459676686917064,2026-06-10T17:55:20.594718+00:00
UNCLASSIFIED,DOWN,SQUEEZE_THEN_FILL,mid,low,normal,NO_SETUP,NONE,UNKNOWN,2,1.0,0.0,0.0,120.00000022351742,120.00000022351742,0.009456393572946671,0.009456393572946671,0.005028710450704265,0.005028710450704265,,0.5317788871532012,,0.0,0.7037037037037037,LOW_SAMPLE,46.176591550398584,2026-06-10T17:55:20.594718+00:00
FAILED_BREAKDOWN,DOWN,SQUEEZE_THEN_FILL,mid,UNKNOWN,high,UNRESOLVED_OPEN,DOWN,PRIOR_KEY_LOW,1,1.0,0.0,0.0,0.0,0.0,0.01119906237169464,0.01119906237169464,0.005942941198182815,0.005942941198182815,,0.5306641753512736,,0.0,0.34615384615384615,LOW_SAMPLE,46.114576390333994,2026-06-10T17:55:20.594718+00:00
UNCLASSIFIED,UP,PARTIAL_FILL_REJECT,mid,low,high,ACCEPTED_BREAKOUT_OPEN_2BAR,UP,PRIOR_KEY_HIGH,1,0.0,0.0,1.0,,,0.002989314695003923,0.002989314695003923,0.0034206555694317417,0.0034206555694317417,,1.1442942341094846,,0.0,0.0,LOW_SAMPLE,45.74187621742934,2026-06-10T17:55:20.594718+00:00
RANGE_COMPRESSION,UP,SQUEEZE_THEN_FILL,low,UNKNOWN,low,NO_SETUP,NONE,UNKNOWN,1,0.0,0.0,0.0,,,0.001842380580013804,0.001842380580013804,0.0020890430874594052,0.0020890430874594052,,1.1338824942693182,,0.0,0.0,LOW_SAMPLE,45.33687596497259,2026-06-10T17:55:20.594718+00:00
FAILED_BREAKDOWN,UP,SQUEEZE_THEN_FILL,mid,UNKNOWN,high,NO_SETUP,NONE,UNKNOWN,1,1.0,0.0,0.0,135.0,135.0,0.014456930590805947,0.014456930590805947,0.006396439769559998,0.006396439769559998,,0.442447982258965,,0.0,0.7037037037037037,LOW_SAMPLE,42.55334998445054,2026-06-10T17:55:20.594718+00:00
CLEAN_BREAKDOWN,DOWN,SQUEEZE_THEN_FILL,mid,UNKNOWN,high,NO_SETUP,NONE,UNKNOWN,1,1.0,0.0,0.0,30.000000223517418,30.000000223517418,0.00621288899208736,0.00621288899208736,0.0026648110114350864,0.0026648110114350864,,0.42891656600157335,,0.0,0.5185185185185185,LOW_SAMPLE,42.09453375014206,2026-06-10T17:55:20.594718+00:00
CLEAN_BREAKDOWN,DOWN,PARTIAL_FILL_REJECT,mid,UNKNOWN,high,NO_SETUP,NONE,UNKNOWN,3,0.0,0.0,1.0,,,0.0076599044828315,0.009349004401426839,0.003817048615726656,0.004470660811372055,,1.0396120625038707,,0.0,0.46913580246913583,BOOTSTRAP_OK,41.507883455326514,2026-06-10T17:55:20.594718+00:00
CLEAN_BREAKDOWN,DOWN,UNCLASSIFIED,low,UNKNOWN,low,NO_SETUP,NONE,UNKNOWN,2,0.0,0.0,0.0,,,0.004667174667062089,0.004667174667062089,0.004396039975244755,0.004396039975244755,,1.0327370729898044,,0.0,0.09259259259259259,LOW_SAMPLE,41.26281117292156,2026-06-10T17:55:20.594718+00:00
CLEAN_BREAKDOWN,DOWN,SQUEEZE_THEN_FILL,mid,low,low,NO_SETUP,NONE,UNKNOWN,1,1.0,0.0,0.0,104.99999977648258,104.99999977648258,0.007027104688086863,0.007027104688086863,0.002846935235365559,0.002846935235365559,,0.40513630602259326,,0.0,0.6666666666666666,LOW_SAMPLE,41.13518119402286,2026-06-10T17:55:20.594718+00:00
FAILED_BREAKDOWN,DOWN,SQUEEZE_THEN_FILL,high,low,low,NO_SETUP,NONE,UNKNOWN,3,1.0,0.0,0.0,104.99999977648258,104.99999977648258,0.010091613812544,0.010091613812544,0.004016913319238933,0.004016913319238933,,0.3980446927374351,,0.0,0.3461538461538461,BOOTSTRAP_OK,40.82087157137196,2026-06-10T17:55:20.594718+00:00
UNCLASSIFIED,UP,SQUEEZE_THEN_FILL,mid,low,normal,NO_SETUP,NONE,UNKNOWN,1,1.0,0.0,0.0,90.0,90.0,0.00800286823953029,0.00800286823953029,0.0029341502992614745,0.0029341502992614745,,0.36663733694479617,,0.0,0.9259259259259259,LOW_SAMPLE,39.58546479539655,2026-06-10T17:55:20.594718+00:00
CLEAN_BREAKOUT,UP,PARTIAL_FILL_REJECT,mid,UNKNOWN,low,FAILED_BREAKOUT_OPEN,UP,PRIOR_KEY_HIGH,1,1.0,0.0,1.0,0.0,0.0,0.007128455920173265,0.007128455920173265,0.0022246597568901746,0.0022246597568901746,,0.31208157584231816,,0.0,0.8148148148148148,LOW_SAMPLE,37.41197847449099,2026-06-10T17:55:20.594718+00:00
CLEAN_BREAKOUT,UP,FAILED_FILL_CONTINUATION,high,UNKNOWN,low,NO_SETUP,NONE,UNKNOWN,3,0.0,0.0,1.0,,,0.0056131824485619744,0.006115194561768138,0.0034013216638564014,0.0018295140998723424,,0.9313620541889615,,0.0,0.037037037037037035,BOOTSTRAP_OK,37.19835034307284,2026-06-10T17:55:20.594718+00:00
FAILED_BREAKOUT,UP,UNCLASSIFIED,mid,low,normal,ACCEPTED_BREAKOUT_OPEN_2BAR,UP,PRIOR_KEY_HIGH,1,0.0,0.0,0.0,,,0.006891352934045758,0.006891352934045758,0.00627593915275327,0.00627593915275327,,0.9106976834327954,,0.0,0.0,LOW_SAMPLE,36.35899380797136,2026-06-10T17:55:20.594718+00:00
RANGE_COMPRESSION,UP,FAILED_FILL_CONTINUATION,mid,UNKNOWN,low,NO_SETUP,NONE,UNKNOWN,1,0.0,0.0,1.0,,,0.002417049868902209,0.002417049868902209,0.0021357039125631844,0.0021357039125631844,,0.8835994408064043,,0.0,0.0,LOW_SAMPLE,35.319807133567146,2026-06-10T17:55:20.594718+00:00
CLEAN_BREAKOUT,UP,SQUEEZE_THEN_FILL,low,UNKNOWN,low,NO_SETUP,NONE,UNKNOWN,2,1.0,0.0,0.0,97.50000022351742,97.50000022351742,0.007039568789115731,0.007039568789115731,0.0017185805763975577,0.0017185805763975577,,0.24647540523876332,,0.0,0.7592592592592593,LOW_SAMPLE,34.788620521659375,2026-06-10T17:55:20.594718+00:00
FAILED_BREAKOUT,UP,UNCLASSIFIED,mid,UNKNOWN,high,UNRESOLVED_OPEN,UP,PRIOR_KEY_HIGH,1,0.0,0.0,0.0,,,0.0045750066790983535,0.0045750066790983535,0.0039698578554573346,0.0039698578554573346,,0.8677272261905675,,0.0,0.0,LOW_SAMPLE,34.66333898083171,2026-06-10T17:55:20.594718+00:00
CLEAN_BREAKDOWN,DOWN,PARTIAL_FILL_REJECT,high,UNKNOWN,normal,NO_SETUP,NONE,UNKNOWN,1,0.0,0.0,1.0,,,0.009296553573231591,0.009296553573231591,0.008036803517444284,0.008036803517444284,,0.8644927880139776,,0.0,0.4074074074074074,LOW_SAMPLE,34.48674598482678,2026-06-10T17:55:20.594718+00:00
CLEAN_BREAKOUT,UP,FAILED_FILL_CONTINUATION,mid,UNKNOWN,low,ACCEPTED_BREAKOUT_OPEN_2BAR,UP,PRIOR_KEY_HIGH,1,0.0,0.0,1.0,,,0.003608103017348909,0.003608103017348909,0.0029231504076334754,0.0029231504076334754,,0.81016267927441,,0.0,0.0,LOW_SAMPLE,32.370426140802905,2026-06-10T17:55:20.594718+00:00
UNCLASSIFIED,DOWN,PARTIAL_FILL_REJECT,mid,low,high,ACCEPTED_BREAKDOWN_OPEN_2BAR,DOWN,PRIOR_KEY_LOW,1,1.0,0.0,1.0,14.999999776482582,14.999999776482582,0.010712767832437256,0.010712767832437256,0.0019301195115068411,0.0019301195115068411,,0.18017001224115212,,0.0,0.6666666666666666,LOW_SAMPLE,32.09967281132171,2026-06-10T17:55:20.594718+00:00
CLEAN_BREAKOUT,UP,PARTIAL_FILL_REJECT,mid,UNKNOWN,low,UNRESOLVED_OPEN,UP,PRIOR_KEY_HIGH,1,1.0,0.0,1.0,60.000000447034836,60.000000447034836,0.013352424424263369,0.013352424424263369,0.0021849839781037314,0.0021849839781037314,,0.16363949412312614,,0.0,0.6153846153846154,LOW_SAMPLE,31.41205552068241,2026-06-10T17:55:20.594718+00:00
UNCLASSIFIED,UP,FAILED_FILL_CONTINUATION,UNKNOWN,UNKNOWN,UNKNOWN,NO_SETUP,NONE,UNKNOWN,1,0.0,0.0,1.0,,,0.00279994961004754,0.00279994961004754,0.002186650503687933,0.002186650503687933,,0.7809606629495043,,0.0,0.0,LOW_SAMPLE,31.2104270218797,2026-06-10T17:55:20.594718+00:00
CLEAN_BREAKDOWN,DOWN,FAILED_FILL_CONTINUATION,mid,low,normal,ACCEPTED_BREAKDOWN_OPEN_2BAR,DOWN,PRIOR_KEY_LOW,1,0.0,0.0,1.0,,,0.005390435677067394,0.005390435677067394,0.003994634713987854,0.003994634713987854,,0.7410597126652088,,0.0,0.0,LOW_SAMPLE,29.588484149837676,2026-06-10T17:55:20.594718+00:00
CLEAN_BREAKDOWN,DOWN,SQUEEZE_THEN_FILL,mid,UNKNOWN,low,NO_SETUP,NONE,UNKNOWN,1,1.0,0.0,0.0,0.0,0.0,0.012643429800527493,0.012643429800527493,0.001188940060136744,0.001188940060136744,,0.09403619736846569,,0.0,0.9629629629629629,LOW_SAMPLE,28.63501359673335,2026-06-10T17:55:20.594718+00:00
CLEAN_BREAKDOWN,UP,ROTATIONAL_BALANCE_THEN_FILL,mid,low,low,NO_SETUP,NONE,UNKNOWN,1,1.0,0.0,0.0,90.0,90.0,-0.00015149620995366943,-0.00015149620995366943,0.012851991865266265,0.012851991865266265,,0.012700495655312595,,0.0,0.0,LOW_SAMPLE,25.506504864112966,2026-06-10T17:55:20.594718+00:00
UNCLASSIFIED,DOWN,UNCLASSIFIED,low,UNKNOWN,low,NO_SETUP,NONE,UNKNOWN,1,1.0,0.0,0.0,180.0,180.0,-1.0604359149890597e-08,-1.0604359149890597e-08,0.007803914086662961,0.007803914086662961,,0.0078039034823038115,,0.0,0.0,LOW_SAMPLE,25.312156033248563,2026-06-10T17:55:20.594718+00:00
CLEAN_BREAKOUT,DOWN,DIRECT_FILL,low,UNKNOWN,low,NO_SETUP,NONE,UNKNOWN,1,1.0,1.0,0.0,75.00000022351742,75.00000022351742,-7.532154752107639e-06,-7.532154752107639e-06,0.007671379793603065,0.007671379793603065,,0.007663847638850957,,0.0,0.0,LOW_SAMPLE,25.30647858400652,2026-06-10T17:55:20.594718+00:00
UNCLASSIFIED,DOWN,ROTATIONAL_BALANCE_THEN_FILL,mid,low,low,NO_SETUP,NONE,UNKNOWN,6,1.0,0.0,0.0,90.0,90.0,-9.503400340640744e-05,-9.503400340640744e-05,0.005811647392254474,0.005811647392254473,,0.005716613388848066,,0.0,0.0,BOOTSTRAP_OK,25.22771419551986,2026-06-10T17:55:20.594718+00:00
CLEAN_BREAKDOWN,DOWN,PARTIAL_FILL_REJECT,mid,low,normal,FAILED_BREAKDOWN_OPEN,DOWN,PRIOR_KEY_LOW,2,0.0,0.0,1.0,,,0.007533706968328289,0.007533706968328289,0.003965103458327177,0.003965103458327177,,0.5263150630886595,,0.0,0.4444444444444444,LOW_SAMPLE,20.977265453863097,2026-06-10T17:55:20.594718+00:00
RANGE_COMPRESSION,DOWN,PARTIAL_FILL_REJECT,mid,UNKNOWN,low,NO_SETUP,NONE,UNKNOWN,2,0.0,0.0,1.0,,,0.00419857536518345,0.00419857536518345,0.0017340513117155049,0.0017340513117155049,,0.5099000350991282,,0.0,0.09615384615384616,LOW_SAMPLE,20.354015650313293,2026-06-10T17:55:20.594718+00:00
UNCLASSIFIED,UP,SQUEEZE_THEN_FILL,mid,UNKNOWN,high,NO_SETUP,NONE,UNKNOWN,2,0.5,0.0,0.0,270.0,270.0,0.008289288191233734,0.008289288191233734,0.0016059567523106423,0.0016059567523106423,,0.16598497470668622,,0.0,0.7592592592592593,LOW_SAMPLE,19.056506106355112,2026-06-10T17:55:20.594718+00:00
UNCLASSIFIED,UP,PARTIAL_FILL_REJECT,high,low,low,NO_SETUP,NONE,UNKNOWN,1,0.0,0.0,1.0,,,0.005219838199085524,0.005219838199085524,0.0024340485402743837,0.0024340485402743837,,0.4663072776280327,,0.0,0.7037037037037037,LOW_SAMPLE,18.60009272313045,2026-06-10T17:55:20.594718+00:00
UNCLASSIFIED,UP,FAILED_FILL_CONTINUATION,high,UNKNOWN,low,NO_SETUP,NONE,UNKNOWN,3,0.0,0.0,1.0,,,0.006333546264392973,0.006410177706955193,0.002626584399231213,0.0020688520624464824,,0.4525059245132319,,0.0,0.39411206077872746,BOOTSTRAP_OK,18.036901517885344,2026-06-10T17:55:20.594718+00:00
RANGE_COMPRESSION,DOWN,PARTIAL_FILL_REJECT,high,low,low,NO_SETUP,NONE,UNKNOWN,1,0.0,0.0,1.0,,,0.0037106424957882465,0.0037106424957882465,0.0015871930029419251,0.0015871930029419251,,0.42774074967972897,,0.0,0.1111111111111111,LOW_SAMPLE,17.072523562231275,2026-06-10T17:55:20.594718+00:00
UNCLASSIFIED,UP,PARTIAL_FILL_REJECT,high,UNKNOWN,low,NO_SETUP,NONE,UNKNOWN,4,0.0,0.0,1.0,,,0.012991037085269268,0.011618482414561553,0.003676271223907775,0.0031954820916053,,0.420309527496034,,0.0,0.711894586894587,BOOTSTRAP_OK,16.68247072898867,2026-06-10T17:55:20.594718+00:00
UNCLASSIFIED,DOWN,FAILED_FILL_CONTINUATION,mid,low,low,NO_SETUP,NONE,UNKNOWN,1,0.0,0.0,1.0,,,0.003582376581130986,0.003582376581130986,0.0014891302083034055,0.0014891302083034055,,0.4156822083269857,,0.0,0.2962962962962963,LOW_SAMPLE,16.59146456726812,2026-06-10T17:55:20.594718+00:00
CLEAN_BREAKDOWN,DOWN,PARTIAL_FILL_REJECT,mid,low,normal,NO_SETUP,NONE,UNKNOWN,1,0.0,0.0,1.0,,,0.011087932990313557,0.011087932990313557,0.0042327430784592605,0.0042327430784592605,,0.3817432051724153,,0.0,0.5925925925925926,LOW_SAMPLE,15.158848876993476,2026-06-10T17:55:20.594718+00:00
CLEAN_BREAKDOWN,DOWN,LIQUIDITY_VACUUM_CONTINUATION,mid,UNKNOWN,low,NO_SETUP,NONE,UNKNOWN,2,0.0,0.0,1.0,,,0.010920541929159927,0.010920541929159927,0.002641652112738475,0.002641652112738475,,0.3485291639825151,,0.0,0.48148148148148145,LOW_SAMPLE,13.831961140009005,2026-06-10T17:55:20.594718+00:00
CLEAN_BREAKDOWN,DOWN,LIQUIDITY_VACUUM_CONTINUATION,high,UNKNOWN,high,NO_SETUP,NONE,UNKNOWN,1,0.0,0.0,1.0,,,0.015336327670040428,0.015336327670040428,0.005209984635680284,0.005209984635680284,,0.3397152661166733,,0.0,0.0,LOW_SAMPLE,13.435247367966529,2026-06-10T17:55:20.594718+00:00
UNCLASSIFIED,UP,FAILED_FILL_CONTINUATION,mid,low,high,NO_SETUP,NONE,UNKNOWN,1,0.0,0.0,1.0,,,0.005490881071211754,0.005490881071211754,0.0018253162480921853,0.0018253162480921853,,0.3324268408693408,,0.0,0.038461538461538464,LOW_SAMPLE,13.242164824061515,2026-06-10T17:55:20.594718+00:00
CLEAN_BREAKDOWN,DOWN,FAILED_FILL_CONTINUATION,mid,low,low,NO_SETUP,NONE,UNKNOWN,3,0.0,0.0,1.0,,,0.0060495173011647805,0.005163156878350996,0.0017073720456348693,0.002210897991662737,,0.31531421228891904,,0.0,0.3561253561253561,BOOTSTRAP_OK,12.552073318545114,2026-06-10T17:55:20.594718+00:00
CLEAN_BREAKOUT,UP,SQUEEZE_THEN_FILL,mid,UNKNOWN,low,NO_SETUP,NONE,UNKNOWN,1,0.0,0.0,0.0,,,0.009026212926222646,0.009026212926222646,0.002730061774571558,0.002730061774571558,,0.30245927022619595,,0.0,0.6296296296296297,LOW_SAMPLE,12.008108679785611,2026-06-10T17:55:20.594718+00:00
CLEAN_BREAKOUT,UP,PARTIAL_FILL_REJECT,mid,low,low,NO_SETUP,NONE,UNKNOWN,4,0.0,0.0,1.0,,,0.008277688009488672,0.008277688009488672,0.0024602382985120528,0.0024602382985120528,,0.29721321891956953,,0.0,0.8888888888888888,BOOTSTRAP_OK,11.805751876687895,2026-06-10T17:55:20.594718+00:00
CLEAN_BREAKOUT,UP,FAILED_FILL_CONTINUATION,mid,UNKNOWN,low,NO_SETUP,NONE,UNKNOWN,3,0.0,0.0,1.0,,,0.006608268632650208,0.006745462060715211,0.0015692306031448607,0.0013403555457073145,,0.2321925123000602,,0.0,0.6419753086419752,BOOTSTRAP_OK,9.221617805675905,2026-06-10T17:55:20.594718+00:00
UNCLASSIFIED,UP,FAILED_FILL_CONTINUATION,mid,UNKNOWN,normal,NO_SETUP,NONE,UNKNOWN,1,0.0,0.0,1.0,,,0.005978922939480397,0.005978922939480397,0.001286648577386251,0.001286648577386251,,0.21519738427972918,,0.0,0.037037037037037035,LOW_SAMPLE,8.548106141794364,2026-06-10T17:55:20.594718+00:00
UNCLASSIFIED,UP,UNCLASSIFIED,mid,low,low,NO_SETUP,NONE,UNKNOWN,1,0.0,0.0,0.0,,,0.004991334488734867,0.004991334488734867,0.0010606585788561335,0.0010606585788561335,,0.21249999999999486,,0.0,0.25925925925925924,LOW_SAMPLE,8.450086655112445,2026-06-10T17:55:20.594718+00:00
UNCLASSIFIED,UP,FAILED_FILL_CONTINUATION,high,low,low,UNRESOLVED_OPEN,DOWN,PRIOR_KEY_LOW,1,0.0,0.0,1.0,,,0.007065262904795399,0.007065262904795399,0.0013763945258588744,0.0013763945258588744,,0.19481150870191616,,0.0,0.7407407407407407,LOW_SAMPLE,7.721807719028693,2026-06-10T17:55:20.594718+00:00
UNCLASSIFIED,UP,FAILED_FILL_CONTINUATION,mid,UNKNOWN,low,NO_SETUP,NONE,UNKNOWN,9,0.0,0.0,1.0,,,0.0046594839698744,0.0041744461394434,0.0007486139704162598,0.0008643185947616865,,0.1881036487272988,,0.0,0.4740740740740741,BOOTSTRAP_OK,7.477551109393207,2026-06-10T17:55:20.594718+00:00
UNCLASSIFIED,UP,UNCLASSIFIED,low,UNKNOWN,low,NO_SETUP,NONE,UNKNOWN,1,0.0,0.0,0.0,,,0.0043735871357226935,0.0043735871357226935,0.0006759538751017838,0.0006759538751017838,,0.15455365450037817,,0.0,0.7777777777777778,LOW_SAMPLE,6.1384103086579,2026-06-10T17:55:20.594718+00:00
UNCLASSIFIED,UP,FAILED_FILL_CONTINUATION,low,UNKNOWN,low,NO_SETUP,NONE,UNKNOWN,3,0.0,0.0,1.0,,,0.003806194290950767,0.003912788800723548,0.0005621612624733676,0.00039417658520319183,,0.1503655675532639,,0.0,0.37844254510921177,BOOTSTRAP_OK,5.976560759221049,2026-06-10T17:55:20.594718+00:00
UNCLASSIFIED,DOWN,FAILED_FILL_CONTINUATION,UNKNOWN,UNKNOWN,UNKNOWN,NO_SETUP,NONE,UNKNOWN,1,0.0,0.0,1.0,,,0.006014672910663942,0.006014672910663942,0.0008441278972879673,0.0008441278972879673,,0.1403447718314555,,0.0,0.8461538461538461,LOW_SAMPLE,5.55364414415158,2026-06-10T17:55:20.594718+00:00
CLEAN_BREAKDOWN,DOWN,LIQUIDITY_VACUUM_CONTINUATION,high,UNKNOWN,high,UNRESOLVED_OPEN,UP,PRIOR_KEY_HIGH,1,0.0,0.0,1.0,,,0.035499424287883365,0.035499424287883365,0.004182055801009116,0.004182055801009116,,0.11780629925416938,,0.0,0.8888888888888888,LOW_SAMPLE,4.357257727287942,2026-06-10T17:55:20.594718+00:00
UNCLASSIFIED,UP,LIQUIDITY_VACUUM_CONTINUATION,high,UNKNOWN,low,NO_SETUP,NONE,UNKNOWN,1,0.0,0.0,1.0,,,0.01762022742618074,0.01762022742618074,0.001807233863891072,0.001807233863891072,,0.1025658647972853,,0.0,0.8888888888888888,LOW_SAMPLE,3.926432317629605,2026-06-10T17:55:20.594718+00:00
CLEAN_BREAKDOWN,DOWN,FAILED_FILL_CONTINUATION,mid,UNKNOWN,low,NO_SETUP,NONE,UNKNOWN,2,0.0,0.0,1.0,,,0.007688789970121457,0.007688789970121457,0.0007756431661890253,0.0007756431661890253,,0.09852771010335712,,0.0,0.7962962962962963,LOW_SAMPLE,3.8642205044330704,2026-06-10T17:55:20.594718+00:00
CLEAN_BREAKOUT,UP,LIQUIDITY_VACUUM_CONTINUATION,mid,UNKNOWN,low,NO_SETUP,NONE,UNKNOWN,2,0.0,0.0,1.0,,,0.012393609696534186,0.012393609696534186,0.0011528723459570673,0.0011528723459570673,,0.09772672560771481,,0.0,0.9622507122507122,LOW_SAMPLE,3.78513292734325,2026-06-10T17:55:20.594718+00:00
CLEAN_BREAKDOWN,DOWN,FAILED_FILL_CONTINUATION,low,UNKNOWN,low,NO_SETUP,NONE,UNKNOWN,2,0.0,0.0,1.0,,,0.009075318023412243,0.009075318023412243,0.0005160004504238103,0.0005160004504238103,,0.07254017441525744,,0.0,0.905982905982906,LOW_SAMPLE,2.810853796376175,2026-06-10T17:55:20.594718+00:00
CLEAN_BREAKOUT,UP,LIQUIDITY_VACUUM_CONTINUATION,high,low,low,NO_SETUP,NONE,UNKNOWN,1,0.0,0.0,1.0,,,0.019657553934018336,0.019657553934018336,0.001455539546518759,0.001455539546518759,,0.07404479475952896,,0.0,0.7407407407407407,LOW_SAMPLE,2.7652162510409752,2026-06-10T17:55:20.594718+00:00
CLEAN_BREAKOUT,UP,PARTIAL_FILL_REJECT,high,UNKNOWN,low,NO_SETUP,NONE,UNKNOWN,1,0.0,0.0,1.0,,,0.013855199243665057,0.013855199243665057,0.0008810943239092097,0.0008810943239092097,,0.0635930460770579,,0.0,0.9230769230769231,LOW_SAMPLE,2.4051698506456654,2026-06-10T17:55:20.594718+00:00
UNCLASSIFIED,UP,FAILED_FILL_CONTINUATION,mid,low,low,NO_SETUP,NONE,UNKNOWN,2,0.0,0.0,1.0,,,0.0045757092397577534,0.0045757092397577534,0.00025347883930489307,0.00025347883930489307,,0.06038047848193165,,0.0,0.7407407407407407,LOW_SAMPLE,2.369462046879688,2026-06-10T17:55:20.594718+00:00
CLEAN_BREAKOUT,UP,FAILED_FILL_CONTINUATION,high,low,low,NO_SETUP,NONE,UNKNOWN,1,0.0,0.0,1.0,,,0.008787188408593122,0.008787188408593122,0.00048151165687279016,0.00048151165687279016,,0.05479701065723284,,0.0,0.9259259259259259,LOW_SAMPLE,2.104008542203382,2026-06-10T17:55:20.594718+00:00
CLEAN_BREAKOUT,UP,FAILED_FILL_CONTINUATION,mid,low,low,NO_SETUP,NONE,UNKNOWN,3,0.0,0.0,1.0,,,0.0070577967990824485,0.007826229267622506,0.00026581034854785904,0.0002632688060018984,,0.03991886206270746,,0.0,0.7283950617283951,BOOTSTRAP_OK,1.5261765145174737,2026-06-10T17:55:20.594718+00:00
UNCLASSIFIED,DOWN,LIQUIDITY_VACUUM_CONTINUATION,high,UNKNOWN,high,ACCEPTED_BREAKDOWN_OPEN_STRONG,DOWN,PRIOR_KEY_LOW,1,0.0,0.0,1.0,,,0.0420917820048072,0.0420917820048072,0.0020482498540842415,0.0020482498540842415,,0.048661514350956114,,0.0,0.7037037037037037,LOW_SAMPLE,1.5255427539901727,2026-06-10T17:55:20.594718+00:00
UNCLASSIFIED,DOWN,LIQUIDITY_VACUUM_CONTINUATION,high,UNKNOWN,low,NO_SETUP,NONE,UNKNOWN,1,0.0,0.0,1.0,,,0.024368665666903083,0.024368665666903083,0.0009210739124349682,0.0009210739124349682,,0.037797470121064033,,0.0,0.9629629629629629,LOW_SAMPLE,1.2682121481735307,2026-06-10T17:55:20.594718+00:00
CLEAN_BREAKOUT,UP,LIQUIDITY_VACUUM_CONTINUATION,mid,low,normal,NO_SETUP,NONE,UNKNOWN,10,0.0,0.0,1.0,,,0.01589231602463434,0.01589231602463434,0.0004696122477293388,0.0004696122477293387,,0.02954964191508669,,0.0,1.0,BOOTSTRAP_OK,1.023062516357124,2026-06-10T17:55:20.594718+00:00
CLEAN_BREAKDOWN,DOWN,LIQUIDITY_VACUUM_CONTINUATION,UNKNOWN,UNKNOWN,UNKNOWN,NO_SETUP,NONE,UNKNOWN,1,0.0,0.0,1.0,,,0.024152274484666263,0.024152274484666263,0.0006513304927441704,0.0006513304927441704,,0.02696766688196118,,0.0,0.9629629629629629,LOW_SAMPLE,0.8371839304317845,2026-06-10T17:55:20.594718+00:00
UNCLASSIFIED,DOWN,FAILED_FILL_CONTINUATION,mid,UNKNOWN,low,NO_SETUP,NONE,UNKNOWN,1,0.0,0.0,1.0,,,0.007309379906384197,0.007309379906384197,0.00016355753711945237,0.00016355753711945237,,0.02237639022929935,,0.0,0.8888888888888888,LOW_SAMPLE,0.8219618101081321,2026-06-10T17:55:20.594718+00:00
CLEAN_BREAKDOWN,DOWN,LIQUIDITY_VACUUM_CONTINUATION,mid,low,normal,NO_SETUP,NONE,UNKNOWN,1,0.0,0.0,1.0,,,0.014622568093385186,0.014622568093385186,0.0001712062256809551,0.0001712062256809551,,0.011708355508250544,,0.0,1.0,LOW_SAMPLE,0.3221085393961699,2026-06-10T17:55:20.594718+00:00
CLEAN_BREAKDOWN,DOWN,LIQUIDITY_VACUUM_CONTINUATION,mid,low,high,NO_SETUP,NONE,UNKNOWN,1,0.0,0.0,1.0,,,0.017912917687002733,0.017912917687002733,0.00021323396794049488,0.00021323396794049488,,0.011903921609331871,,0.0,0.9629629629629629,LOW_SAMPLE,0.29702768750324754,2026-06-10T17:55:20.594718+00:00
UNCLASSIFIED,UP,UNCLASSIFIED,unknown,UNKNOWN,low,UNKNOWN,UNKNOWN,UNKNOWN,31,0.0,0.0,0.0,,,,,,,,0.0,,0.0,,BOOTSTRAP_OK,0.0,2026-06-10T17:55:20.594718+00:00
UNCLASSIFIED,UP,UNCLASSIFIED,mid,UNKNOWN,low,UNKNOWN,UNKNOWN,UNKNOWN,27,0.0,0.0,0.0,,,,,,,,0.0,,0.0,,BOOTSTRAP_OK,0.0,2026-06-10T17:55:20.594718+00:00
UNCLASSIFIED,DOWN,UNCLASSIFIED,mid,UNKNOWN,low,UNKNOWN,UNKNOWN,UNKNOWN,17,0.0,0.0,0.0,,,,,,,,0.0,,0.0,,BOOTSTRAP_OK,0.0,2026-06-10T17:55:20.594718+00:00
UNCLASSIFIED,DOWN,UNCLASSIFIED,low,UNKNOWN,low,UNKNOWN,UNKNOWN,UNKNOWN,14,0.0,0.0,0.0,,,,,,,,0.0,,0.0,,BOOTSTRAP_OK,0.0,2026-06-10T17:55:20.594718+00:00
UNCLASSIFIED,UP,UNCLASSIFIED,high,UNKNOWN,low,UNKNOWN,UNKNOWN,UNKNOWN,14,0.0,0.0,0.0,,,,,,,,0.0,,0.0,,BOOTSTRAP_OK,0.0,2026-06-10T17:55:20.594718+00:00
UNCLASSIFIED,UP,UNCLASSIFIED,low,UNKNOWN,low,UNKNOWN,UNKNOWN,UNKNOWN,14,0.0,0.0,0.0,,,,,,,,0.0,,0.0,,BOOTSTRAP_OK,0.0,2026-06-10T17:55:20.594718+00:00
UNCLASSIFIED,DOWN,UNCLASSIFIED,unknown,UNKNOWN,low,UNKNOWN,UNKNOWN,UNKNOWN,13,0.0,0.0,0.0,,,,,,,,0.0,,0.0,,BOOTSTRAP_OK,0.0,2026-06-10T17:55:20.594718+00:00
CLEAN_BREAKOUT,UP,UNCLASSIFIED,mid,UNKNOWN,low,UNKNOWN,UNKNOWN,UNKNOWN,10,0.0,0.0,0.0,,,,,,,,0.0,,0.0,,BOOTSTRAP_OK,0.0,2026-06-10T17:55:20.594718+00:00
CLEAN_BREAKDOWN,DOWN,UNCLASSIFIED,mid,UNKNOWN,low,UNKNOWN,UNKNOWN,UNKNOWN,8,0.0,0.0,0.0,,,,,,,,0.0,,0.0,,BOOTSTRAP_OK,0.0,2026-06-10T17:55:20.594718+00:00
CLEAN_BREAKDOWN,DOWN,UNCLASSIFIED,unknown,UNKNOWN,low,UNKNOWN,UNKNOWN,UNKNOWN,7,0.0,0.0,0.0,,,,,,,,0.0,,0.0,,BOOTSTRAP_OK,0.0,2026-06-10T17:55:20.594718+00:00
CLEAN_BREAKOUT,UP,UNCLASSIFIED,unknown,UNKNOWN,low,UNKNOWN,UNKNOWN,UNKNOWN,6,0.0,0.0,0.0,,,,,,,,0.0,,0.0,,BOOTSTRAP_OK,0.0,2026-06-10T17:55:20.594718+00:00
CLEAN_BREAKDOWN,DOWN,UNCLASSIFIED,high,UNKNOWN,low,UNKNOWN,UNKNOWN,UNKNOWN,5,0.0,0.0,0.0,,,,,,,,0.0,,0.0,,BOOTSTRAP_OK,0.0,2026-06-10T17:55:20.594718+00:00
CLEAN_BREAKOUT,UP,UNCLASSIFIED,low,UNKNOWN,low,UNKNOWN,UNKNOWN,UNKNOWN,5,0.0,0.0,0.0,,,,,,,,0.0,,0.0,,BOOTSTRAP_OK,0.0,2026-06-10T17:55:20.594718+00:00
UNCLASSIFIED,DOWN,UNCLASSIFIED,high,UNKNOWN,low,UNKNOWN,UNKNOWN,UNKNOWN,4,0.0,0.0,0.0,,,,,,,,0.0,,0.0,,BOOTSTRAP_OK,0.0,2026-06-10T17:55:20.594718+00:00
CLEAN_BREAKDOWN,UP,UNCLASSIFIED,mid,UNKNOWN,low,UNKNOWN,UNKNOWN,UNKNOWN,3,0.0,0.0,0.0,,,,,,,,0.0,,0.0,,BOOTSTRAP_OK,0.0,2026-06-10T17:55:20.594718+00:00
FAILED_BREAKOUT,UP,UNCLASSIFIED,low,UNKNOWN,low,UNKNOWN,UNKNOWN,UNKNOWN,3,0.0,0.0,0.0,,,,,,,,0.0,,0.0,,BOOTSTRAP_OK,0.0,2026-06-10T17:55:20.594718+00:00
RANGE_COMPRESSION,UP,UNCLASSIFIED,mid,UNKNOWN,low,UNKNOWN,UNKNOWN,UNKNOWN,3,0.0,0.0,0.0,,,,,,,,0.0,,0.0,,BOOTSTRAP_OK,0.0,2026-06-10T17:55:20.594718+00:00
CLEAN_BREAKDOWN,DOWN,UNCLASSIFIED,low,UNKNOWN,low,UNKNOWN,UNKNOWN,UNKNOWN,2,0.0,0.0,0.0,,,,,,,,0.0,,0.0,,LOW_SAMPLE,0.0,2026-06-10T17:55:20.594718+00:00
CLEAN_BREAKDOWN,UP,UNCLASSIFIED,high,UNKNOWN,low,UNKNOWN,UNKNOWN,UNKNOWN,2,0.0,0.0,0.0,,,,,,,,0.0,,0.0,,LOW_SAMPLE,0.0,2026-06-10T17:55:20.594718+00:00
CLEAN_BREAKDOWN,UP,UNCLASSIFIED,unknown,UNKNOWN,low,UNKNOWN,UNKNOWN,UNKNOWN,2,0.0,0.0,0.0,,,,,,,,0.0,,0.0,,LOW_SAMPLE,0.0,2026-06-10T17:55:20.594718+00:00
CLEAN_BREAKOUT,DOWN,UNCLASSIFIED,low,UNKNOWN,low,UNKNOWN,UNKNOWN,UNKNOWN,2,0.0,0.0,0.0,,,,,,,,0.0,,0.0,,LOW_SAMPLE,0.0,2026-06-10T17:55:20.594718+00:00
CLEAN_BREAKOUT,DOWN,UNCLASSIFIED,mid,UNKNOWN,low,UNKNOWN,UNKNOWN,UNKNOWN,2,0.0,0.0,0.0,,,,,,,,0.0,,0.0,,LOW_SAMPLE,0.0,2026-06-10T17:55:20.594718+00:00
FAILED_BREAKDOWN,DOWN,UNCLASSIFIED,mid,UNKNOWN,low,UNKNOWN,UNKNOWN,UNKNOWN,2,0.0,0.0,0.0,,,,,,,,0.0,,0.0,,LOW_SAMPLE,0.0,2026-06-10T17:55:20.594718+00:00
FAILED_BREAKDOWN,UP,UNCLASSIFIED,unknown,UNKNOWN,low,UNKNOWN,UNKNOWN,UNKNOWN,2,0.0,0.0,0.0,,,,,,,,0.0,,0.0,,LOW_SAMPLE,0.0,2026-06-10T17:55:20.594718+00:00
FAILED_BREAKOUT,UP,UNCLASSIFIED,high,UNKNOWN,low,UNKNOWN,UNKNOWN,UNKNOWN,2,0.0,0.0,0.0,,,,,,,,0.0,,0.0,,LOW_SAMPLE,0.0,2026-06-10T17:55:20.594718+00:00
FAILED_BREAKOUT,UP,UNCLASSIFIED,mid,UNKNOWN,low,UNKNOWN,UNKNOWN,UNKNOWN,2,0.0,0.0,0.0,,,,,,,,0.0,,0.0,,LOW_SAMPLE,0.0,2026-06-10T17:55:20.594718+00:00
FAILED_BREAKOUT,UP,UNCLASSIFIED,unknown,UNKNOWN,low,UNKNOWN,UNKNOWN,UNKNOWN,2,0.0,0.0,0.0,,,,,,,,0.0,,0.0,,LOW_SAMPLE,0.0,2026-06-10T17:55:20.594718+00:00
RANGE_COMPRESSION,DOWN,UNCLASSIFIED,low,UNKNOWN,low,UNKNOWN,UNKNOWN,UNKNOWN,2,0.0,0.0,0.0,,,,,,,,0.0,,0.0,,LOW_SAMPLE,0.0,2026-06-10T17:55:20.594718+00:00
UNCLASSIFIED,UP,UNCLASSIFIED,mid,UNKNOWN,normal,UNKNOWN,UNKNOWN,UNKNOWN,2,0.0,0.0,0.0,,,,,,,,0.0,,0.0,,LOW_SAMPLE,0.0,2026-06-10T17:55:20.594718+00:00
CLEAN_BREAKDOWN,DOWN,UNCLASSIFIED,low,UNKNOWN,high,UNKNOWN,UNKNOWN,UNKNOWN,1,0.0,0.0,0.0,,,,,,,,0.0,,0.0,,LOW_SAMPLE,0.0,2026-06-10T17:55:20.594718+00:00
CLEAN_BREAKDOWN,DOWN,UNCLASSIFIED,mid,UNKNOWN,normal,UNKNOWN,UNKNOWN,UNKNOWN,1,0.0,0.0,0.0,,,,,,,,0.0,,0.0,,LOW_SAMPLE,0.0,2026-06-10T17:55:20.594718+00:00
CLEAN_BREAKDOWN,DOWN,UNCLASSIFIED,unknown,UNKNOWN,normal,UNKNOWN,UNKNOWN,UNKNOWN,1,0.0,0.0,0.0,,,,,,,,0.0,,0.0,,LOW_SAMPLE,0.0,2026-06-10T17:55:20.594718+00:00
CLEAN_BREAKDOWN,UP,UNCLASSIFIED,low,UNKNOWN,low,UNKNOWN,UNKNOWN,UNKNOWN,1,0.0,0.0,0.0,,,,,,,,0.0,,0.0,,LOW_SAMPLE,0.0,2026-06-10T17:55:20.594718+00:00
CLEAN_BREAKOUT,UP,UNCLASSIFIED,high,UNKNOWN,low,UNKNOWN,UNKNOWN,UNKNOWN,1,0.0,0.0,0.0,,,,,,,,0.0,,0.0,,LOW_SAMPLE,0.0,2026-06-10T17:55:20.594718+00:00
CLEAN_BREAKOUT,UP,UNCLASSIFIED,unknown,UNKNOWN,normal,UNKNOWN,UNKNOWN,UNKNOWN,1,0.0,0.0,0.0,,,,,,,,0.0,,0.0,,LOW_SAMPLE,0.0,2026-06-10T17:55:20.594718+00:00
DAILY_AUCTION,FLAT,NO_GAP,UNKNOWN,UNKNOWN,UNKNOWN,UNKNOWN,UNKNOWN,UNKNOWN,1,0.0,0.0,0.0,,,,,,,,0.0,,0.0,,LOW_SAMPLE,0.0,2026-06-10T17:55:20.594718+00:00
FAILED_BREAKDOWN,DOWN,UNCLASSIFIED,mid,UNKNOWN,high,UNKNOWN,UNKNOWN,UNKNOWN,1,0.0,0.0,0.0,,,,,,,,0.0,,0.0,,LOW_SAMPLE,0.0,2026-06-10T17:55:20.594718+00:00
FAILED_BREAKDOWN,UP,UNCLASSIFIED,low,UNKNOWN,low,UNKNOWN,UNKNOWN,UNKNOWN,1,0.0,0.0,0.0,,,,,,,,0.0,,0.0,,LOW_SAMPLE,0.0,2026-06-10T17:55:20.594718+00:00
FAILED_BREAKDOWN,UP,UNCLASSIFIED,mid,UNKNOWN,high,UNKNOWN,UNKNOWN,UNKNOWN,1,0.0,0.0,0.0,,,,,,,,0.0,,0.0,,LOW_SAMPLE,0.0,2026-06-10T17:55:20.594718+00:00
FAILED_BREAKOUT,DOWN,UNCLASSIFIED,mid,UNKNOWN,high,UNKNOWN,UNKNOWN,UNKNOWN,1,0.0,0.0,0.0,,,,,,,,0.0,,0.0,,LOW_SAMPLE,0.0,2026-06-10T17:55:20.594718+00:00
RANGE_COMPRESSION,DOWN,UNCLASSIFIED,mid,UNKNOWN,low,UNKNOWN,UNKNOWN,UNKNOWN,1,0.0,0.0,0.0,,,,,,,,0.0,,0.0,,LOW_SAMPLE,0.0,2026-06-10T17:55:20.594718+00:00
RANGE_COMPRESSION,DOWN,UNCLASSIFIED,unknown,UNKNOWN,low,UNKNOWN,UNKNOWN,UNKNOWN,1,0.0,0.0,0.0,,,,,,,,0.0,,0.0,,LOW_SAMPLE,0.0,2026-06-10T17:55:20.594718+00:00
RANGE_COMPRESSION,FLAT,NO_GAP,mid,UNKNOWN,low,UNKNOWN,UNKNOWN,UNKNOWN,1,0.0,0.0,0.0,,,,,,,,0.0,,0.0,,LOW_SAMPLE,0.0,2026-06-10T17:55:20.594718+00:00
RANGE_COMPRESSION,UP,UNCLASSIFIED,high,UNKNOWN,low,UNKNOWN,UNKNOWN,UNKNOWN,1,0.0,0.0,0.0,,,,,,,,0.0,,0.0,,LOW_SAMPLE,0.0,2026-06-10T17:55:20.594718+00:00
RANGE_COMPRESSION,UP,UNCLASSIFIED,low,UNKNOWN,low,UNKNOWN,UNKNOWN,UNKNOWN,1,0.0,0.0,0.0,,,,,,,,0.0,,0.0,,LOW_SAMPLE,0.0,2026-06-10T17:55:20.594718+00:00
RANGE_COMPRESSION,UP,UNCLASSIFIED,mid,UNKNOWN,normal,UNKNOWN,UNKNOWN,UNKNOWN,1,0.0,0.0,0.0,,,,,,,,0.0,,0.0,,LOW_SAMPLE,0.0,2026-06-10T17:55:20.594718+00:00
RANGE_COMPRESSION,UP,UNCLASSIFIED,unknown,UNKNOWN,low,UNKNOWN,UNKNOWN,UNKNOWN,1,0.0,0.0,0.0,,,,,,,,0.0,,0.0,,LOW_SAMPLE,0.0,2026-06-10T17:55:20.594718+00:00
RANGE_COMPRESSION,UP,UNCLASSIFIED,unknown,UNKNOWN,normal,UNKNOWN,UNKNOWN,UNKNOWN,1,0.0,0.0,0.0,,,,,,,,0.0,,0.0,,LOW_SAMPLE,0.0,2026-06-10T17:55:20.594718+00:00
UNCLASSIFIED,DOWN,UNCLASSIFIED,mid,UNKNOWN,normal,UNKNOWN,UNKNOWN,UNKNOWN,1,0.0,0.0,0.0,,,,,,,,0.0,,0.0,,LOW_SAMPLE,0.0,2026-06-10T17:55:20.594718+00:00
UNCLASSIFIED,DOWN,UNCLASSIFIED,unknown,UNKNOWN,normal,UNKNOWN,UNKNOWN,UNKNOWN,1,0.0,0.0,0.0,,,,,,,,0.0,,0.0,,LOW_SAMPLE,0.0,2026-06-10T17:55:20.594718+00:00
UNCLASSIFIED,FLAT,NO_GAP,low,UNKNOWN,low,UNKNOWN,UNKNOWN,UNKNOWN,1,0.0,0.0,0.0,,,,,,,,0.0,,0.0,,LOW_SAMPLE,0.0,2026-06-10T17:55:20.594718+00:00
UNCLASSIFIED,FLAT,NO_GAP,unknown,UNKNOWN,low,UNKNOWN,UNKNOWN,UNKNOWN,1,0.0,0.0,0.0,,,,,,,,0.0,,0.0,,LOW_SAMPLE,0.0,2026-06-10T17:55:20.594718+00:00
UNCLASSIFIED,UP,UNCLASSIFIED,low,UNKNOWN,high,UNKNOWN,UNKNOWN,UNKNOWN,1,0.0,0.0,0.0,,,,,,,,0.0,,0.0,,LOW_SAMPLE,0.0,2026-06-10T17:55:20.594718+00:00
UNCLASSIFIED,UP,UNCLASSIFIED,unknown,UNKNOWN,normal,UNKNOWN,UNKNOWN,UNKNOWN,1,0.0,0.0,0.0,,,,,,,,0.0,,0.0,,LOW_SAMPLE,0.0,2026-06-10T17:55:20.594718+00:00
UNCLASSIFIED,DOWN,FAILED_FILL_CONTINUATION,high,UNKNOWN,low,NO_SETUP,NONE,UNKNOWN,1,0.0,0.0,1.0,,,0.010092046593772407,0.010092046593772407,-1.7683769802855365e-05,-1.7683769802855365e-05,0.0,-0.0017522481330761645,,0.0,1.0,LOW_SAMPLE,-0.17101039126077067,2026-06-10T17:55:20.594718+00:00
