session_date,symbol,cluster_score,compression_flag,prob_trend_fused,prob_range_fused,dealer_state_hint,gamma_proxy,wall_strike,dist_to_wall_pct,signal_strength,execution_score,final_bias
2024-02-01,SPY,0.0,0,,,,,,,,35.0,BALANCED_SMALL
2024-02-02,SPY,0.0,0,,,,,,,,35.0,BALANCED_SMALL
2024-02-05,SPY,0.0,0,,,,,,,,35.0,BALANCED_SMALL
2024-02-06,SPY,0.0,0,,,,,,,,35.0,BALANCED_SMALL
2024-02-07,SPY,0.0,0,,,,,,,,35.0,BALANCED_SMALL
2024-02-08,SPY,0.0,0,,,,,,,,35.0,BALANCED_SMALL
2024-02-09,SPY,0.0,0,,,,,,,,35.0,BALANCED_SMALL
2024-02-12,SPY,0.0,0,,,,,,,,35.0,BALANCED_SMALL
2024-02-13,SPY,0.0,0,,,,,,,,35.0,BALANCED_SMALL
2024-02-14,SPY,0.0,0,,,,,,,,35.0,BALANCED_SMALL
2024-02-15,SPY,0.0,0,,,,,,,,35.0,BALANCED_SMALL
2024-02-16,SPY,0.0,0,,,,,,,,35.0,BALANCED_SMALL
2024-02-20,SPY,0.0,0,,,,,,,,35.0,BALANCED_SMALL
2024-02-21,SPY,0.0,0,,,,,,,,35.0,BALANCED_SMALL
2024-02-22,SPY,0.0,0,,,,,,,,35.0,BALANCED_SMALL
2024-02-23,SPY,0.0,0,,,,,,,,35.0,BALANCED_SMALL
2024-02-26,SPY,0.0,0,,,,,,,,35.0,BALANCED_SMALL
2024-02-27,SPY,0.0,0,,,,,,,,35.0,BALANCED_SMALL
2024-02-28,SPY,0.0,0,,,,,,,,35.0,BALANCED_SMALL
2024-02-29,SPY,0.0,0,,,,,,,,35.0,BALANCED_SMALL
2024-03-01,SPY,0.0,0,,,,,,,,35.0,BALANCED_SMALL
2024-03-04,SPY,0.0,0,,,,,,,,35.0,BALANCED_SMALL
2024-03-05,SPY,0.0,0,,,,,,,,35.0,BALANCED_SMALL
2024-03-06,SPY,0.0,0,,,,,,,,35.0,BALANCED_SMALL
2024-03-07,SPY,0.0,0,,,,,,,,35.0,BALANCED_SMALL
2024-03-08,SPY,0.0,0,,,,,,,,35.0,BALANCED_SMALL
2024-03-11,SPY,0.0,0,,,,,,,,35.0,BALANCED_SMALL
2024-03-12,SPY,0.0,0,,,,,,,,35.0,BALANCED_SMALL
2024-03-13,SPY,0.0,0,,,,,,,,35.0,BALANCED_SMALL
2024-03-14,SPY,0.0,0,,,,,,,,35.0,BALANCED_SMALL
2024-03-15,SPY,0.0,0,,,,,,,,35.0,BALANCED_SMALL
2024-03-18,SPY,0.0,0,,,,,,,,35.0,BALANCED_SMALL
2024-03-19,SPY,0.0,0,,,,,,,,35.0,BALANCED_SMALL
2024-03-20,SPY,0.0,0,,,,,,,,35.0,BALANCED_SMALL
2024-03-21,SPY,0.0,0,,,,,,,,35.0,BALANCED_SMALL
2024-03-22,SPY,0.0,1,,,,,,,,35.0,BALANCED_SMALL
2024-03-25,SPY,0.0,1,,,,,,,,35.0,BALANCED_SMALL
2024-03-26,SPY,0.0,0,,,,,,,,35.0,BALANCED_SMALL
2024-03-27,SPY,0.0,0,,,,,,,,35.0,BALANCED_SMALL
2024-03-28,SPY,0.0,1,,,,,,,,35.0,BALANCED_SMALL
2024-04-01,SPY,0.0,0,,,,,,,,35.0,BALANCED_SMALL
2024-04-02,SPY,0.0,0,,,,,,,,35.0,BALANCED_SMALL
2024-04-03,SPY,0.0,0,,,,,,,,35.0,BALANCED_SMALL
2024-04-04,SPY,0.1,0,,,,,,,,35.0,BALANCED_SMALL
2024-04-05,SPY,0.1,0,,,,,,,,35.0,BALANCED_SMALL
2024-04-08,SPY,0.1,1,,,,,,,,35.0,BALANCED_SMALL
2024-04-09,SPY,0.1,0,,,,,,,,35.0,BALANCED_SMALL
2024-04-10,SPY,0.1,0,,,,,,,,35.0,BALANCED_SMALL
2024-04-11,SPY,0.1,0,,,,,,,,35.0,BALANCED_SMALL
2024-04-12,SPY,0.1,0,,,,,,,,35.0,BALANCED_SMALL
2024-04-15,SPY,0.2,0,,,,,,,,35.0,BALANCED_SMALL
2024-04-16,SPY,0.2,0,,,,,,,,35.0,BALANCED_SMALL
2024-04-17,SPY,0.2,0,,,,,,,,35.0,BALANCED_SMALL
2024-04-18,SPY,0.1,0,,,,,,,,35.0,BALANCED_SMALL
2024-04-19,SPY,0.1,0,,,,,,,,35.0,BALANCED_SMALL
2024-04-22,SPY,0.1,0,,,,,,,,35.0,BALANCED_SMALL
2024-04-23,SPY,0.1,0,,,,,,,,35.0,BALANCED_SMALL
2024-04-24,SPY,0.1,0,,,,,,,,35.0,BALANCED_SMALL
2024-04-25,SPY,0.1,0,,,,,,,,35.0,BALANCED_SMALL
2024-04-26,SPY,0.1,0,,,,,,,,35.0,BALANCED_SMALL
2024-04-29,SPY,0.0,0,,,,,,,,35.0,BALANCED_SMALL
2024-04-30,SPY,0.1,0,,,,,,,,35.0,BALANCED_SMALL
2024-05-01,SPY,0.2,0,,,,,,,,35.0,BALANCED_SMALL
2024-05-02,SPY,0.2,0,,,,,,,,35.0,BALANCED_SMALL
2024-05-03,SPY,0.2,0,,,,,,,,35.0,BALANCED_SMALL
2024-05-06,SPY,0.2,0,,,,,,,,35.0,BALANCED_SMALL
2024-05-07,SPY,0.2,1,,,,,,,,35.0,BALANCED_SMALL
2024-05-08,SPY,0.2,1,,,,,,,,35.0,BALANCED_SMALL
2024-05-09,SPY,0.2,0,,,,,,,,35.0,BALANCED_SMALL
2024-05-10,SPY,0.2,1,,,,,,,,35.0,BALANCED_SMALL
2024-05-13,SPY,0.2,1,,,,,,,,35.0,BALANCED_SMALL
2024-05-14,SPY,0.1,0,,,,,,,,35.0,BALANCED_SMALL
2024-05-15,SPY,0.0,0,,,,,,,,35.0,BALANCED_SMALL
2024-05-16,SPY,0.0,1,,,,,,,,35.0,BALANCED_SMALL
2024-05-17,SPY,0.0,1,,,,,,,,35.0,BALANCED_SMALL
2024-05-20,SPY,0.0,1,,,,,,,,35.0,BALANCED_SMALL
2024-05-21,SPY,0.0,1,,,,,,,,35.0,BALANCED_SMALL
2024-05-22,SPY,0.0,0,,,,,,,,35.0,BALANCED_SMALL
2024-05-23,SPY,0.1,0,,,,,,,,35.0,BALANCED_SMALL
2024-05-24,SPY,0.1,0,,,,,,,,35.0,BALANCED_SMALL
2024-05-28,SPY,0.1,0,,,,,,,,35.0,BALANCED_SMALL
2024-05-29,SPY,0.1,0,,,,,,,,35.0,BALANCED_SMALL
2024-05-30,SPY,0.1,0,,,,,,,,35.0,BALANCED_SMALL
2024-05-31,SPY,0.2,0,,,,,,,,35.0,BALANCED_SMALL
2024-06-03,SPY,0.2,0,,,,,,,,35.0,BALANCED_SMALL
2024-06-04,SPY,0.2,0,,,,,,,,35.0,BALANCED_SMALL
2024-06-05,SPY,0.2,0,,,,,,,,35.0,BALANCED_SMALL
2024-06-06,SPY,0.2,1,,,,,,,,35.0,BALANCED_SMALL
2024-06-07,SPY,0.1,0,,,,,,,,35.0,BALANCED_SMALL
2024-06-10,SPY,0.1,0,,,,,,,,35.0,BALANCED_SMALL
2024-06-11,SPY,0.1,0,,,,,,,,35.0,BALANCED_SMALL
2024-06-12,SPY,0.1,0,,,,,,,,35.0,BALANCED_SMALL
2024-06-13,SPY,0.1,0,,,,,,,,35.0,BALANCED_SMALL
2024-06-14,SPY,0.0,1,,,,,,,,35.0,BALANCED_SMALL
2024-06-17,SPY,0.0,0,,,,,,,,35.0,BALANCED_SMALL
2024-06-18,SPY,0.0,1,,,,,,,,35.0,BALANCED_SMALL
2024-06-20,SPY,0.0,0,,,,,,,,35.0,BALANCED_SMALL
2024-06-21,SPY,0.0,0,,,,,,,,35.0,BALANCED_SMALL
2024-06-24,SPY,0.0,0,,,,,,,,35.0,BALANCED_SMALL
2024-06-25,SPY,0.0,1,,,,,,,,35.0,BALANCED_SMALL
2024-06-26,SPY,0.0,0,,,,,,,,35.0,BALANCED_SMALL
2024-06-27,SPY,0.0,1,,,,,,,,35.0,BALANCED_SMALL
2024-06-28,SPY,0.0,0,,,,,,,,35.0,BALANCED_SMALL
2024-07-01,SPY,0.0,0,,,,,,,,35.0,BALANCED_SMALL
2024-07-02,SPY,0.0,0,,,,,,,,35.0,BALANCED_SMALL
2024-07-03,SPY,0.0,0,,,,,,,,35.0,BALANCED_SMALL
2024-07-05,SPY,0.0,0,,,,,,,,35.0,BALANCED_SMALL
2024-07-08,SPY,0.0,1,,,,,,,,35.0,BALANCED_SMALL
2024-07-09,SPY,0.0,1,,,,,,,,35.0,BALANCED_SMALL
2024-07-10,SPY,0.0,0,,,,,,,,35.0,BALANCED_SMALL
2024-07-11,SPY,0.0,0,,,,,,,,35.0,BALANCED_SMALL
2024-07-12,SPY,0.0,0,,,,,,,,35.0,BALANCED_SMALL
2024-07-15,SPY,0.0,0,,,,,,,,35.0,BALANCED_SMALL
2024-07-16,SPY,0.0,0,,,,,,,,35.0,BALANCED_SMALL
2024-07-17,SPY,0.0,0,,,,,,,,35.0,BALANCED_SMALL
2024-07-18,SPY,0.1,0,,,,,,,,35.0,BALANCED_SMALL
2024-07-19,SPY,0.1,0,,,,,,,,35.0,BALANCED_SMALL
2024-07-22,SPY,0.1,0,,,,,,,,35.0,BALANCED_SMALL
2024-07-23,SPY,0.1,0,,,,,,,,35.0,BALANCED_SMALL
2024-07-24,SPY,0.2,0,,,,,,,,35.0,BALANCED_SMALL
2024-07-25,SPY,0.3,0,,,,,,,,35.0,BALANCED_SMALL
2024-07-26,SPY,0.3,0,,,,,,,,35.0,BALANCED_SMALL
2024-07-29,SPY,0.3,0,,,,,,,,35.0,BALANCED_SMALL
2024-07-30,SPY,0.4,0,,,,,,,,35.0,BALANCED_SMALL
2024-07-31,SPY,0.4,0,,,,,,,,35.0,BALANCED_SMALL
2024-08-01,SPY,0.4,0,,,,,,,,35.0,BALANCED_SMALL
2024-08-02,SPY,0.5,0,,,,,,,,35.0,BALANCED_SMALL
2024-08-05,SPY,0.6,0,,,,,,,,35.0,BALANCED_SMALL
2024-08-06,SPY,0.7,0,,,,,,,,35.0,BALANCED_SMALL
2024-08-07,SPY,0.7,0,,,,,,,,35.0,BALANCED_SMALL
2024-08-08,SPY,0.7,0,,,,,,,,35.0,BALANCED_SMALL
2024-08-09,SPY,0.7,0,,,,,,,,35.0,BALANCED_SMALL
2024-08-12,SPY,0.7,0,,,,,,,,35.0,BALANCED_SMALL
2024-08-13,SPY,0.6,0,,,,,,,,35.0,BALANCED_SMALL
2024-08-14,SPY,0.6,0,,,,,,,,35.0,BALANCED_SMALL
2024-08-15,SPY,0.5,0,,,,,,,,35.0,BALANCED_SMALL
2024-08-16,SPY,0.4,0,,,,,,,,35.0,BALANCED_SMALL
2024-08-19,SPY,0.3,0,,,,,,,,35.0,BALANCED_SMALL
2024-08-20,SPY,0.2,1,,,,,,,,35.0,BALANCED_SMALL
2024-08-21,SPY,0.1,0,,,,,,,,35.0,BALANCED_SMALL
2024-08-22,SPY,0.0,0,,,,,,,,35.0,BALANCED_SMALL
2024-08-23,SPY,0.0,0,,,,,,,,35.0,BALANCED_SMALL
2024-08-26,SPY,0.0,0,,,,,,,,35.0,BALANCED_SMALL
2024-08-27,SPY,0.0,0,,,,,,,,35.0,BALANCED_SMALL
2024-08-28,SPY,0.0,0,,,,,,,,35.0,BALANCED_SMALL
2024-08-29,SPY,0.0,0,,,,,,,,35.0,BALANCED_SMALL
2024-08-30,SPY,0.0,0,,,,,,,,35.0,BALANCED_SMALL
2024-09-03,SPY,0.1,0,,,,,,,,35.0,BALANCED_SMALL
2024-09-04,SPY,0.1,0,,,,,,,,35.0,BALANCED_SMALL
2024-09-05,SPY,0.1,0,,,,,,,,35.0,BALANCED_SMALL
2024-09-06,SPY,0.2,0,,,,,,,,35.0,BALANCED_SMALL
2024-09-09,SPY,0.2,0,,,,,,,,35.0,BALANCED_SMALL
2024-09-10,SPY,0.2,0,,,,,,,,35.0,BALANCED_SMALL
2024-09-11,SPY,0.3,0,,,,,,,,35.0,BALANCED_SMALL
2024-09-12,SPY,0.3,0,,,,,,,,35.0,BALANCED_SMALL
2024-09-13,SPY,0.3,0,,,,,,,,35.0,BALANCED_SMALL
2024-09-16,SPY,0.3,1,,,,,,,,35.0,BALANCED_SMALL
2024-09-17,SPY,0.2,0,,,,,,,,35.0,BALANCED_SMALL
2024-09-18,SPY,0.2,0,,,,,,,,35.0,BALANCED_SMALL
2024-09-19,SPY,0.3,0,,,,,,,,35.0,BALANCED_SMALL
2024-09-20,SPY,0.2,0,,,,,,,,35.0,BALANCED_SMALL
2024-09-23,SPY,0.2,1,,,,,,,,35.0,BALANCED_SMALL
2024-09-24,SPY,0.2,1,,,,,,,,35.0,BALANCED_SMALL
2024-09-25,SPY,0.1,1,,,,,,,,35.0,BALANCED_SMALL
2024-09-26,SPY,0.1,0,,,,,,,,35.0,BALANCED_SMALL
2024-09-27,SPY,0.1,1,,,,,,,,35.0,BALANCED_SMALL
2024-09-30,SPY,0.1,0,,,,,,,,35.0,BALANCED_SMALL
2024-10-01,SPY,0.1,0,,,,,,,,35.0,BALANCED_SMALL
2024-10-02,SPY,0.1,0,,,,,,,,35.0,BALANCED_SMALL
2024-10-03,SPY,0.0,1,,,,,,,,35.0,BALANCED_SMALL
2024-10-04,SPY,0.0,0,,,,,,,,35.0,BALANCED_SMALL
2024-10-07,SPY,0.0,0,,,,,,,,35.0,BALANCED_SMALL
2024-10-08,SPY,0.0,0,,,,,,,,35.0,BALANCED_SMALL
2024-10-09,SPY,0.0,0,,,,,,,,35.0,BALANCED_SMALL
2024-10-10,SPY,0.0,1,,,,,,,,35.0,BALANCED_SMALL
2024-10-11,SPY,0.0,0,,,,,,,,35.0,BALANCED_SMALL
2024-10-14,SPY,0.0,0,,,,,,,,35.0,BALANCED_SMALL
2024-10-15,SPY,0.0,0,,,,,,,,35.0,BALANCED_SMALL
2024-10-16,SPY,0.0,1,,,,,,,,35.0,BALANCED_SMALL
2024-10-17,SPY,0.0,1,,,,,,,,35.0,BALANCED_SMALL
2024-10-18,SPY,0.0,1,,,,,,,,35.0,BALANCED_SMALL
2024-10-21,SPY,0.0,0,,,,,,,,35.0,BALANCED_SMALL
2024-10-22,SPY,0.0,0,,,,,,,,35.0,BALANCED_SMALL
2024-10-23,SPY,0.0,0,,,,,,,,35.0,BALANCED_SMALL
2024-10-24,SPY,0.0,1,,,,,,,,35.0,BALANCED_SMALL
2024-10-25,SPY,0.0,0,,,,,,,,35.0,BALANCED_SMALL
2024-10-28,SPY,0.0,1,,,,,,,,35.0,BALANCED_SMALL
2024-10-29,SPY,0.0,0,,,,,,,,35.0,BALANCED_SMALL
2024-10-30,SPY,0.0,0,,,,,,,,35.0,BALANCED_SMALL
2024-10-31,SPY,0.0,0,,,,,,,,35.0,BALANCED_SMALL
2024-11-01,SPY,0.0,0,,,,,,,,35.0,BALANCED_SMALL
2024-11-04,SPY,0.0,0,,,,,,,,35.0,BALANCED_SMALL
2024-11-05,SPY,0.0,0,,,,,,,,35.0,BALANCED_SMALL
2024-11-06,SPY,0.1,0,,,,,,,,35.0,BALANCED_SMALL
2024-11-07,SPY,0.1,0,,,,,,,,35.0,BALANCED_SMALL
2024-11-08,SPY,0.1,0,,,,,,,,35.0,BALANCED_SMALL
2024-11-11,SPY,0.1,1,,,,,,,,35.0,BALANCED_SMALL
2024-11-12,SPY,0.1,0,,,,,,,,35.0,BALANCED_SMALL
2024-11-13,SPY,0.1,0,,,,,,,,35.0,BALANCED_SMALL
2024-11-14,SPY,0.1,0,,,,,,,,35.0,BALANCED_SMALL
2024-11-15,SPY,0.1,0,,,,,,,,35.0,BALANCED_SMALL
2024-11-18,SPY,0.1,0,,,,,,,,35.0,BALANCED_SMALL
2024-11-19,SPY,0.1,0,,,,,,,,35.0,BALANCED_SMALL
2024-11-20,SPY,0.0,0,,,,,,,,35.0,BALANCED_SMALL
2024-11-21,SPY,0.0,0,,,,,,,,35.0,BALANCED_SMALL
2024-11-22,SPY,0.0,1,,,,,,,,35.0,BALANCED_SMALL
2024-11-25,SPY,0.0,0,,,,,,,,35.0,BALANCED_SMALL
2024-11-26,SPY,0.0,1,,,,,,,,35.0,BALANCED_SMALL
2024-11-27,SPY,0.0,1,,,,,,,,35.0,BALANCED_SMALL
2024-11-29,SPY,0.0,0,,,,,,,,35.0,BALANCED_SMALL
2024-12-02,SPY,0.0,1,,,,,,,,35.0,BALANCED_SMALL
2024-12-03,SPY,0.0,1,,,,,,,,35.0,BALANCED_SMALL
2024-12-04,SPY,0.0,0,,,,,,,,35.0,BALANCED_SMALL
2024-12-05,SPY,0.0,1,,,,,,,,35.0,BALANCED_SMALL
2024-12-06,SPY,0.0,1,,,,,,,,35.0,BALANCED_SMALL
2024-12-09,SPY,0.0,0,,,,,,,,35.0,BALANCED_SMALL
2024-12-10,SPY,0.0,0,,,,,,,,35.0,BALANCED_SMALL
2024-12-11,SPY,0.0,0,,,,,,,,35.0,BALANCED_SMALL
2024-12-12,SPY,0.0,1,,,,,,,,35.0,BALANCED_SMALL
2024-12-13,SPY,0.0,0,,,,,,,,35.0,BALANCED_SMALL
2024-12-16,SPY,0.0,1,,,,,,,,35.0,BALANCED_SMALL
2024-12-17,SPY,0.0,0,,,,,,,,35.0,BALANCED_SMALL
2024-12-18,SPY,0.1,0,,,,,,,,35.0,BALANCED_SMALL
2024-12-19,SPY,0.1,0,,,,,,,,35.0,BALANCED_SMALL
2024-12-20,SPY,0.2,0,,,,,,,,35.0,BALANCED_SMALL
2024-12-23,SPY,0.2,0,,,,,,,,35.0,BALANCED_SMALL
2024-12-24,SPY,0.2,0,,,,,,,,35.0,BALANCED_SMALL
2024-12-26,SPY,0.2,0,,,,,,,,35.0,BALANCED_SMALL
2024-12-27,SPY,0.2,0,,,,,,,,35.0,BALANCED_SMALL
2024-12-30,SPY,0.2,0,,,,,,,,35.0,BALANCED_SMALL
2024-12-31,SPY,0.2,0,,,,,,,,35.0,BALANCED_SMALL
2025-01-02,SPY,0.3,0,0.27773438433102343,0.7222656156689766,,,,,,19.44140690317164,WHIP_WAIT
2025-01-03,SPY,0.2,0,0.3281527153579498,0.6718472846420502,,,,,,22.97069007505649,WHIP_WAIT
2025-01-06,SPY,0.2,0,0.33451679410191737,0.6654832058980826,,,,,,23.416175587134216,WHIP_WAIT
2025-01-07,SPY,0.2,0,0.2803936787829496,0.7196063212170505,,,,,,19.62755751480647,WHIP_WAIT
2025-01-08,SPY,0.2,0,0.3194435690613986,0.6805564309386014,,,,,,22.3610498342979,WHIP_WAIT
2025-01-10,SPY,0.2,0,0.2798429164400361,0.7201570835599639,,,,,,19.589004150802527,WHIP_WAIT
2025-01-13,SPY,0.2,0,0.31400510733728476,0.6859948926627153,,,,,,21.980357513609935,WHIP_WAIT
2025-01-14,SPY,0.2,0,0.28608295310731024,0.7139170468926898,,,,,,20.025806717511717,WHIP_WAIT
2025-01-15,SPY,0.2,0,0.287273348744278,0.712726651255722,,,,,,20.10913441209946,WHIP_WAIT
2025-01-16,SPY,0.2,1,0.29022862668925997,0.70977137331074,,,,,,20.3160038682482,WHIP_WAIT
2025-01-17,SPY,0.1,0,0.32491349169817063,0.6750865083018294,,,,,,22.743944418871944,WHIP_WAIT
2025-01-21,SPY,0.1,0,0.2788878610494179,0.7211121389505821,,,,,,19.52215027345925,WHIP_WAIT
2025-01-22,SPY,0.1,0,0.3207566815816229,0.679243318418377,,,,,,22.452967710713605,WHIP_WAIT
2025-01-23,SPY,0.0,0,0.3218058104929352,0.6781941895070648,,,,,,22.526406734505464,WHIP_WAIT
2025-01-24,SPY,0.0,0,0.31476175722005073,0.6852382427799493,,,,,,22.033323005403552,WHIP_WAIT
2025-01-27,SPY,0.1,0,0.31754741614254806,0.682452583857452,,,,,,22.228319129978363,WHIP_WAIT
2025-01-28,SPY,0.1,0,0.32099841937464363,0.6790015806253564,,,,,,22.469889356225053,WHIP_WAIT
2025-01-29,SPY,0.1,0,0.2823869209353825,0.7176130790646176,,,,,,19.767084465476774,WHIP_WAIT
2025-01-30,SPY,0.1,0,0.2833562489721367,0.7166437510278634,,,,,,19.834937428049567,WHIP_WAIT
2025-01-31,SPY,0.1,0,0.3264333510826522,0.6735666489173477,,,,,,22.850334575785656,WHIP_WAIT
2025-02-03,SPY,0.2,0,0.32563985381483995,0.67436014618516,,,,,,22.794789767038797,WHIP_WAIT
2025-02-04,SPY,0.2,0,0.33087139383007885,0.6691286061699211,,,,,,23.16099756810552,WHIP_WAIT
2025-02-05,SPY,0.2,0,0.3198876701822715,0.6801123298177285,,,,,,22.392136912759003,WHIP_WAIT
2025-02-06,SPY,0.2,0,0.2915695978073832,0.7084304021926169,,,,,,20.409871846516822,WHIP_WAIT
2025-02-07,SPY,0.2,0,0.2843280801130113,0.7156719198869887,,,,,,19.90296560791079,WHIP_WAIT
2025-02-10,SPY,0.1,0,0.31468438858176984,0.6853156114182302,,,,,,22.027907200723888,WHIP_WAIT
2025-02-11,SPY,0.1,1,0.3272576293345474,0.6727423706654526,,,,,,22.908034053418316,WHIP_WAIT
2025-02-12,SPY,0.1,0,0.3241410934094873,0.6758589065905127,,,,,,22.689876538664112,WHIP_WAIT
2025-02-13,SPY,0.1,0,0.3226844714720556,0.6773155285279444,,,,,,22.58791300304389,WHIP_WAIT
2025-02-14,SPY,0.1,1,0.31466095724777554,0.6853390427522245,,,,,,22.026267007344288,WHIP_WAIT
2025-02-18,SPY,0.0,1,0.2873494080620217,0.7126505919379783,,,,,,20.11445856434152,WHIP_WAIT
2025-02-19,SPY,0.0,0,0.31382459687355174,0.6861754031264482,,,,,,21.967721781148622,WHIP_WAIT
2025-02-20,SPY,0.0,0,0.2783388939855137,0.7216611060144863,,,,,,19.483722578985958,WHIP_WAIT
2025-02-21,SPY,0.1,0,0.2876747782721751,0.7123252217278249,,,,,,20.137234479052257,WHIP_WAIT
2025-02-24,SPY,0.1,0,0.27682848307200375,0.7231715169279962,,,,,,19.377993815040263,WHIP_WAIT
2025-02-25,SPY,0.1,0,0.283574860477298,0.7164251395227019,,,,,,19.85024023341086,WHIP_WAIT
2025-02-26,SPY,0.1,0,0.3239181716659106,0.6760818283340895,,,,,,22.67427201661374,WHIP_WAIT
2025-02-27,SPY,0.2,0,0.2835329176705303,0.7164670823294697,,,,,,19.84730423693712,WHIP_WAIT
2025-02-28,SPY,0.3,0,0.3237740468552426,0.6762259531447574,,,,,,22.664183279866982,WHIP_WAIT
2025-03-03,SPY,0.4,0,0.2804877222817188,0.7195122777182812,,,,,,19.634140559720315,WHIP_WAIT
2025-03-04,SPY,0.5,0,0.2809319432819555,0.7190680567180445,,,,,,19.66523602973688,WHIP_WAIT
2025-03-05,SPY,0.6,0,0.2903423832214821,0.7096576167785179,,,,,,20.323966825503746,WHIP_WAIT
2025-03-06,SPY,0.7,0,0.32127981352458884,0.6787201864754111,,,,,,22.489586946721218,WHIP_WAIT
2025-03-07,SPY,0.7,0,0.2886843575996519,0.7113156424003482,,,,,,20.20790503197563,WHIP_WAIT
2025-03-10,SPY,0.8,0,,,,,,,,35.0,BALANCED_SMALL
2025-03-11,SPY,0.9,0,0.3050739740347258,0.6949260259652742,,,,,,21.355178182430805,WHIP_WAIT
2025-03-12,SPY,1.0,0,0.2828695778185958,0.7171304221814042,,,,,,19.800870447301705,WHIP_WAIT
2025-03-13,SPY,1.0,0,0.287231782757405,0.712768217242595,,,,,,20.106224793018352,WHIP_WAIT
2025-03-14,SPY,1.0,0,0.338593309176332,0.661406690823668,,,,,,23.70153164234324,WHIP_WAIT
2025-03-17,SPY,0.9,0,0.31049121385405287,0.6895087861459471,,,,,,21.7343849697837,WHIP_WAIT
2025-03-18,SPY,0.8,0,0.2856894337543798,0.7143105662456202,,,,,,19.998260362806583,WHIP_WAIT
2025-03-19,SPY,0.8,0,0.32331035352161686,0.6766896464783831,,,,,,22.63172474651318,WHIP_WAIT
2025-03-20,SPY,0.7,0,0.33513570559317246,0.6648642944068275,,,,,,23.459499391522073,WHIP_WAIT
2025-03-21,SPY,0.6,0,0.2846591190146427,0.7153408809853573,,,,,,19.926138331024987,WHIP_WAIT
2025-03-24,SPY,0.5,0,0.32413605426453185,0.6758639457354682,,,,,,22.68952379851723,WHIP_WAIT
2025-03-25,SPY,0.4,1,0.3097978520386894,0.6902021479613105,,,,,,21.68584964270826,WHIP_WAIT
2025-03-26,SPY,0.4,0,0.2841516308510064,0.7158483691489936,,,,,,19.89061415957045,WHIP_WAIT
2025-03-27,SPY,0.3,0,0.3214990835742173,0.6785009164257827,,,,,,22.50493585019521,WHIP_WAIT
2025-03-28,SPY,0.3,0,0.2779807161783063,0.7220192838216937,,,,,,19.458650132481438,WHIP_WAIT
2025-03-31,SPY,0.4,0,0.33505176504286627,0.6649482349571337,,,,,,23.45362355300064,WHIP_WAIT
2025-04-01,SPY,0.5,0,0.33011228543333376,0.6698877145666662,,,,,,23.107859980333362,WHIP_WAIT
2025-04-02,SPY,0.5,0,0.32883781389622097,0.6711621861037791,,,,,,23.018646972735468,WHIP_WAIT
2025-04-03,SPY,0.6,0,0.28309848662068643,0.7169015133793135,,,,,,19.81689406344805,WHIP_WAIT
2025-04-04,SPY,0.7,0,0.27720966086170384,0.7227903391382962,,,,,,19.40467626031927,WHIP_WAIT
2025-04-07,SPY,0.8,0,0.3515135495485207,0.6484864504514793,,,,,,24.60594846839645,WHIP_WAIT
2025-04-08,SPY,0.9,0,0.2825265477578751,0.7174734522421249,,,,,,19.77685834305126,WHIP_WAIT
2025-04-09,SPY,0.9,0,0.3154418977586162,0.6845581022413838,,,,,,22.080932843103135,WHIP_WAIT
2025-04-10,SPY,1.0,0,0.27601820243453945,0.7239817975654605,,,,,,19.321274170417762,WHIP_WAIT
2025-04-11,SPY,1.0,0,0.32388664945546747,0.6761133505445325,,,,,,22.672065461882724,WHIP_WAIT
2025-04-14,SPY,1.0,0,0.2806097793433195,0.7193902206566805,,,,,,19.642684554032364,WHIP_WAIT
2025-04-15,SPY,0.9,0,0.3156280960615722,0.6843719039384277,,,,,,22.093966724310054,WHIP_WAIT
2025-04-16,SPY,0.9,0,0.32316676445940046,0.6768332355405995,,,,,,22.621673512158033,WHIP_WAIT
2025-04-17,SPY,0.8,0,0.2831387145169649,0.7168612854830352,,,,,,19.819710016187543,WHIP_WAIT
2025-04-21,SPY,0.8,0,0.28930982666747423,0.7106901733325257,,,,,,20.251687866723195,WHIP_WAIT
2025-04-22,SPY,0.8,0,0.3327013917120901,0.6672986082879099,,,,,,23.289097419846307,WHIP_WAIT
2025-04-23,SPY,0.8,0,0.28710888989408284,0.7128911101059172,,,,,,20.0976222925858,WHIP_WAIT
2025-04-24,SPY,0.8,0,0.33584248850444365,0.6641575114955564,,,,,,23.508974195311055,WHIP_WAIT
2025-04-25,SPY,0.7,0,0.28594183003836016,0.7140581699616398,,,,,,20.015928102685212,WHIP_WAIT
2025-04-28,SPY,0.7,0,0.2820235818992975,0.7179764181007025,,,,,,19.741650732950824,WHIP_WAIT
2025-04-29,SPY,0.6,0,0.3265599818417017,0.6734400181582982,,,,,,22.859198728919118,WHIP_WAIT
2025-04-30,SPY,0.7,0,0.33242383041822515,0.6675761695817748,,,,,,23.26966812927576,WHIP_WAIT
2025-05-01,SPY,0.6,0,0.32290313430823736,0.6770968656917626,,,,,,22.603219401576617,WHIP_WAIT
2025-05-02,SPY,0.6,0,0.3162991739522883,0.6837008260477118,,,,,,22.14094217666018,WHIP_WAIT
2025-05-05,SPY,0.5,1,0.32258708264965097,0.677412917350349,,,,,,22.58109578547557,WHIP_WAIT
2025-05-06,SPY,0.4,0,0.3295969943979616,0.6704030056020385,,,,,,23.071789607857312,WHIP_WAIT
2025-05-07,SPY,0.3,0,0.2798629413204801,0.7201370586795199,,,,,,19.59040589243361,WHIP_WAIT
2025-05-08,SPY,0.3,0,0.31834490229558166,0.6816550977044183,,,,,,22.284143160690714,WHIP_WAIT
2025-05-09,SPY,0.3,1,0.2807570065890845,0.7192429934109155,,,,,,19.652990461235913,WHIP_WAIT
2025-05-12,SPY,0.3,0,0.2839543893245082,0.7160456106754918,,,,,,19.876807252715576,WHIP_WAIT
2025-05-13,SPY,0.3,1,0.3272469703045506,0.6727530296954494,,,,,,22.90728792131854,WHIP_WAIT
2025-05-14,SPY,0.2,1,0.3151918796710749,0.6848081203289251,,,,,,22.063431576975244,WHIP_WAIT
2025-05-15,SPY,0.2,1,0.3260288049319305,0.6739711950680696,,,,,,22.822016345235134,WHIP_WAIT
2025-05-16,SPY,0.2,1,0.3193318701075208,0.6806681298924793,,,,,,22.353230907526456,WHIP_WAIT
2025-05-19,SPY,0.2,0,0.32855554867404135,0.6714444513259586,,,,,,22.998888407182896,WHIP_WAIT
2025-05-20,SPY,0.2,1,0.28333440759533635,0.7166655924046637,,,,,,19.833408531673545,WHIP_WAIT
2025-05-21,SPY,0.3,0,0.3243060452296618,0.6756939547703382,,,,,,22.701423166076324,WHIP_WAIT
2025-05-22,SPY,0.2,1,0.31658996917907944,0.6834100308209206,,,,,,22.16129784253556,WHIP_WAIT
2025-05-23,SPY,0.2,0,0.32506726213219506,0.6749327378678049,,,,,,22.754708349253654,WHIP_WAIT
2025-05-27,SPY,0.2,0,0.33326812513641935,0.6667318748635807,,,,,,23.328768759549355,WHIP_WAIT
2025-05-28,SPY,0.2,1,0.2945031062554832,0.7054968937445167,,,,,,20.615217437883825,WHIP_WAIT
2025-05-29,SPY,0.2,0,0.277536926528657,0.722463073471343,,,,,,19.427584857005993,WHIP_WAIT
2025-05-30,SPY,0.2,0,0.2861622178987802,0.7138377821012198,,,,,,20.031355252914615,WHIP_WAIT
2025-06-02,SPY,0.2,0,0.3165349057053145,0.6834650942946855,,,,,,22.157443399372017,WHIP_WAIT
2025-06-03,SPY,0.2,1,0.32597358314211583,0.6740264168578842,,,,,,22.81815081994811,WHIP_WAIT
2025-06-04,SPY,0.2,1,0.2830494110879186,0.7169505889120814,,,,,,19.813458776154302,WHIP_WAIT
2025-06-05,SPY,0.1,0,0.3250326161638861,0.6749673838361139,,,,,,22.75228313147203,WHIP_WAIT
2025-06-06,SPY,0.1,0,0.28880116314559096,0.7111988368544091,,,,,,20.216081420191365,WHIP_WAIT
2025-06-09,SPY,0.1,1,0.2837590565973969,0.7162409434026031,,,,,,19.863133961817784,WHIP_WAIT
2025-06-10,SPY,0.0,1,0.32051168660009566,0.6794883133999043,,,,,,22.435818062006696,WHIP_WAIT
2025-06-11,SPY,0.0,1,0.28796264598620025,0.7120373540137998,,,,,,20.15738521903402,WHIP_WAIT
2025-06-12,SPY,0.0,1,0.3186014861649304,0.6813985138350696,,,,,,22.302104031545127,WHIP_WAIT
2025-06-13,SPY,0.0,0,0.32274096606637037,0.6772590339336296,,,,,,22.591867624645925,WHIP_WAIT
2025-06-16,SPY,0.0,0,0.32444146772109844,0.6755585322789015,,,,,,22.71090274047689,WHIP_WAIT
2025-06-17,SPY,0.0,0,0.3157213162361014,0.6842786837638986,,,,,,22.100492136527098,WHIP_WAIT
2025-06-18,SPY,0.0,1,0.3168952099508104,0.6831047900491896,,,,,,22.182664696556728,WHIP_WAIT
2025-06-20,SPY,0.0,0,0.28566883789315073,0.7143311621068493,,,,,,19.996818652520552,WHIP_WAIT
2025-06-23,SPY,0.0,0,0.31132097112515544,0.6886790288748446,,,,,,21.792467978760882,WHIP_WAIT
2025-06-24,SPY,0.0,0,0.3207157711988998,0.6792842288011002,,,,,,22.450103983922986,WHIP_WAIT
2025-06-25,SPY,0.0,1,0.2891822038019432,0.7108177961980569,,,,,,20.242754266136025,WHIP_WAIT
2025-06-26,SPY,0.0,1,0.3262680501307588,0.6737319498692411,,,,,,22.838763509153118,WHIP_WAIT
2025-06-27,SPY,0.0,0,0.32850821234139727,0.6714917876586027,,,,,,22.995574863897808,WHIP_WAIT
2025-06-30,SPY,0.0,1,0.27412335254369324,0.7258766474563068,,,,,,19.188634678058527,WHIP_WAIT
2025-07-01,SPY,0.0,1,0.28873162827310084,0.7112683717268992,,,,,,20.21121397911706,WHIP_WAIT
2025-07-02,SPY,0.0,1,0.3270539242752204,0.6729460757247796,,,,,,22.89377469926543,WHIP_WAIT
2025-07-03,SPY,0.0,0,0.3290860659171569,0.6709139340828432,,,,,,23.036024614200983,WHIP_WAIT
2025-07-07,SPY,0.0,0,0.289516304798044,0.710483695201956,,,,,,20.266141335863082,WHIP_WAIT
2025-07-08,SPY,0.0,1,0.2874226171528677,0.7125773828471322,,,,,,20.11958320070074,WHIP_WAIT
2025-07-09,SPY,0.0,1,0.28844251064862847,0.7115574893513715,,,,,,20.190975745403993,WHIP_WAIT
2025-07-10,SPY,0.0,1,0.3290298306802027,0.6709701693197974,,,,,,23.03208814761419,WHIP_WAIT
2025-07-11,SPY,0.0,1,0.32184254806652574,0.6781574519334743,,,,,,22.5289783646568,WHIP_WAIT
2025-07-14,SPY,0.0,1,0.32947608636754216,0.6705239136324579,,,,,,23.06332604572795,WHIP_WAIT
2025-07-15,SPY,0.0,0,0.2807398040891906,0.7192601959108094,,,,,,19.65178628624334,WHIP_WAIT
2025-07-16,SPY,0.0,0,0.2881826178548104,0.7118173821451896,,,,,,20.17278324983673,WHIP_WAIT
2025-07-17,SPY,0.0,1,0.32669313396182953,0.6733068660381705,,,,,,22.868519377328067,WHIP_WAIT
2025-07-18,SPY,0.0,1,0.2774911150717412,0.7225088849282588,,,,,,19.424378055021883,WHIP_WAIT
2025-07-21,SPY,0.0,1,0.3282362273811512,0.6717637726188488,,,,,,22.976535916680586,WHIP_WAIT
2025-07-22,SPY,0.0,1,0.2863200293691609,0.7136799706308391,,,,,,20.04240205584126,WHIP_WAIT
2025-07-23,SPY,0.0,0,0.2825830446599565,0.7174169553400436,,,,,,19.780813126196954,WHIP_WAIT
2025-07-24,SPY,0.0,1,0.3202924391307617,0.6797075608692382,,,,,,22.42047073915332,WHIP_WAIT
2025-07-25,SPY,0.0,1,0.31993208248083177,0.6800679175191682,,,,,,22.395245773658225,WHIP_WAIT
2025-07-28,SPY,0.0,1,0.2841109955817285,0.7158890044182715,,,,,,19.887769690720994,WHIP_WAIT
2025-07-29,SPY,0.0,0,0.3064087934093412,0.6935912065906589,,,,,,21.448615538653883,WHIP_WAIT
2025-07-30,SPY,0.0,0,0.27916497715267413,0.7208350228473259,,,,,,19.54154840068719,WHIP_WAIT
2025-07-31,SPY,0.0,0,0.2874475476117754,0.7125524523882246,,,,,,20.121328332824277,WHIP_WAIT
2025-08-01,SPY,0.0,0,0.27977756035241397,0.720222439647586,,,,,,19.584429224668977,WHIP_WAIT
2025-08-04,SPY,0.0,0,0.31981422976519136,0.6801857702348086,,,,,,22.386996083563396,WHIP_WAIT
2025-08-05,SPY,0.0,0,0.2868145427031925,0.7131854572968075,,,,,,20.077017989223474,WHIP_WAIT
2025-08-06,SPY,0.0,0,0.33131186995811823,0.6686881300418818,,,,,,23.191830897068275,WHIP_WAIT
2025-08-07,SPY,0.0,0,0.2887287564037253,0.7112712435962747,,,,,,20.211012948260773,WHIP_WAIT
2025-08-08,SPY,0.0,0,0.3205915076005989,0.679408492399401,,,,,,22.441405532041923,WHIP_WAIT
2025-08-11,SPY,0.0,0,0.28356260391060084,0.7164373960893992,,,,,,19.84938227374206,WHIP_WAIT
2025-08-12,SPY,0.0,0,0.32687719305722296,0.673122806942777,,,,,,22.88140351400561,WHIP_WAIT
2025-08-13,SPY,0.0,1,0.2834289948628485,0.7165710051371514,,,,,,19.840029640399397,WHIP_WAIT
2025-08-14,SPY,0.0,1,0.31546004418936174,0.6845399558106382,,,,,,22.082203093255323,WHIP_WAIT
2025-08-15,SPY,0.0,0,0.2891735831165935,0.7108264168834064,,,,,,20.242150818161548,WHIP_WAIT
2025-08-18,SPY,0.0,1,0.284041015306107,0.715958984693893,,,,,,19.882871071427488,WHIP_WAIT
2025-08-19,SPY,0.0,0,0.28787190443872374,0.7121280955612763,,,,,,20.151033310710663,WHIP_WAIT
2025-08-20,SPY,0.0,0,0.2884899211982629,0.7115100788017371,,,,,,20.1942944838784,WHIP_WAIT
2025-08-21,SPY,0.0,0,0.3209111251757172,0.6790888748242828,,,,,,22.4637787623002,WHIP_WAIT
2025-08-22,SPY,0.0,0,0.3330728010214526,0.6669271989785475,,,,,,23.31509607150168,WHIP_WAIT
2025-08-25,SPY,0.0,1,0.31515143135456014,0.6848485686454399,,,,,,22.06060019481921,WHIP_WAIT
2025-08-26,SPY,0.0,0,0.315196003110183,0.684803996889817,,,,,,22.06372021771281,WHIP_WAIT
2025-08-27,SPY,0.0,1,0.32190803125653444,0.6780919687434656,,,,,,22.53356218795741,WHIP_WAIT
2025-08-28,SPY,0.0,0,0.27914958381614463,0.7208504161838554,,,,,,19.540470867130125,WHIP_WAIT
2025-08-29,SPY,0.0,0,0.28843085054056405,0.711569149459436,,,,,,20.190159537839484,WHIP_WAIT
2025-09-02,SPY,0.0,0,0.2909999964668846,0.7090000035331154,,,,,,20.369999752681924,WHIP_WAIT
2025-09-03,SPY,0.0,0,0.284158496134233,0.7158415038657671,,,,,,19.89109472939631,WHIP_WAIT
2025-09-04,SPY,0.0,0,0.31651627872170174,0.6834837212782983,,,,,,22.15613951051912,WHIP_WAIT
2025-09-05,SPY,0.0,0,0.2823329654820468,0.7176670345179532,,,,,,19.763307583743273,WHIP_WAIT
2025-09-08,SPY,0.0,1,0.32009676671229353,0.6799032332877064,,,,,,22.40677366986055,WHIP_WAIT
2025-09-09,SPY,0.0,0,0.2827542357858694,0.7172457642141306,,,,,,19.79279650501086,WHIP_WAIT
2025-09-10,SPY,0.0,0,0.28825257267293075,0.7117474273270692,,,,,,20.177680087105152,WHIP_WAIT
2025-09-11,SPY,0.0,0,0.32865124286007813,0.6713487571399219,,,,,,23.00558700020547,WHIP_WAIT
2025-09-12,SPY,0.0,1,0.2884973016570023,0.7115026983429977,,,,,,20.194811115990163,WHIP_WAIT
2025-09-15,SPY,0.0,0,0.32039287185938314,0.6796071281406169,,,,,,22.42750103015682,WHIP_WAIT
2025-09-16,SPY,0.0,1,0.29074977986261114,0.7092502201373889,,,,,,20.35248459038278,WHIP_WAIT
2025-09-17,SPY,0.0,0,0.287406242117309,0.7125937578826911,,,,,,20.118436948211627,WHIP_WAIT
2025-09-18,SPY,0.0,0,0.32615866068964455,0.6738413393103555,,,,,,22.83110624827512,WHIP_WAIT
2025-09-19,SPY,0.0,0,0.2881041586200948,0.7118958413799052,,,,,,20.167291103406637,WHIP_WAIT
2025-09-22,SPY,0.0,0,0.3230858148903866,0.6769141851096134,,,,,,22.616007042327062,WHIP_WAIT
2025-09-23,SPY,0.0,0,0.2889544965638105,0.7110455034361896,,,,,,20.226814759466734,WHIP_WAIT
2025-09-24,SPY,0.0,0,0.28594438953495926,0.7140556104650407,,,,,,20.016107267447147,WHIP_WAIT
2025-09-25,SPY,0.0,0,0.32589078185643483,0.6741092181435652,,,,,,22.81235472995044,WHIP_WAIT
2025-09-26,SPY,0.0,0,0.28842537872804735,0.7115746212719527,,,,,,20.189776510963316,WHIP_WAIT
2025-09-29,SPY,0.0,0,0.28407984996516933,0.7159201500348307,,,,,,19.885589497561853,WHIP_WAIT
2025-09-30,SPY,0.0,0,0.2872625736190902,0.7127374263809099,,,,,,20.108380153336313,WHIP_WAIT
2025-10-01,SPY,0.0,0,0.33350485961819026,0.6664951403818098,,,,,,23.345340173273318,WHIP_WAIT
2025-10-02,SPY,0.0,0,0.2867525589255132,0.7132474410744868,,,,,,20.072679124785925,WHIP_WAIT
2025-10-03,SPY,0.0,0,0.316856735731378,0.6831432642686219,,,,,,22.179971501196462,WHIP_WAIT
2025-10-06,SPY,0.0,1,0.2747703025287875,0.7252296974712125,,,,,,19.233921177015123,WHIP_WAIT
2025-10-07,SPY,0.0,0,0.3037289702628594,0.6962710297371406,,,,,,21.261027918400156,WHIP_WAIT
2025-10-08,SPY,0.0,0,0.3317319434221467,0.6682680565778534,,,,,,23.221236039550266,WHIP_WAIT
2025-10-09,SPY,0.0,0,0.28418642196436456,0.7158135780356354,,,,,,19.89304953750552,WHIP_WAIT
2025-10-10,SPY,0.1,0,0.3034925096881155,0.6965074903118845,,,,,,21.244475678168083,WHIP_WAIT
2025-10-13,SPY,0.1,0,0.31681113626866264,0.6831888637313374,,,,,,22.176779538806386,WHIP_WAIT
2025-10-14,SPY,0.2,0,0.3304607157974566,0.6695392842025434,,,,,,23.132250105821964,WHIP_WAIT
2025-10-15,SPY,0.3,0,0.2878839715983831,0.7121160284016169,,,,,,20.151878011886815,WHIP_WAIT
2025-10-16,SPY,0.4,0,0.2869108447596604,0.7130891552403396,,,,,,20.083759133176226,WHIP_WAIT
2025-10-17,SPY,0.4,0,0.315851459416494,0.6841485405835059,,,,,,22.10960215915458,WHIP_WAIT
2025-10-20,SPY,0.4,0,0.3248775830992443,0.6751224169007557,,,,,,22.7414308169471,WHIP_WAIT
2025-10-21,SPY,0.4,1,0.3154843998038725,0.6845156001961274,,,,,,22.083907986271075,WHIP_WAIT
2025-10-22,SPY,0.4,0,0.289020081260992,0.710979918739008,,,,,,20.23140568826944,WHIP_WAIT
2025-10-23,SPY,0.4,0,0.3204420935770269,0.6795579064229731,,,,,,22.430946550391884,WHIP_WAIT
2025-10-24,SPY,0.3,0,0.32139928333496115,0.6786007166650389,,,,,,22.49794983344728,WHIP_WAIT
2025-10-27,SPY,0.3,0,0.3251019427873614,0.6748980572126386,,,,,,22.757135995115295,WHIP_WAIT
2025-10-28,SPY,0.2,0,0.290580129217172,0.709419870782828,,,,,,20.34060904520204,WHIP_WAIT
2025-10-29,SPY,0.1,0,0.28789889363974225,0.7121011063602578,,,,,,20.152922554781956,WHIP_WAIT
2025-10-30,SPY,0.0,0,0.28839103971092456,0.7116089602890754,,,,,,20.18737277976472,WHIP_WAIT
2025-10-31,SPY,0.0,0,0.2817508274344241,0.718249172565576,,,,,,19.722557920409685,WHIP_WAIT
2025-11-03,SPY,0.0,0,0.2799183909379754,0.7200816090620246,,,,,,19.59428736565828,WHIP_WAIT
2025-11-04,SPY,0.0,0,0.32229932567772623,0.6777006743222738,,,,,,22.560952797440837,WHIP_WAIT
2025-11-05,SPY,0.0,0,0.3296186213498221,0.6703813786501779,,,,,,23.073303494487547,WHIP_WAIT
2025-11-06,SPY,0.0,0,0.28049042424678317,0.7195095757532168,,,,,,19.634329697274822,WHIP_WAIT
2025-11-07,SPY,0.0,0,0.2792040881597763,0.7207959118402236,,,,,,19.544286171184343,WHIP_WAIT
2025-11-10,SPY,0.0,0,0.2907050743006283,0.7092949256993717,,,,,,20.34935520104398,WHIP_WAIT
2025-11-11,SPY,0.0,0,0.28824892951487396,0.711751070485126,,,,,,20.177425066041177,WHIP_WAIT
2025-11-12,SPY,0.0,1,0.2894603557613465,0.7105396442386536,,,,,,20.262224903294253,WHIP_WAIT
2025-11-13,SPY,0.1,0,0.2850218319393331,0.7149781680606668,,,,,,19.95152823575332,WHIP_WAIT
2025-11-14,SPY,0.2,0,0.3378204306995921,0.6621795693004079,,,,,,23.64743014897145,WHIP_WAIT
2025-11-17,SPY,0.3,0,0.31819948830949013,0.6818005116905099,,,,,,22.273964181664308,WHIP_WAIT
2025-11-18,SPY,0.3,0,0.3195805516679841,0.6804194483320158,,,,,,22.37063861675889,WHIP_WAIT
2025-11-19,SPY,0.3,0,0.3060899599381693,0.6939100400618308,,,,,,21.42629719567185,WHIP_WAIT
2025-11-20,SPY,0.4,0,0.2940510347953721,0.7059489652046279,,,,,,20.583572435676047,WHIP_WAIT
2025-11-21,SPY,0.5,0,0.3182239074196148,0.6817760925803852,,,,,,22.275673519373036,WHIP_WAIT
2025-11-24,SPY,0.5,0,0.3321327947854277,0.6678672052145723,,,,,,23.249295634979937,WHIP_WAIT
2025-11-25,SPY,0.6,0,0.32283452997698264,0.6771654700230174,,,,,,22.598417098388786,WHIP_WAIT
2025-11-26,SPY,0.6,0,0.3316625581471578,0.6683374418528423,,,,,,23.216379070301045,WHIP_WAIT
2025-11-28,SPY,0.5,1,0.32111227718521795,0.678887722814782,,,,,,22.477859402965258,WHIP_WAIT
2025-12-01,SPY,0.4,0,0.3238196035606107,0.6761803964393893,,,,,,22.667372249242746,WHIP_WAIT
2025-12-02,SPY,0.3,0,0.2838156326343866,0.7161843673656134,,,,,,19.86709428440706,WHIP_WAIT
2025-12-03,SPY,0.3,0,0.3228827579077699,0.6771172420922301,,,,,,22.60179305354389,WHIP_WAIT
2025-12-04,SPY,0.3,1,0.28068080722641475,0.7193191927735852,,,,,,19.64765650584903,WHIP_WAIT
2025-12-05,SPY,0.2,1,0.29308196818708737,0.7069180318129127,,,,,,20.515737773096117,WHIP_WAIT
2025-12-08,SPY,0.1,0,0.29446439738223434,0.7055356026177657,,,,,,20.612507816756406,WHIP_WAIT
2025-12-09,SPY,0.1,1,0.3167536717674254,0.6832463282325746,,,,,,22.17275702371978,WHIP_WAIT
2025-12-10,SPY,0.0,0,0.31564194274332424,0.6843580572566758,,,,,,22.094935992032696,WHIP_WAIT
2025-12-11,SPY,0.0,0,0.3113544689475828,0.6886455310524172,,,,,,21.794812826330794,WHIP_WAIT
2025-12-12,SPY,0.0,0,0.28680046751904403,0.7131995324809559,,,,,,20.076032726333082,WHIP_WAIT
2025-12-15,SPY,0.0,0,0.2857813736542926,0.7142186263457073,,,,,,20.004696155800485,WHIP_WAIT
2025-12-16,SPY,0.0,0,0.28152470505570054,0.7184752949442994,,,,,,19.70672935389904,WHIP_WAIT
2025-12-17,SPY,0.0,0,0.287775725766366,0.712224274233634,,,,,,20.14430080364562,WHIP_WAIT
2025-12-18,SPY,0.0,0,0.3184260284808961,0.6815739715191039,,,,,,22.289821993662724,WHIP_WAIT
2025-12-19,SPY,0.0,0,0.3191671145887344,0.6808328854112655,,,,,,22.34169802121141,WHIP_WAIT
2025-12-22,SPY,0.0,0,0.31518473632147825,0.6848152636785217,,,,,,22.062931542503478,WHIP_WAIT
2025-12-23,SPY,0.0,1,0.3273596685842015,0.6726403314157985,,,,,,22.915176800894105,WHIP_WAIT
2025-12-24,SPY,0.0,1,0.33347698196080333,0.6665230180391967,,,,,,23.343388737256234,WHIP_WAIT
2025-12-26,SPY,0.0,1,0.2880258658973108,0.7119741341026893,,,,,,20.161810612811752,WHIP_WAIT
2025-12-29,SPY,0.0,1,0.2875764160337456,0.7124235839662544,,,,,,20.130349122362194,WHIP_WAIT
2025-12-30,SPY,0.0,1,0.3145278332695575,0.6854721667304424,,,,,,22.016948328869027,WHIP_WAIT
2025-12-31,SPY,0.0,0,0.2812360469710201,0.7187639530289799,,,,,,19.686523287971408,WHIP_WAIT
2026-01-02,SPY,0.0,0,0.28342041183002425,0.7165795881699757,,,,,,19.8394288281017,WHIP_WAIT
2026-01-05,SPY,0.0,0,0.32737676614633754,0.6726232338536624,,,,,,22.916373630243626,WHIP_WAIT
2026-01-06,SPY,0.0,0,0.3154829317535885,0.6845170682464115,,,,,,22.083805222751195,WHIP_WAIT
2026-01-07,SPY,0.0,0,0.31549577098279163,0.6845042290172083,,,,,,22.084703968795413,WHIP_WAIT
2026-01-08,SPY,0.0,1,0.3250462576894184,0.6749537423105816,,,,,,22.75323803825929,WHIP_WAIT
2026-01-09,SPY,0.0,0,0.32302961269518965,0.6769703873048103,,,,,,22.612072888663274,WHIP_WAIT
2026-01-12,SPY,0.0,0,0.3242209507793326,0.6757790492206674,,,,,,22.69546655455328,WHIP_WAIT
2026-01-13,SPY,0.0,0,0.2827219346337197,0.7172780653662802,,,,,,19.790535424360378,WHIP_WAIT
2026-01-14,SPY,0.0,0,0.2844856116495151,0.7155143883504849,,,,,,19.913992815466056,WHIP_WAIT
2026-01-15,SPY,0.0,0,0.3147539287079083,0.6852460712920917,,,,,,22.032775009553582,WHIP_WAIT
2026-01-16,SPY,0.0,1,0.2788007789631686,0.7211992210368314,,,,,,19.516054527421804,WHIP_WAIT
2026-01-20,SPY,0.0,0,0.311867189746932,0.6881328102530679,,,,,,21.830703282285242,WHIP_WAIT
2026-01-21,SPY,0.1,0,0.32217412960729885,0.6778258703927011,,,,,,22.55218907251092,WHIP_WAIT
2026-01-22,SPY,0.1,0,0.3193387610891026,0.6806612389108975,,,,,,22.35371327623718,WHIP_WAIT
2026-01-23,SPY,0.1,1,0.32683835417758694,0.673161645822413,,,,,,22.878684792431088,WHIP_WAIT
2026-01-26,SPY,0.1,0,0.3179537015977358,0.6820462984022642,,,,,,22.256759111841504,WHIP_WAIT
2026-01-27,SPY,0.1,1,0.3215377322298157,0.6784622677701844,,,,,,22.507641256087098,WHIP_WAIT
2026-01-28,SPY,0.1,1,0.28832395948289213,0.7116760405171079,,,,,,20.18267716380245,WHIP_WAIT
2026-01-29,SPY,0.2,0,0.2782536451828828,0.7217463548171172,,,,,,19.477755162801795,WHIP_WAIT
2026-01-30,SPY,0.2,0,0.30995473223339415,0.6900452677666058,,,,,,21.69683125633759,WHIP_WAIT
2026-02-02,SPY,0.2,0,0.32749122468637243,0.6725087753136276,,,,,,22.92438572804607,WHIP_WAIT
2026-02-03,SPY,0.3,0,0.2813909505268639,0.7186090494731361,,,,,,19.697366536880473,WHIP_WAIT
2026-02-04,SPY,0.2,0,0.28334666481751075,0.7166533351824893,,,,,,19.83426653722575,WHIP_WAIT
2026-02-05,SPY,0.2,0,0.2872600179578287,0.7127399820421714,,,,,,20.10820125704801,WHIP_WAIT
2026-02-06,SPY,0.3,0,0.32362401175524774,0.6763759882447522,,,,,,22.653680822867344,WHIP_WAIT
2026-02-09,SPY,0.3,0,0.3365947363441908,0.6634052636558092,,,,,,23.561631544093355,WHIP_WAIT
2026-02-10,SPY,0.3,0,0.28814526563183196,0.711854734368168,,,,,,20.170168594228237,WHIP_WAIT
2026-02-11,SPY,0.3,0,0.2792311969652291,0.720768803034771,,,,,,19.546183787566036,WHIP_WAIT
2026-02-12,SPY,0.3,0,0.2889154136765525,0.7110845863234475,,,,,,20.224078957358675,WHIP_WAIT
2026-02-13,SPY,0.3,0,0.328276156796715,0.671723843203285,,,,,,22.97933097577005,WHIP_WAIT
2026-02-17,SPY,0.3,0,0.32177281524748497,0.678227184752515,,,,,,22.524097067323947,WHIP_WAIT
2026-02-18,SPY,0.2,0,0.33101327067797875,0.6689867293220213,,,,,,23.170928947458513,WHIP_WAIT
2026-02-19,SPY,0.2,0,0.2927333010435704,0.7072666989564296,,,,,,20.49133107304993,WHIP_WAIT
2026-02-20,SPY,0.2,0,0.32865541405624793,0.6713445859437521,,,525.0,23.850136260768664,,23.005878983937354,WHIP_WAIT
2026-02-23,SPY,0.1,0,0.29215910149839136,0.7078408985016087,,,650.0,4.746554602667304,,20.451137104887394,WHIP_WAIT
2026-02-24,SPY,0.1,0,0.3159073265251804,0.6840926734748196,,,660.0,,,22.113512856762625,WHIP_WAIT
