date,symbol,ovl_vix,ovl_vix3m,ovl_vix_term,ovl_rates10y,ovl_darkpool,ovl_tariff,ovl_vix_contango,dp_shares_z_26w,dp_trades_vs_13w,dp_shares_vs_13w,dp_avg_trade_size
2024-01-31,SPY,0.0,0.0,0.0,0.0,0.0,,0.0,,1.1942876424569433,1.0806384462730028,282.04754677606775
2024-02-01,SPY,0.0,0.0,0.0,0.0,0.0,,0.0,,1.1942876424569433,1.0806384462730028,282.04754677606775
2024-02-02,SPY,0.0,0.0,0.0,0.0,0.0,,0.0,,1.1942876424569433,1.0806384462730028,282.04754677606775
2024-02-05,SPY,0.0,0.0,0.0,0.0,0.0,,0.0,,0.9090674404010749,0.856762689413805,290.7877275981765
2024-02-06,SPY,0.0,0.0,0.0,0.0,0.0,,0.0,,0.9090674404010749,0.856762689413805,290.7877275981765
2024-02-07,SPY,0.0,0.0,0.0,0.0,0.0,,0.0,,0.9090674404010749,0.856762689413805,290.7877275981765
2024-02-08,SPY,0.0,0.0,0.0,0.5583549617500747,0.0,,0.0,,0.9090674404010749,0.856762689413805,290.7877275981765
2024-02-09,SPY,0.0,0.0,0.0,0.0,0.0,,0.0,,0.9090674404010749,0.856762689413805,290.7877275981765
2024-02-12,SPY,0.0,0.0,0.0,0.0,0.0,,0.0,,1.1170994375834147,1.002890849104523,271.72088541459516
2024-02-13,SPY,0.0,0.0,0.31395011901966036,0.2896625984062582,0.0,,0.0,,1.1170994375834147,1.002890849104523,271.72088541459516
2024-02-14,SPY,0.0,0.0,0.0,0.10600825511204404,0.0,,0.0,,1.1170994375834147,1.002890849104523,271.72088541459516
2024-02-15,SPY,0.0,0.0,0.0,0.0,0.0,,0.0,,1.1170994375834147,1.002890849104523,271.72088541459516
2024-02-16,SPY,0.0,0.0,0.0,0.0,0.0,,0.0,,1.1170994375834147,1.002890849104523,271.72088541459516
2024-02-20,SPY,0.0,0.0,0.32621901590691776,0.0,0.0,,0.0,-1.556643512238624,0.9107305020821231,0.6564687096698887,210.61139782338225
2024-02-21,SPY,0.0,0.0,0.41036799103115573,0.0,0.0,,0.0,-1.556643512238624,0.9107305020821231,0.6564687096698887,210.61139782338225
2024-02-22,SPY,0.0,0.0,0.059913182407275244,0.0,0.0,,0.0,-1.556643512238624,0.9107305020821231,0.6564687096698887,210.61139782338225
2024-02-23,SPY,0.0,0.0,0.0,0.0,0.0,,0.0,-1.556643512238624,0.9107305020821231,0.6564687096698887,210.61139782338225
2024-02-26,SPY,0.0,0.0,0.0,0.0,0.0,,0.0,-0.7372115927946425,0.8850264593685714,0.8384449143988216,275.2264663134699
2024-02-27,SPY,0.0,0.0,0.0,0.0,0.0,,0.0,-0.7372115927946425,0.8850264593685714,0.8384449143988216,275.2264663134699
2024-02-28,SPY,0.0,0.0,0.0,0.0,0.0,,0.0,-0.7372115927946425,0.8850264593685714,0.8384449143988216,275.2264663134699
2024-02-29,SPY,0.0,0.0,0.0,0.0,0.0,,0.0,-0.7372115927946425,0.8850264593685714,0.8384449143988216,275.2264663134699
2024-03-01,SPY,0.0,0.0,0.0,0.0,0.0,,0.0,-0.7372115927946425,0.8850264593685714,0.8384449143988216,275.2264663134699
2024-03-04,SPY,0.0,0.0,0.0,0.0,0.0,,0.0,-0.8954782161118594,1.0227247799642811,0.8007706934767522,221.98028320632622
2024-03-05,SPY,0.0,0.0,0.0,0.0,0.0,,0.0,-0.8954782161118594,1.0227247799642811,0.8007706934767522,221.98028320632622
2024-03-06,SPY,0.0,0.0,0.0,0.0,0.0,,0.0,-0.8954782161118594,1.0227247799642811,0.8007706934767522,221.98028320632622
2024-03-07,SPY,0.0,0.0,0.0,0.0,0.0,,0.0,-0.8954782161118594,1.0227247799642811,0.8007706934767522,221.98028320632622
2024-03-08,SPY,0.0,0.0,0.0,0.0,0.0,,0.0,-0.8954782161118594,1.0227247799642811,0.8007706934767522,221.98028320632622
2024-03-11,SPY,0.0,0.0,0.19881570202840773,0.0,0.37436965137435374,,0.0,1.5615544770615306,1.1473708834208358,1.3709971197584767,346.6319141601004
2024-03-12,SPY,0.0,0.0,0.0,0.0,0.37436965137435374,,0.0,1.5615544770615306,1.1473708834208358,1.3709971197584767,346.6319141601004
2024-03-13,SPY,0.0,0.0,0.0,0.0,0.37436965137435374,,0.0,1.5615544770615306,1.1473708834208358,1.3709971197584767,346.6319141601004
2024-03-14,SPY,0.0,0.0,0.0,0.22612925950205,0.37436965137435374,,0.0,1.5615544770615306,1.1473708834208358,1.3709971197584767,346.6319141601004
2024-03-15,SPY,0.0,0.0,0.0,0.31501640370575457,0.37436965137435374,,0.0,1.5615544770615306,1.1473708834208358,1.3709971197584767,346.6319141601004
2024-03-18,SPY,0.0,0.0,0.0,0.4001359046069582,0.0,,0.0,-0.23297352309125677,0.9162111105137851,0.9468271524451107,300.6161173573956
2024-03-19,SPY,0.0,0.0,0.0,0.0,0.0,,0.0,-0.23297352309125677,0.9162111105137851,0.9468271524451107,300.6161173573956
2024-03-20,SPY,0.0,0.0,0.0,0.0,0.0,,0.0,-0.23297352309125677,0.9162111105137851,0.9468271524451107,300.6161173573956
2024-03-21,SPY,0.0,0.0,0.0,0.0,0.0,,0.0,-0.23297352309125677,0.9162111105137851,0.9468271524451107,300.6161173573956
2024-03-22,SPY,0.0,0.0,0.0,0.0,0.0,,0.0,-0.23297352309125677,0.9162111105137851,0.9468271524451107,300.6161173573956
2024-03-25,SPY,0.0,0.0,0.0,0.0,0.0,,0.0,0.4120729415119521,0.6819819273218908,1.0900629017152677,480.89158131710457
2024-03-26,SPY,0.0,0.0,0.0,0.0,0.0,,0.0,0.4120729415119521,0.6819819273218908,1.0900629017152677,480.89158131710457
2024-03-27,SPY,0.0,0.0,0.0,0.0,0.0,,0.0,0.4120729415119521,0.6819819273218908,1.0900629017152677,480.89158131710457
2024-03-28,SPY,0.0,0.0,0.0,0.0,0.0,,0.0,0.4120729415119521,0.6819819273218908,1.0900629017152677,480.89158131710457
2024-04-01,SPY,0.0,0.0,0.0,0.0,0.0,,0.0,-0.3385423735818234,0.9997886663770493,0.9545473740661871,279.6472004790806
2024-04-02,SPY,0.0,0.0,0.0,0.0,0.0,,0.0,-0.3385423735818234,0.9997886663770493,0.9545473740661871,279.6472004790806
2024-04-03,SPY,0.0,0.0,0.0,0.0,0.0,1.0,0.0,-0.3385423735818234,0.9997886663770493,0.9545473740661871,279.6472004790806
2024-04-04,SPY,0.0,0.0,0.6781296905143869,0.0,0.0,,0.0,-0.3385423735818234,0.9997886663770493,0.9545473740661871,279.6472004790806
2024-04-05,SPY,0.0,0.0,0.3455570564584858,0.16661598364656674,0.0,,0.0,-0.3385423735818234,0.9997886663770493,0.9545473740661871,279.6472004790806
2024-04-08,SPY,0.0,0.0,0.08279533706326599,0.0,0.0,,0.0,-0.7384917434921328,1.0669247764334562,0.8547917657303474,233.56805954371904
2024-04-09,SPY,0.0,0.0,0.0,0.0,0.0,,0.0,-0.7384917434921328,1.0669247764334562,0.8547917657303474,233.56805954371904
2024-04-10,SPY,0.0,0.0,0.231927591065201,0.17512670712296044,0.0,,0.0,-0.7384917434921328,1.0669247764334562,0.8547917657303474,233.56805954371904
2024-04-11,SPY,0.0,0.0,0.0,0.4581457405407751,0.0,1.0,0.0,-0.7384917434921328,1.0669247764334562,0.8547917657303474,233.56805954371904
2024-04-12,SPY,0.0787332315255509,0.0,0.6013816271880582,0.0,0.0,,-0.0787332315255509,-0.7384917434921328,1.0669247764334562,0.8547917657303474,233.56805954371904
2024-04-15,SPY,0.678368433217211,0.1555773501025719,1.0,0.2544784140691136,0.0,,-0.5227910831146391,-0.2573876124803708,1.1594085095576472,0.9689228980604047,236.57991689800176
2024-04-16,SPY,0.4175007003183775,0.0,0.9580189295513888,0.7210269771950605,0.0,,-0.4175007003183775,-0.2573876124803708,1.1594085095576472,0.9689228980604047,236.57991689800176
2024-04-17,SPY,0.3601802399952083,0.0,0.8343328255357635,0.0,0.0,,-0.3601802399952083,-0.2573876124803708,1.1594085095576472,0.9689228980604047,236.57991689800176
2024-04-18,SPY,0.29018563747345355,0.0,0.7297369750942231,0.0,0.0,,-0.29018563747345355,-0.2573876124803708,1.1594085095576472,0.9689228980604047,236.57991689800176
2024-04-19,SPY,0.5043855056030523,0.0813460711912047,0.8252543478580779,0.0,0.0,,-0.4230394344118476,-0.2573876124803708,1.1594085095576472,0.9689228980604047,236.57991689800176
2024-04-22,SPY,0.0,0.0,0.6400355374675484,0.0,0.0,,0.0,-1.1631282364476443,0.9444198738701076,0.7770810261750698,227.7103871154504
2024-04-23,SPY,0.0,0.0,0.3204434629469171,0.0,0.0,,0.0,-1.1631282364476443,0.9444198738701076,0.7770810261750698,227.7103871154504
2024-04-24,SPY,0.0,0.0,0.42712542010698246,0.0,0.0,1.0,0.0,-1.1631282364476443,0.9444198738701076,0.7770810261750698,227.7103871154504
2024-04-25,SPY,0.0,0.0,0.27650232961904253,0.0,0.0,,0.0,-1.1631282364476443,0.9444198738701076,0.7770810261750698,227.7103871154504
2024-04-26,SPY,0.0,0.0,0.041583644355871474,0.0,0.0,,0.0,-1.1631282364476443,0.9444198738701076,0.7770810261750698,227.7103871154504
2024-04-29,SPY,0.0,0.0,0.0,0.0,0.0,,0.0,-1.081958254790528,1.0359734585890092,0.8080474576001722,211.40215360369143
2024-04-30,SPY,0.0,0.0,0.32489625195792815,0.0,0.0,,0.0,-1.081958254790528,1.0359734585890092,0.8080474576001722,211.40215360369143
2024-05-01,SPY,0.0,0.0,0.09857533432992804,0.0,0.0,,0.0,-1.081958254790528,1.0359734585890092,0.8080474576001722,211.40215360369143
2024-05-02,SPY,0.0,0.0,0.0,0.0,0.0,,0.0,-1.081958254790528,1.0359734585890092,0.8080474576001722,211.40215360369143
2024-05-03,SPY,0.0,0.0,0.0,0.0,0.0,,0.0,-1.081958254790528,1.0359734585890092,0.8080474576001722,211.40215360369143
2024-05-06,SPY,0.0,0.0,0.0,0.0,0.0,,0.0,-2.108743550368802,0.8390686417414885,0.5012759795169079,156.6605988955747
2024-05-07,SPY,0.0,0.0,0.0,0.0,0.0,,0.0,-2.108743550368802,0.8390686417414885,0.5012759795169079,156.6605988955747
2024-05-08,SPY,0.0,0.0,0.0,0.0,0.0,,0.0,-2.108743550368802,0.8390686417414885,0.5012759795169079,156.6605988955747
2024-05-09,SPY,0.0,0.0,0.0,0.0,0.0,,0.0,-2.108743550368802,0.8390686417414885,0.5012759795169079,156.6605988955747
2024-05-10,SPY,0.0,0.0,0.0,0.0,0.0,,0.0,-2.108743550368802,0.8390686417414885,0.5012759795169079,156.6605988955747
2024-05-13,SPY,0.0,0.0,0.0,0.0,0.0,,0.0,-0.8633651538839809,0.935746542520372,0.8499172160776463,235.64533792963226
2024-05-14,SPY,0.0,0.0,0.0,0.0,0.0,,0.0,-0.8633651538839809,0.935746542520372,0.8499172160776463,235.64533792963226
2024-05-15,SPY,0.0,0.0,0.0,0.0,0.0,,0.0,-0.8633651538839809,0.935746542520372,0.8499172160776463,235.64533792963226
2024-05-16,SPY,0.0,0.0,0.0,0.0,0.0,,0.0,-0.8633651538839809,0.935746542520372,0.8499172160776463,235.64533792963226
2024-05-17,SPY,0.0,0.0,0.0,0.0,0.0,,0.0,-0.8633651538839809,0.935746542520372,0.8499172160776463,235.64533792963226
2024-05-20,SPY,0.0,0.0,0.0,0.0,0.0,,0.0,-1.175986572365679,0.7446212353388385,0.7459317988713733,263.83911647678565
2024-05-21,SPY,0.0,0.0,0.0,0.0,0.0,,0.0,-1.175986572365679,0.7446212353388385,0.7459317988713733,263.83911647678565
2024-05-22,SPY,0.0,0.0,0.0,0.0,0.0,,0.0,-1.175986572365679,0.7446212353388385,0.7459317988713733,263.83911647678565
2024-05-23,SPY,0.0,0.0,0.0,0.0,0.0,,0.0,-1.175986572365679,0.7446212353388385,0.7459317988713733,263.83911647678565
2024-05-24,SPY,0.0,0.0,0.0,0.0,0.0,,0.0,-1.175986572365679,0.7446212353388385,0.7459317988713733,263.83911647678565
2024-05-28,SPY,0.0,0.0,0.0,0.0,0.0,,0.0,-0.8237732069144863,0.7359761714143057,0.8444379509399861,303.81791253573385
2024-05-29,SPY,0.0,0.0,0.011519156669614894,0.1336225273136867,0.0,,0.0,-0.8237732069144863,0.7359761714143057,0.8444379509399861,303.81791253573385
2024-05-30,SPY,0.0,0.0,0.06691577002053961,0.0,0.0,,0.0,-0.8237732069144863,0.7359761714143057,0.8444379509399861,303.81791253573385
2024-05-31,SPY,0.0,0.0,0.0,0.0,0.0,,0.0,-0.8237732069144863,0.7359761714143057,0.8444379509399861,303.81791253573385
2024-06-03,SPY,0.0,0.0,0.0,0.0,0.0,,0.0,-1.5291684991695322,0.7667902241104891,0.6264333536027339,217.08765956935787
2024-06-04,SPY,0.0,0.0,0.0,0.0,0.0,,0.0,-1.5291684991695322,0.7667902241104891,0.6264333536027339,217.08765956935787
2024-06-05,SPY,0.0,0.0,0.0,0.0,0.0,,0.0,-1.5291684991695322,0.7667902241104891,0.6264333536027339,217.08765956935787
2024-06-06,SPY,0.0,0.0,0.0,0.0,0.0,,0.0,-1.5291684991695322,0.7667902241104891,0.6264333536027339,217.08765956935787
2024-06-07,SPY,0.0,0.0,0.0,0.0,0.0,,0.0,-1.5291684991695322,0.7667902241104891,0.6264333536027339,217.08765956935787
2024-06-10,SPY,0.0,0.0,0.0,0.0,0.0,,0.0,-0.911836781419809,0.9118743521221861,0.8578770699570155,240.49408402817974
2024-06-11,SPY,0.0,0.0,0.0,0.0,0.0,,0.0,-0.911836781419809,0.9118743521221861,0.8578770699570155,240.49408402817974
2024-06-12,SPY,0.0,0.0,0.0,0.0,0.0,,0.0,-0.911836781419809,0.9118743521221861,0.8578770699570155,240.49408402817974
2024-06-13,SPY,0.0,0.0,0.0,0.0,0.0,,0.0,-0.911836781419809,0.9118743521221861,0.8578770699570155,240.49408402817974
2024-06-14,SPY,0.0,0.0,0.0,0.0,0.0,,0.0,-0.911836781419809,0.9118743521221861,0.8578770699570155,240.49408402817974
2024-06-17,SPY,0.0,0.0,0.0,0.0,0.0,,0.0,0.8401434382620045,0.840241374788784,1.405873560637671,441.5737117234463
2024-06-18,SPY,0.0,0.0,0.0,0.0,0.0,,0.0,0.8401434382620045,0.840241374788784,1.405873560637671,441.5737117234463
2024-06-20,SPY,0.0,0.0,0.0,0.0,0.0,,0.0,0.8401434382620045,0.840241374788784,1.405873560637671,441.5737117234463
2024-06-21,SPY,0.0,0.0,0.0,0.0,0.0,,0.0,0.8401434382620045,0.840241374788784,1.405873560637671,441.5737117234463
2024-06-24,SPY,0.0,0.0,0.0,0.0,0.0,,0.0,-0.47067786163108755,0.9071791848219465,1.027368145068557,285.97139279165987
2024-06-25,SPY,0.0,0.0,0.0,0.0,0.0,,0.0,-0.47067786163108755,0.9071791848219465,1.027368145068557,285.97139279165987
2024-06-26,SPY,0.0,0.0,0.0,0.0,0.0,,0.0,-0.47067786163108755,0.9071791848219465,1.027368145068557,285.97139279165987
2024-06-27,SPY,0.0,0.0,0.0,0.0,0.0,,0.0,-0.47067786163108755,0.9071791848219465,1.027368145068557,285.97139279165987
2024-06-28,SPY,0.0,0.0,0.0,0.0,0.0,,0.0,-0.47067786163108755,0.9071791848219465,1.027368145068557,285.97139279165987
2024-07-01,SPY,0.0,0.0,0.0,0.3986311519511318,0.0,,0.0,-1.287355401955261,0.6560997529334361,0.7803017719114796,300.2722776790191
2024-07-02,SPY,0.0,0.0,0.0,0.2519526502816589,0.0,,0.0,-1.287355401955261,0.6560997529334361,0.7803017719114796,300.2722776790191
2024-07-03,SPY,0.0,0.0,0.0,0.0,0.0,,0.0,-1.287355401955261,0.6560997529334361,0.7803017719114796,300.2722776790191
2024-07-05,SPY,0.0,0.0,0.0,0.0,0.0,,0.0,-1.287355401955261,0.6560997529334361,0.7803017719114796,300.2722776790191
2024-07-08,SPY,0.0,0.0,0.0,0.0,0.0,,0.0,-1.0895570465216824,0.909051230570946,0.8458593566554922,235.58982687039287
2024-07-09,SPY,0.0,0.0,0.0,0.0,0.0,,0.0,-1.0895570465216824,0.909051230570946,0.8458593566554922,235.58982687039287
2024-07-10,SPY,0.0,0.0,0.0,0.0,0.0,,0.0,-1.0895570465216824,0.909051230570946,0.8458593566554922,235.58982687039287
2024-07-11,SPY,0.0,0.0,0.0,0.0,0.0,,0.0,-1.0895570465216824,0.909051230570946,0.8458593566554922,235.58982687039287
2024-07-12,SPY,0.0,0.0,0.0,0.0,0.0,,0.0,-1.0895570465216824,0.909051230570946,0.8458593566554922,235.58982687039287
2024-07-15,SPY,0.0,0.0,0.0,0.0,0.0,,0.0,0.11843622705242593,1.072392168590999,1.2372675625976592,298.6268985512973
2024-07-16,SPY,0.0,0.0,0.0,0.0,0.0,,0.0,0.11843622705242593,1.072392168590999,1.2372675625976592,298.6268985512973
2024-07-17,SPY,0.0,0.0,0.0,0.0,0.0,,0.0,0.11843622705242593,1.072392168590999,1.2372675625976592,298.6268985512973
2024-07-18,SPY,0.0,0.0,0.6238693147464169,0.0,0.0,,0.0,0.11843622705242593,1.072392168590999,1.2372675625976592,298.6268985512973
2024-07-19,SPY,0.0,0.0,0.6222298818841328,0.0,0.0,,0.0,0.11843622705242593,1.072392168590999,1.2372675625976592,298.6268985512973
2024-07-22,SPY,0.0,0.0,0.010845695817276457,0.0,0.0,,0.0,-0.19335821727066246,1.0547827547680202,1.1195203243160587,279.61673890041914
2024-07-23,SPY,0.0,0.0,0.0,0.0,0.0,,0.0,-0.19335821727066246,1.0547827547680202,1.1195203243160587,279.61673890041914
2024-07-24,SPY,0.4565164442293043,0.15082199977872954,0.8616484549127511,0.0,0.0,,-0.3056944444505748,-0.19335821727066246,1.0547827547680202,1.1195203243160587,279.61673890041914
2024-07-25,SPY,0.5782833797105186,0.24574389657841555,0.982725639150563,0.0,0.0,,-0.332539483132103,-0.19335821727066246,1.0547827547680202,1.1195203243160587,279.61673890041914
2024-07-26,SPY,0.0,0.0,0.3690581543715033,0.0,0.0,,0.0,-0.19335821727066246,1.0547827547680202,1.1195203243160587,279.61673890041914
2024-07-29,SPY,0.0,0.0,0.6270499663028799,0.0,0.0,,0.0,-0.00761003359400377,1.2610771532236853,1.148782281269304,243.0260313984767
2024-07-30,SPY,0.3311375192061507,0.0,0.8463180904673274,0.0,0.0,,-0.3311375192061507,-0.00761003359400377,1.2610771532236853,1.148782281269304,243.0260313984767
2024-07-31,SPY,0.0,0.0,0.5409860206179208,0.0,0.0,,0.0,-0.00761003359400377,1.2610771532236853,1.148782281269304,243.0260313984767
2024-08-01,SPY,0.5996730368624309,0.4221676959246823,0.6401162769463888,0.0,0.0,,-0.1775053409377486,-0.00761003359400377,1.2610771532236853,1.148782281269304,243.0260313984767
2024-08-02,SPY,1.0,1.0,1.0,0.0,0.0,,0.0,-0.00761003359400377,1.2610771532236853,1.148782281269304,243.0260313984767
2024-08-05,SPY,1.0,1.0,1.0,0.0,0.0,,0.0,0.4803766793059156,1.4950357747407292,1.2292448792495014,222.31678474664108
2024-08-06,SPY,1.0,1.0,1.0,0.0,0.0,,0.0,0.4803766793059156,1.4950357747407292,1.2292448792495014,222.31678474664108
2024-08-07,SPY,1.0,1.0,1.0,0.0,0.0,,0.0,0.4803766793059156,1.4950357747407292,1.2292448792495014,222.31678474664108
2024-08-08,SPY,1.0,1.0,0.6489789066735033,0.0,0.0,,0.0,0.4803766793059156,1.4950357747407292,1.2292448792495014,222.31678474664108
2024-08-09,SPY,0.5836109314079327,0.6716050677890081,0.30256803414487815,0.027224051382380782,0.0,,0.08799413638107534,0.4803766793059156,1.4950357747407292,1.2292448792495014,222.31678474664108
2024-08-12,SPY,0.6475887953429184,0.7845046334652302,0.23713781471920484,0.0,0.0,,0.1369158381223119,-0.6111911313323715,0.9768486063440958,0.9125684735269278,254.3102407528174
2024-08-13,SPY,0.0717587041797918,0.2845129180540904,0.0,0.0,0.0,,0.2127542138742986,-0.6111911313323715,0.9768486063440958,0.9125684735269278,254.3102407528174
2024-08-14,SPY,0.0,0.0,0.0,0.0,0.0,,0.0,-0.6111911313323715,0.9768486063440958,0.9125684735269278,254.3102407528174
2024-08-15,SPY,0.0,0.0,0.0,0.0,0.0,,0.0,-0.6111911313323715,0.9768486063440958,0.9125684735269278,254.3102407528174
2024-08-16,SPY,0.0,0.0,0.0,0.0,0.0,,0.0,-0.6111911313323715,0.9768486063440958,0.9125684735269278,254.3102407528174
2024-08-19,SPY,0.0,0.0,0.0,0.0,0.0,,0.0,-0.9057193354675237,0.89731305876753,0.8287878578244768,250.58526845401448
2024-08-20,SPY,0.0,0.0,0.0,0.0,0.0,,0.0,-0.9057193354675237,0.89731305876753,0.8287878578244768,250.58526845401448
2024-08-21,SPY,0.0,0.0,0.0,0.0,0.0,,0.0,-0.9057193354675237,0.89731305876753,0.8287878578244768,250.58526845401448
2024-08-22,SPY,0.0,0.1316939828930804,0.0,0.0,0.0,,0.1316939828930804,-0.9057193354675237,0.89731305876753,0.8287878578244768,250.58526845401448
2024-08-23,SPY,0.0,0.0,0.0,0.0,0.0,,0.0,-0.9057193354675237,0.89731305876753,0.8287878578244768,250.58526845401448
2024-08-26,SPY,0.0,0.0,0.0,0.0,0.0,,0.0,-0.9587042291295215,0.8858605572054872,0.8066441496867853,243.34122174521477
2024-08-27,SPY,0.0,0.0,0.0,0.0,0.0,,0.0,-0.9587042291295215,0.8858605572054872,0.8066441496867853,243.34122174521477
2024-08-28,SPY,0.0,0.0,0.0,0.0,0.0,,0.0,-0.9587042291295215,0.8858605572054872,0.8066441496867853,243.34122174521477
2024-08-29,SPY,0.0,0.0,0.0,0.0,0.0,,0.0,-0.9587042291295215,0.8858605572054872,0.8066441496867853,243.34122174521477
2024-08-30,SPY,0.0,0.0,0.0,0.0,0.0,,0.0,-0.9587042291295215,0.8858605572054872,0.8066441496867853,243.34122174521477
2024-09-03,SPY,0.6144713854244642,0.7428040638399622,0.1917400858301123,0.0,0.0,,0.128332678415498,-1.1400253347856546,1.0170352309020527,0.7309660676202565,190.13188950253684
2024-09-04,SPY,0.7275028144403635,0.8227853709167148,0.3374802301364153,0.0,0.0,,0.09528255647635131,-1.1400253347856546,1.0170352309020527,0.7309660676202565,190.13188950253684
2024-09-05,SPY,0.4078849798263337,0.5003189121420043,0.1205982854003591,0.0,0.0,,0.0924339323156706,-1.1400253347856546,1.0170352309020527,0.7309660676202565,190.13188950253684
2024-09-06,SPY,0.9198204952917507,0.9626352701278661,0.5681505262049292,0.0,0.0,,0.0428147748361154,-1.1400253347856546,1.0170352309020527,0.7309660676202565,190.13188950253684
2024-09-09,SPY,0.28392167155015385,0.4546165393458505,0.0,0.0,0.0,,0.17069486779569665,0.06426378921097968,1.1176660546687405,1.0368558315196472,245.5941879068741
2024-09-10,SPY,0.19798797014957673,0.35755242045550206,0.0,0.0,0.0,,0.15956445030592534,0.06426378921097968,1.1176660546687405,1.0368558315196472,245.5941879068741
2024-09-11,SPY,0.0,0.0988798919218928,0.0,0.0,0.0,,0.0988798919218928,0.06426378921097968,1.1176660546687405,1.0368558315196472,245.5941879068741
2024-09-12,SPY,0.0,0.06735543308365492,0.0,0.0,0.0,,0.06735543308365492,0.06426378921097968,1.1176660546687405,1.0368558315196472,245.5941879068741
2024-09-13,SPY,0.0,0.012480240609508808,0.0,0.0,0.0,,0.012480240609508808,0.06426378921097968,1.1176660546687405,1.0368558315196472,245.5941879068741
2024-09-16,SPY,0.0,0.14789087334888076,0.0,0.0,0.0,,0.14789087334888076,0.7483958461060299,1.1063442114724216,1.2182292414668567,279.80268890541385
2024-09-17,SPY,0.0,0.23061933282404423,0.0,0.0,0.0,,0.23061933282404423,0.7483958461060299,1.1063442114724216,1.2182292414668567,279.80268890541385
2024-09-18,SPY,0.017614978347165522,0.2847633621366388,0.0,0.0,0.0,,0.26714838378947325,0.7483958461060299,1.1063442114724216,1.2182292414668567,279.80268890541385
2024-09-19,SPY,0.0,0.0,0.0,0.0,0.0,,0.0,0.7483958461060299,1.1063442114724216,1.2182292414668567,279.80268890541385
2024-09-20,SPY,0.0,0.0,0.0,0.0,0.0,,0.0,0.7483958461060299,1.1063442114724216,1.2182292414668567,279.80268890541385
2024-09-23,SPY,0.0,0.0,0.0,0.009234585823715946,0.0,,0.0,-0.16806774527272023,0.9041611675052685,0.9907913679829036,277.6708374676959
2024-09-24,SPY,0.0,0.0,0.0,0.0,0.0,,0.0,-0.16806774527272023,0.9041611675052685,0.9907913679829036,277.6708374676959
2024-09-25,SPY,0.0,0.0,0.0,0.0,0.0,,0.0,-0.16806774527272023,0.9041611675052685,0.9907913679829036,277.6708374676959
2024-09-26,SPY,0.0,0.0,0.0,0.0,0.0,,0.0,-0.16806774527272023,0.9041611675052685,0.9907913679829036,277.6708374676959
2024-09-27,SPY,0.0,0.07761301010136856,0.0,0.0,0.0,,0.07761301010136856,-0.16806774527272023,0.9041611675052685,0.9907913679829036,277.6708374676959
2024-09-30,SPY,0.0,0.0,0.0,0.0,0.0,,0.0,-1.2515998571131786,0.9943632537738986,0.7404580631866663,182.93277260885745
2024-10-01,SPY,0.25910955919499684,0.4227742767722587,0.0,0.0,0.0,,0.16366471757726186,-1.2515998571131786,0.9943632537738986,0.7404580631866663,182.93277260885745
2024-10-02,SPY,0.17671263898979608,0.3371306342581626,0.0,0.0,0.0,,0.1604179952683665,-1.2515998571131786,0.9943632537738986,0.7404580631866663,182.93277260885745
2024-10-03,SPY,0.5081593928023845,0.5951865437877307,0.13204840637369855,0.0,0.0,,0.08702715098534619,-1.2515998571131786,0.9943632537738986,0.7404580631866663,182.93277260885745
2024-10-04,SPY,0.23519327599784745,0.3420643536266617,0.0,0.5583555525841764,0.0,,0.10687107762881426,-1.2515998571131786,0.9943632537738986,0.7404580631866663,182.93277260885745
2024-10-07,SPY,0.9453794142174635,0.8253534185244179,0.8816108491094446,0.4961890631508852,0.0,,-0.12002599569304562,-0.3813087510968319,0.8940409019449889,0.9119043167988669,251.6807217630854
2024-10-08,SPY,0.675958475121055,0.543664097711981,0.7710370087644716,0.8778269018598586,0.0,,-0.13229437740907402,-0.3813087510968319,0.8940409019449889,0.9119043167988669,251.6807217630854
2024-10-09,SPY,0.5531319832662368,0.38693693196612794,0.7877093481389018,0.7375978984629713,0.0,,-0.16619505130010886,-0.3813087510968319,0.8940409019449889,0.9119043167988669,251.6807217630854
2024-10-10,SPY,0.5695623641718462,0.4196519006022837,0.7536201265656098,0.5936645251204693,0.0,,-0.14991046356956256,-0.3813087510968319,0.8940409019449889,0.9119043167988669,251.6807217630854
2024-10-11,SPY,0.4755926133122396,0.3624482427279938,0.6049263044580843,0.0,0.0,,-0.11314437058424581,-0.3813087510968319,0.8940409019449889,0.9119043167988669,251.6807217630854
2024-10-14,SPY,0.3178446033448655,0.19956034366913342,0.519439195429238,0.0,0.0,,-0.11828425967573206,-0.029111601162432034,0.9243229066200874,0.9907701011968616,261.30651854552474
2024-10-15,SPY,0.5104109946412881,0.3723536880282284,0.6859067179587518,0.0,0.0,,-0.13805730661305976,-0.029111601162432034,0.9243229066200874,0.9907701011968616,261.30651854552474
2024-10-16,SPY,0.2898213724299903,0.25242267473971464,0.2977087084020063,0.0,0.0,,-0.03739869769027565,-0.029111601162432034,0.9243229066200874,0.9907701011968616,261.30651854552474
2024-10-17,SPY,0.19509297510630574,0.1262785647507525,0.3112349271667207,0.0,0.0,,-0.06881441035555325,-0.029111601162432034,0.9243229066200874,0.9907701011968616,261.30651854552474
2024-10-18,SPY,0.0,0.0,0.0,0.0,0.0,,0.0,-0.029111601162432034,0.9243229066200874,0.9907701011968616,261.30651854552474
2024-10-21,SPY,0.04905971728526722,0.0,0.18018097742507555,0.0,0.0,,-0.04905971728526722,-0.7476626600862843,1.0130691287526152,0.8533621982048536,200.2370784654093
2024-10-22,SPY,0.012871602536689952,0.0,0.10593135844796642,0.25597483551210914,0.0,,-0.012871602536689952,-0.7476626600862843,1.0130691287526152,0.8533621982048536,200.2370784654093
2024-10-23,SPY,0.22900349319153465,0.19675390271899781,0.24300616983495157,0.49361531219924437,0.0,,-0.03224959047253684,-0.7476626600862843,1.0130691287526152,0.8533621982048536,200.2370784654093
2024-10-24,SPY,0.18950545786087045,0.14300369953285377,0.25037503862758337,0.0,0.0,,-0.046501758328016674,-0.7476626600862843,1.0130691287526152,0.8533621982048536,200.2370784654093
2024-10-25,SPY,0.44246973785500093,0.4168056665163659,0.3687484484449093,0.2352479584388026,0.0,,-0.02566407133863502,-0.7476626600862843,1.0130691287526152,0.8533621982048536,200.2370784654093
2024-10-28,SPY,0.32281430237690917,0.21143675608537102,0.49895614526505705,0.0,0.0,,-0.11137754629153815,-0.27015492500084354,1.1832629889453041,0.9657045040026905,190.08251669033646
2024-10-29,SPY,0.21984526194667234,0.15174245230245997,0.32263357383417873,0.0,0.0,,-0.06810280964421236,-0.27015492500084354,1.1832629889453041,0.9657045040026905,190.08251669033646
2024-10-30,SPY,0.41944551558076865,0.34833661856967496,0.45907600687301936,0.0,0.0,,-0.07110889701109369,-0.27015492500084354,1.1832629889453041,0.9657045040026905,190.08251669033646
2024-10-31,SPY,0.9744778951473098,0.8091002011644667,0.9878753513230683,0.0,0.0,,-0.16537769398284308,-0.27015492500084354,1.1832629889453041,0.9657045040026905,190.08251669033646
2024-11-01,SPY,0.6951866363093048,0.6094122240011578,0.6582071025730206,0.0,0.0,,-0.08577441230814697,-0.27015492500084354,1.1832629889453041,0.9657045040026905,190.08251669033646
2024-11-04,SPY,0.698114954497257,0.5115881976422431,0.894660362468272,0.0,0.0,,-0.18652675685501396,0.17664483422664382,1.2909888033034833,1.0982145175441067,196.0019911094647
2024-11-05,SPY,0.3882707179737281,0.16052741218187747,0.8206268728551039,0.0,0.0,,-0.22774330579185062,0.17664483422664382,1.2909888033034833,1.0982145175441067,196.0019911094647
2024-11-06,SPY,0.0,0.0,0.0,0.01852361436457824,0.0,,0.0,0.17664483422664382,1.2909888033034833,1.0982145175441067,196.0019911094647
2024-11-07,SPY,0.0,0.0,0.0,0.0,0.0,,0.0,0.17664483422664382,1.2909888033034833,1.0982145175441067,196.0019911094647
2024-11-08,SPY,0.0,0.0,0.0,0.0,0.0,,0.0,0.17664483422664382,1.2909888033034833,1.0982145175441067,196.0019911094647
2024-11-11,SPY,0.0,0.0,0.0,0.0,0.505563921731132,,0.0,1.758345882596698,1.1728646844719406,1.412506139950681,280.97383812835915
2024-11-12,SPY,0.0,0.0,0.0,0.21432670344561977,0.505563921731132,,0.0,1.758345882596698,1.1728646844719406,1.412506139950681,280.97383812835915
2024-11-13,SPY,0.0,0.0,0.0,0.0,0.505563921731132,,0.0,1.758345882596698,1.1728646844719406,1.412506139950681,280.97383812835915
2024-11-14,SPY,0.0,0.0,0.0,0.0,0.505563921731132,,0.0,1.758345882596698,1.1728646844719406,1.412506139950681,280.97383812835915
2024-11-15,SPY,0.0,0.0,0.0,0.0001860346592876816,0.505563921731132,,0.0,1.758345882596698,1.1728646844719406,1.412506139950681,280.97383812835915
2024-11-18,SPY,0.0,0.0,0.0,0.0,0.0,,0.0,0.2725035872665817,1.1040580733269685,1.0870164118095773,228.21319018404907
2024-11-19,SPY,0.0,0.0,0.0,0.0,0.0,,0.0,0.2725035872665817,1.1040580733269685,1.0870164118095773,228.21319018404907
2024-11-20,SPY,0.0,0.0,0.0,0.0,0.0,,0.0,0.2725035872665817,1.1040580733269685,1.0870164118095773,228.21319018404907
2024-11-21,SPY,0.0,0.0,0.0,0.0,0.0,,0.0,0.2725035872665817,1.1040580733269685,1.0870164118095773,228.21319018404907
2024-11-22,SPY,0.0,0.0,0.0,0.0,0.0,,0.0,0.2725035872665817,1.1040580733269685,1.0870164118095773,228.21319018404907
2024-11-25,SPY,0.0,0.0,0.0,0.0,0.0,,0.0,-1.6041924782870034,0.715150489211909,0.6739646725706273,216.99657345570353
2024-11-26,SPY,0.0,0.0,0.0,0.0,0.0,,0.0,-1.6041924782870034,0.715150489211909,0.6739646725706273,216.99657345570353
2024-11-27,SPY,0.0,0.0,0.0,0.0,0.0,,0.0,-1.6041924782870034,0.715150489211909,0.6739646725706273,216.99657345570353
2024-11-29,SPY,0.0,0.0,0.0,0.0,0.0,,0.0,-1.6041924782870034,0.715150489211909,0.6739646725706273,216.99657345570353
2024-12-02,SPY,0.0,0.0,0.0,0.0,0.0,,0.0,-1.3067416928264497,0.8862790570743373,0.7406651754980745,192.7273915529777
2024-12-03,SPY,0.0,0.0,0.0,0.0,0.0,,0.0,-1.3067416928264497,0.8862790570743373,0.7406651754980745,192.7273915529777
2024-12-04,SPY,0.0,0.0,0.0,0.0,0.0,,0.0,-1.3067416928264497,0.8862790570743373,0.7406651754980745,192.7273915529777
2024-12-05,SPY,0.0,0.0,0.0,0.0,0.0,,0.0,-1.3067416928264497,0.8862790570743373,0.7406651754980745,192.7273915529777
2024-12-06,SPY,0.0,0.0,0.0,0.0,0.0,,0.0,-1.3067416928264497,0.8862790570743373,0.7406651754980745,192.7273915529777
2024-12-09,SPY,0.0,0.0,0.0,0.0,0.0,,0.0,-0.5805560934245383,0.9949790317412774,0.9154564613874755,209.58656282896018
2024-12-10,SPY,0.0,0.0,0.0,0.0,0.0,,0.0,-0.5805560934245383,0.9949790317412774,0.9154564613874755,209.58656282896018
2024-12-11,SPY,0.0,0.0,0.0,0.0,0.0,,0.0,-0.5805560934245383,0.9949790317412774,0.9154564613874755,209.58656282896018
2024-12-12,SPY,0.0,0.0,0.0,0.09991053268386481,0.0,,0.0,-0.5805560934245383,0.9949790317412774,0.9154564613874755,209.58656282896018
2024-12-13,SPY,0.0,0.0,0.0,0.6185733704259389,0.0,,0.0,-0.5805560934245383,0.9949790317412774,0.9154564613874755,209.58656282896018
2024-12-16,SPY,0.0,0.0,0.0,0.2919873045662668,1.0,,0.0,3.613791857467632,1.4924734964162674,1.9896394362231906,310.93362544984166
2024-12-17,SPY,0.0,0.0,0.0,0.23170412809914476,1.0,,0.0,3.613791857467632,1.4924734964162674,1.9896394362231906,310.93362544984166
2024-12-18,SPY,1.0,1.0,1.0,0.5349913750959113,1.0,,0.0,3.613791857467632,1.4924734964162674,1.9896394362231906,310.93362544984166
2024-12-19,SPY,1.0,1.0,0.5335731460714458,0.5733881949515349,1.0,,0.0,3.613791857467632,1.4924734964162674,1.9896394362231906,310.93362544984166
2024-12-20,SPY,0.0,0.06302323592215868,0.0,0.0,1.0,,0.06302323592215868,3.613791857467632,1.4924734964162674,1.9896394362231906,310.93362544984166
2024-12-23,SPY,0.0,0.0,0.0,0.302660557835101,0.0,,0.0,-0.23869501524750034,0.7149405254672999,0.9379250793763678,307.5711258120742
2024-12-24,SPY,0.0,0.0,0.0,0.2515048646423323,0.0,,0.0,-0.23869501524750034,0.7149405254672999,0.9379250793763678,307.5711258120742
2024-12-26,SPY,0.0,0.0,0.0,0.0,0.0,,0.0,-0.23869501524750034,0.7149405254672999,0.9379250793763678,307.5711258120742
2024-12-27,SPY,0.0,0.0,0.0,0.0,0.0,,0.0,-0.23869501524750034,0.7149405254672999,0.9379250793763678,307.5711258120742
2024-12-30,SPY,0.0,0.0,0.0,0.0,0.0,,0.0,-0.8446999011457227,0.8610821004036706,0.7687438000525914,211.33073397028772
2024-12-31,SPY,0.0,0.0,0.0,0.0,0.0,,0.0,-0.8446999011457227,0.8610821004036706,0.7687438000525914,211.33073397028772
2025-01-02,SPY,0.0,0.0,0.0,0.0,0.0,,0.0,-0.8446999011457227,0.8610821004036706,0.7687438000525914,211.33073397028772
2025-01-03,SPY,0.0,0.0,0.0,0.0,0.0,,0.0,-0.8446999011457227,0.8610821004036706,0.7687438000525914,211.33073397028772
2025-01-06,SPY,0.0,0.0,0.0,0.0,0.0,,0.0,0.11468071314757336,0.8793017093770423,1.0294239381807988,279.34279063235897
2025-01-07,SPY,0.0,0.0,0.0,0.0,0.0,,0.0,0.11468071314757336,0.8793017093770423,1.0294239381807988,279.34279063235897
2025-01-08,SPY,0.0,0.0,0.0,0.0,0.0,,0.0,0.11468071314757336,0.8793017093770423,1.0294239381807988,279.34279063235897
2025-01-10,SPY,0.08924379496593178,0.23608307736511103,0.0,0.16043553927275309,0.0,,0.14683928239917926,0.11468071314757336,0.8793017093770423,1.0294239381807988,279.34279063235897
2025-01-13,SPY,0.014492434069472834,0.09678922571881647,0.0,0.1594206252773883,0.0,,0.08229679164934364,0.4577667791302301,0.9765193154817912,1.1050712408672128,271.0361297485157
2025-01-14,SPY,0.0,0.0,0.0,0.0,0.0,,0.0,0.4577667791302301,0.9765193154817912,1.1050712408672128,271.0361297485157
2025-01-15,SPY,0.0,0.0,0.0,0.0,0.0,,0.0,0.4577667791302301,0.9765193154817912,1.1050712408672128,271.0361297485157
2025-01-16,SPY,0.0,0.0,0.0,0.0,0.0,,0.0,0.4577667791302301,0.9765193154817912,1.1050712408672128,271.0361297485157
2025-01-17,SPY,0.0,0.0,0.0,0.0,0.0,,0.0,0.4577667791302301,0.9765193154817912,1.1050712408672128,271.0361297485157
2025-01-21,SPY,0.0,0.0,0.0,0.0,0.0,,0.0,-0.9317708978375038,0.7576590471208785,0.7248756564367285,231.54160917503197
2025-01-22,SPY,0.0,0.0,0.0,0.0,0.0,,0.0,-0.9317708978375038,0.7576590471208785,0.7248756564367285,231.54160917503197
2025-01-23,SPY,0.0,0.0,0.0,0.0,0.0,,0.0,-0.9317708978375038,0.7576590471208785,0.7248756564367285,231.54160917503197
2025-01-24,SPY,0.0,0.0,0.0,0.0,0.0,,0.0,-0.9317708978375038,0.7576590471208785,0.7248756564367285,231.54160917503197
2025-01-27,SPY,0.0,0.0,0.0,0.0,0.0,,0.0,0.3747823639240629,1.143502700563737,1.0618014392766615,227.83799424240644
2025-01-28,SPY,0.0,0.0,0.0,0.0,0.0,,0.0,0.3747823639240629,1.143502700563737,1.0618014392766615,227.83799424240644
2025-01-29,SPY,0.0,0.0,0.0,0.0,0.0,,0.0,0.3747823639240629,1.143502700563737,1.0618014392766615,227.83799424240644
2025-01-30,SPY,0.0,0.0,0.0,0.0,0.0,,0.0,0.3747823639240629,1.143502700563737,1.0618014392766615,227.83799424240644
2025-01-31,SPY,0.0,0.0,0.0,0.0,0.0,,0.0,0.3747823639240629,1.143502700563737,1.0618014392766615,227.83799424240644
2025-02-03,SPY,0.0,0.0,0.0,0.0,0.0,,0.0,-0.7360817135095439,1.1230695565625102,0.7641452283797536,165.50269574939244
2025-02-04,SPY,0.0,0.0,0.0,0.0,0.0,,0.0,-0.7360817135095439,1.1230695565625102,0.7641452283797536,165.50269574939244
2025-02-05,SPY,0.0,0.0,0.0,0.0,0.0,,0.0,-0.7360817135095439,1.1230695565625102,0.7641452283797536,165.50269574939244
2025-02-06,SPY,0.0,0.0,0.0,0.0,0.0,,0.0,-0.7360817135095439,1.1230695565625102,0.7641452283797536,165.50269574939244
2025-02-07,SPY,0.0,0.0,0.0,0.0,0.0,,0.0,-0.7360817135095439,1.1230695565625102,0.7641452283797536,165.50269574939244
2025-02-10,SPY,0.0,0.0,0.0,0.0,0.0,,0.0,-1.512153059461535,0.9414398804760591,0.5551371959222462,136.85590459050627
2025-02-11,SPY,0.0,0.0,0.0,0.0,0.0,,0.0,-1.512153059461535,0.9414398804760591,0.5551371959222462,136.85590459050627
2025-02-12,SPY,0.0,0.0,0.0,0.31845816800948185,0.0,,0.0,-1.512153059461535,0.9414398804760591,0.5551371959222462,136.85590459050627
2025-02-13,SPY,0.0,0.0,0.0,0.0,0.0,,0.0,-1.512153059461535,0.9414398804760591,0.5551371959222462,136.85590459050627
2025-02-14,SPY,0.0,0.0,0.0,0.0,0.0,,0.0,-1.512153059461535,0.9414398804760591,0.5551371959222462,136.85590459050627
2025-02-18,SPY,0.0,0.0,0.0,0.0,0.0,,0.0,-0.6263805999584415,0.872928805915682,0.8360138652295502,221.95727490030617
2025-02-19,SPY,0.0,0.0,0.0,0.0,0.0,,0.0,-0.6263805999584415,0.872928805915682,0.8360138652295502,221.95727490030617
2025-02-20,SPY,0.0,0.0,0.0,0.0,0.0,,0.0,-0.6263805999584415,0.872928805915682,0.8360138652295502,221.95727490030617
2025-02-21,SPY,0.0,0.0,0.0,0.0,0.0,,0.0,-0.6263805999584415,0.872928805915682,0.8360138652295502,221.95727490030617
2025-02-24,SPY,0.0,0.0,0.0,0.0,0.0,,0.0,0.9545575562881319,1.5033805523575223,1.2832926470641155,194.87272761684852
2025-02-25,SPY,0.012799255996684225,0.0,0.15983526726492162,0.0,0.0,,-0.012799255996684225,0.9545575562881319,1.5033805523575223,1.2832926470641155,194.87272761684852
2025-02-26,SPY,0.0,0.0,0.11879470857609853,0.0,0.0,,0.0,0.9545575562881319,1.5033805523575223,1.2832926470641155,194.87272761684852
2025-02-27,SPY,0.34098476307472714,0.21669519806731494,0.4563934029246071,0.0,0.0,,-0.1242895650074122,0.9545575562881319,1.5033805523575223,1.2832926470641155,194.87272761684852
2025-02-28,SPY,0.035086418032094,0.0,0.17248360737437837,0.0,0.0,,-0.035086418032094,0.9545575562881319,1.5033805523575223,1.2832926470641155,194.87272761684852
2025-03-03,SPY,0.6491542923649093,0.4428248560622758,0.8072561968273293,0.0,0.33965772663886123,,-0.2063294363026335,1.5094865899582919,1.594040749230386,1.4120258002366102,201.27607883730363
2025-03-04,SPY,0.7742000083692885,0.5792477868757201,0.8444058857828267,0.0,0.33965772663886123,,-0.1949522214935684,1.5094865899582919,1.594040749230386,1.4120258002366102,201.27607883730363
2025-03-05,SPY,0.45158389457725095,0.3055671481659073,0.5661181005832537,0.0,0.33965772663886123,,-0.14601674641134366,1.5094865899582919,1.594040749230386,1.4120258002366102,201.27607883730363
2025-03-06,SPY,0.9993261239603631,0.7785978457856629,1.0,0.0,0.33965772663886123,,-0.2207282781747002,1.5094865899582919,1.594040749230386,1.4120258002366102,201.27607883730363
2025-03-07,SPY,0.6914123435306054,0.49207716168298,0.8101265254337499,0.0,0.33965772663886123,,-0.19933518184762544,1.5094865899582919,1.594040749230386,1.4120258002366102,201.27607883730363
2025-03-10,SPY,1.0,1.0,1.0,0.0,0.2596701708059916,,0.0,1.3895052562089873,1.3769694346253611,1.3489406104424386,223.365524545228
2025-03-11,SPY,1.0,1.0,1.0,0.0,0.2596701708059916,,0.0,1.3895052562089873,1.3769694346253611,1.3489406104424386,223.365524545228
2025-03-12,SPY,0.7624091948050413,0.6824456613176538,0.6123293109136326,0.0,0.2596701708059916,,-0.0799635334873875,1.3895052562089873,1.3769694346253611,1.3489406104424386,223.365524545228
2025-03-13,SPY,0.8206586519908136,0.756264974453606,0.6116354022627192,0.0,0.2596701708059916,,-0.0643936775372076,1.3895052562089873,1.3769694346253611,1.3489406104424386,223.365524545228
2025-03-14,SPY,0.2855589734226469,0.3026189273759958,0.13244098171816474,0.0,0.2596701708059916,,0.017059953953348916,1.3895052562089873,1.3769694346253611,1.3489406104424386,223.365524545228
2025-03-17,SPY,0.05075794774955167,0.09216631607339432,0.0,0.0,0.07754437795113385,,0.04140836832384265,1.1163165669267008,1.0839650222641826,1.3395141055065607,275.6048112473244
2025-03-18,SPY,0.2587757233763943,0.24150306423547896,0.18374609659103922,0.0,0.07754437795113385,,-0.01727265914091536,1.1163165669267008,1.0839650222641826,1.3395141055065607,275.6048112473244
2025-03-19,SPY,0.0,0.0,0.0,0.0,0.07754437795113385,,0.0,1.1163165669267008,1.0839650222641826,1.3395141055065607,275.6048112473244
2025-03-20,SPY,0.0,0.0,0.0,0.0,0.07754437795113385,,0.0,1.1163165669267008,1.0839650222641826,1.3395141055065607,275.6048112473244
2025-03-21,SPY,0.0,0.0,0.0,0.0,0.07754437795113385,,0.0,1.1163165669267008,1.0839650222641826,1.3395141055065607,275.6048112473244
2025-03-24,SPY,0.0,0.0,0.0,0.0,0.0,,0.0,-0.5128368685456849,0.9409605888375469,0.8309646011996709,191.18171026257997
2025-03-25,SPY,0.0,0.0,0.0,0.0,0.0,,0.0,-0.5128368685456849,0.9409605888375469,0.8309646011996709,191.18171026257997
2025-03-26,SPY,0.0,0.0,0.0,0.0,0.0,,0.0,-0.5128368685456849,0.9409605888375469,0.8309646011996709,191.18171026257997
2025-03-27,SPY,0.0,0.0,0.0,0.08566650032705336,0.0,,0.0,-0.5128368685456849,0.9409605888375469,0.8309646011996709,191.18171026257997
2025-03-28,SPY,0.22230549590335244,0.2198512505628855,0.12419134759497119,0.0,0.0,,-0.002454245340466954,-0.5128368685456849,0.9409605888375469,0.8309646011996709,191.18171026257997
2025-03-31,SPY,0.3271019008845646,0.20305412872251574,0.4469620113903818,0.0,1.0,,-0.12404777216204885,2.737303678371266,1.5282843287940973,1.8811184705811856,275.34209338958766
2025-04-01,SPY,0.22777526969380224,0.16132521173926037,0.2618985798838773,0.0,1.0,,-0.06645005795454187,2.737303678371266,1.5282843287940973,1.8811184705811856,275.34209338958766
2025-04-02,SPY,0.17410711410297322,0.0693383863703132,0.3086621727684619,0.0,1.0,,-0.10476872773266002,2.737303678371266,1.5282843287940973,1.8811184705811856,275.34209338958766
2025-04-03,SPY,1.0,1.0,1.0,0.0,1.0,,0.0,2.737303678371266,1.5282843287940973,1.8811184705811856,275.34209338958766
2025-04-04,SPY,1.0,1.0,1.0,0.0,1.0,,0.0,2.737303678371266,1.5282843287940973,1.8811184705811856,275.34209338958766
2025-04-07,SPY,1.0,1.0,1.0,0.0,1.0,,0.0,2.9410742955193743,2.0784388265680493,2.044670778633616,216.05940578650024
2025-04-08,SPY,1.0,1.0,1.0,0.0,1.0,,0.0,2.9410742955193743,2.0784388265680493,2.044670778633616,216.05940578650024
2025-04-09,SPY,1.0,1.0,1.0,0.1329285482999382,1.0,,0.0,2.9410742955193743,2.0784388265680493,2.044670778633616,216.05940578650024
2025-04-10,SPY,1.0,1.0,1.0,1.0,1.0,,0.0,2.9410742955193743,2.0784388265680493,2.044670778633616,216.05940578650024
2025-04-11,SPY,1.0,1.0,0.9945167984146212,1.0,1.0,,0.0,2.9410742955193743,2.0784388265680493,2.044670778633616,216.05940578650024
2025-04-14,SPY,0.91553433169121,1.0,0.4143033893513091,0.5369959770564474,0.0,,0.08446566830878999,-0.18384966915101472,0.7313903022073601,0.8470347174276437,253.12289876176374
2025-04-15,SPY,0.8035390296525508,0.9885672096109088,0.37234136869699,0.0,0.0,,0.18502817995835807,-0.18384966915101472,0.7313903022073601,0.8470347174276437,253.12289876176374
2025-04-16,SPY,1.0,1.0,0.503035445253328,0.0,0.0,,0.0,-0.18384966915101472,0.7313903022073601,0.8470347174276437,253.12289876176374
2025-04-17,SPY,0.7038360662278066,0.9810265752712883,0.11179561095414166,0.0,0.0,,0.27719050904348175,-0.18384966915101472,0.7313903022073601,0.8470347174276437,253.12289876176374
2025-04-21,SPY,1.0,1.0,0.5489787324654226,0.0,0.0,,0.0,0.05123747715132964,1.0217732773656054,0.923797519499348,195.47132411570107
2025-04-22,SPY,0.7599299982240201,0.9329345082734726,0.3319660690671185,0.0,0.0,,0.1730045100494525,0.05123747715132964,1.0217732773656054,0.923797519499348,195.47132411570107
2025-04-23,SPY,0.5097450637525647,0.6954153571407072,0.13355621495227896,0.0,0.0,,0.18567029338814256,0.05123747715132964,1.0217732773656054,0.923797519499348,195.47132411570107
2025-04-24,SPY,0.2808333006196186,0.44290629042348834,0.008578960518746737,0.0,0.0,,0.16207298980386975,0.05123747715132964,1.0217732773656054,0.923797519499348,195.47132411570107
2025-04-25,SPY,0.09387548581952714,0.27200811768777466,0.0,0.0,0.0,,0.17813263186824752,0.05123747715132964,1.0217732773656054,0.923797519499348,195.47132411570107
2025-04-28,SPY,0.12174823492748521,0.3175647892133699,0.0,0.0,0.0,,0.19581655428588468,0.15495659997204966,0.845809071182289,0.9641089944030686,247.95530847424334
2025-04-29,SPY,0.008058259485356137,0.23272578734770763,0.0,0.0,0.0,,0.2246675278623515,0.15495659997204966,0.845809071182289,0.9641089944030686,247.95530847424334
2025-04-30,SPY,0.06077278203904246,0.2727177187395493,0.0,0.0,0.0,,0.21194493670050685,0.15495659997204966,0.845809071182289,0.9641089944030686,247.95530847424334
2025-05-01,SPY,0.04404579297158554,0.2571762265238089,0.0,0.0,0.0,,0.21313043355222336,0.15495659997204966,0.845809071182289,0.9641089944030686,247.95530847424334
2025-05-02,SPY,0.0,0.027693561991841403,0.0,0.0,0.0,,0.027693561991841403,0.15495659997204966,0.845809071182289,0.9641089944030686,247.95530847424334
2025-05-05,SPY,0.0,0.10412132998169943,0.0,0.02004847704351868,0.0,,0.10412132998169943,-0.662756308823186,0.8428386664671187,0.6516522922164185,168.18577971325314
2025-05-06,SPY,0.04729619419004205,0.22573804876379855,0.0,0.0,0.0,,0.1784418545737565,-0.662756308823186,0.8428386664671187,0.6516522922164185,168.18577971325314
2025-05-07,SPY,0.0,0.11305611918504181,0.0,0.0,0.0,,0.11305611918504181,-0.662756308823186,0.8428386664671187,0.6516522922164185,168.18577971325314
2025-05-08,SPY,0.0,0.0,0.0,0.0,0.0,,0.0,-0.662756308823186,0.8428386664671187,0.6516522922164185,168.18577971325314
2025-05-09,SPY,0.0,0.0,0.0,0.0,0.0,,0.0,-0.662756308823186,0.8428386664671187,0.6516522922164185,168.18577971325314
2025-05-12,SPY,0.0,0.0,0.0,0.0,0.0,,0.0,0.43358318907681836,1.1839146655665125,1.008303010593579,186.15611828469892
2025-05-13,SPY,0.0,0.0,0.0,0.300090478999086,0.0,,0.0,0.43358318907681836,1.1839146655665125,1.008303010593579,186.15611828469892
2025-05-14,SPY,0.0,0.0,0.0,0.6918800660413073,0.0,,0.0,0.43358318907681836,1.1839146655665125,1.008303010593579,186.15611828469892
2025-05-15,SPY,0.0,0.0,0.0,0.0,0.0,,0.0,0.43358318907681836,1.1839146655665125,1.008303010593579,186.15611828469892
2025-05-16,SPY,0.0,0.0,0.0,0.0,0.0,,0.0,0.43358318907681836,1.1839146655665125,1.008303010593579,186.15611828469892
2025-05-19,SPY,0.0,0.0,0.0,0.0,0.0,,0.0,-0.17491305422207634,1.0417715380941743,0.7800696403472018,160.05060403380514
2025-05-20,SPY,0.0,0.0,0.0,0.0,0.0,,0.0,-0.17491305422207634,1.0417715380941743,0.7800696403472018,160.05060403380514
2025-05-21,SPY,0.0,0.0,0.0,0.0,0.0,,0.0,-0.17491305422207634,1.0417715380941743,0.7800696403472018,160.05060403380514
2025-05-22,SPY,0.0,0.0,0.0,0.0,0.0,,0.0,-0.17491305422207634,1.0417715380941743,0.7800696403472018,160.05060403380514
2025-05-23,SPY,0.0,0.0,0.0,0.0,0.0,,0.0,-0.17491305422207634,1.0417715380941743,0.7800696403472018,160.05060403380514
2025-05-27,SPY,0.0,0.0,0.0,0.0,0.0,,0.0,-0.5063887445345316,0.8651438505986614,0.6881445392224881,168.8136640654032
2025-05-28,SPY,0.0,0.0,0.0,0.0,0.0,,0.0,-0.5063887445345316,0.8651438505986614,0.6881445392224881,168.8136640654032
2025-05-29,SPY,0.0,0.0,0.0,0.0,0.0,,0.0,-0.5063887445345316,0.8651438505986614,0.6881445392224881,168.8136640654032
2025-05-30,SPY,0.0,0.0,0.0,0.0,0.0,,0.0,-0.5063887445345316,0.8651438505986614,0.6881445392224881,168.8136640654032
2025-06-02,SPY,0.0,0.0,0.0,0.0,0.0,,0.0,-0.3220664666341691,1.0811297637470956,0.7826396005358945,150.63538918896285
2025-06-03,SPY,0.0,0.0,0.0,0.0,0.0,,0.0,-0.3220664666341691,1.0811297637470956,0.7826396005358945,150.63538918896285
2025-06-04,SPY,0.0,0.0,0.0,0.0,0.0,,0.0,-0.3220664666341691,1.0811297637470956,0.7826396005358945,150.63538918896285
2025-06-05,SPY,0.0,0.0,0.0,0.0,0.0,,0.0,-0.3220664666341691,1.0811297637470956,0.7826396005358945,150.63538918896285
2025-06-06,SPY,0.0,0.0,0.0,0.0,0.0,,0.0,-0.3220664666341691,1.0811297637470956,0.7826396005358945,150.63538918896285
2025-06-09,SPY,0.0,0.0,0.0,0.0,0.0,,0.0,-0.6538183427117907,1.0986780011492199,0.6896659207261852,125.47595162801593
2025-06-10,SPY,0.0,0.0,0.0,0.0,0.0,,0.0,-0.6538183427117907,1.0986780011492199,0.6896659207261852,125.47595162801593
2025-06-11,SPY,0.0,0.0,0.0,0.0,0.0,,0.0,-0.6538183427117907,1.0986780011492199,0.6896659207261852,125.47595162801593
2025-06-12,SPY,0.0,0.0,0.0,0.0,0.0,,0.0,-0.6538183427117907,1.0986780011492199,0.6896659207261852,125.47595162801593
2025-06-13,SPY,0.0,0.0,0.0,0.0,0.0,,0.0,-0.6538183427117907,1.0986780011492199,0.6896659207261852,125.47595162801593
2025-06-16,SPY,0.0,0.0,0.0,0.0,0.0,,0.0,-0.20942541430780418,0.8464047488577273,0.8447172842537355,194.55254573389948
2025-06-17,SPY,0.0,0.0,0.0,0.0,0.0,,0.0,-0.20942541430780418,0.8464047488577273,0.8447172842537355,194.55254573389948
2025-06-18,SPY,0.0,0.0,0.0,0.0,0.0,,0.0,-0.20942541430780418,0.8464047488577273,0.8447172842537355,194.55254573389948
2025-06-20,SPY,0.0,0.0,0.0,0.0,0.0,,0.0,-0.20942541430780418,0.8464047488577273,0.8447172842537355,194.55254573389948
2025-06-23,SPY,0.0,0.0,0.0,0.0,0.0,,0.0,0.0732577563863672,1.1084143628428933,0.9305049556460484,161.41665339424677
2025-06-24,SPY,0.0,0.0,0.0,0.0,0.0,,0.0,0.0732577563863672,1.1084143628428933,0.9305049556460484,161.41665339424677
2025-06-25,SPY,0.0,0.0,0.0,0.0,0.0,,0.0,0.0732577563863672,1.1084143628428933,0.9305049556460484,161.41665339424677
2025-06-26,SPY,0.0,0.0,0.0,0.0,0.0,,0.0,0.0732577563863672,1.1084143628428933,0.9305049556460484,161.41665339424677
2025-06-27,SPY,0.0,0.0,0.0,0.0,0.0,,0.0,0.0732577563863672,1.1084143628428933,0.9305049556460484,161.41665339424677
2025-06-30,SPY,0.0,0.0,0.0,0.0,0.0,,0.0,-0.32033461472086816,0.8854480422146177,0.8648436647650435,179.44700794370254
2025-07-01,SPY,0.0,0.0,0.0,0.0,0.0,,0.0,-0.32033461472086816,0.8854480422146177,0.8648436647650435,179.44700794370254
2025-07-02,SPY,0.0,0.0,0.0,0.0,0.0,,0.0,-0.32033461472086816,0.8854480422146177,0.8648436647650435,179.44700794370254
2025-07-03,SPY,0.0,0.0,0.0,0.0,0.0,,0.0,-0.32033461472086816,0.8854480422146177,0.8648436647650435,179.44700794370254
2025-07-07,SPY,0.0,0.0,0.0,0.17490311196482056,0.0,,0.0,-0.7858721219299423,1.0690666022010622,0.7754207702136495,126.2958502197614
2025-07-08,SPY,0.0,0.0,0.0,0.16800729152875826,0.0,,0.0,-0.7858721219299423,1.0690666022010622,0.7754207702136495,126.2958502197614
2025-07-09,SPY,0.0,0.0,0.0,0.0,0.0,,0.0,-0.7858721219299423,1.0690666022010622,0.7754207702136495,126.2958502197614
2025-07-10,SPY,0.0,0.0,0.0,0.0,0.0,,0.0,-0.7858721219299423,1.0690666022010622,0.7754207702136495,126.2958502197614
2025-07-11,SPY,0.0,0.0,0.0,0.0,0.0,,0.0,-0.7858721219299423,1.0690666022010622,0.7754207702136495,126.2958502197614
2025-07-14,SPY,0.0,0.0,0.0,0.0,0.0,,0.0,-0.3831243192279293,1.0480550960337318,0.9374712787992218,150.4035920208022
2025-07-15,SPY,0.0,0.0,0.0,0.0,0.0,,0.0,-0.3831243192279293,1.0480550960337318,0.9374712787992218,150.4035920208022
2025-07-16,SPY,0.0,0.0,0.0,0.0,0.0,,0.0,-0.3831243192279293,1.0480550960337318,0.9374712787992218,150.4035920208022
2025-07-17,SPY,0.0,0.0,0.0,0.0,0.0,,0.0,-0.3831243192279293,1.0480550960337318,0.9374712787992218,150.4035920208022
2025-07-18,SPY,0.0,0.0,0.0,0.0,0.0,,0.0,-0.3831243192279293,1.0480550960337318,0.9374712787992218,150.4035920208022
2025-07-21,SPY,0.0,0.0,0.0,0.0,0.0,,0.0,-0.4137617672787045,1.0317669778488308,0.9498208198574957,151.7232430751263
2025-07-22,SPY,0.0,0.0,0.0,0.0,0.0,,0.0,-0.4137617672787045,1.0317669778488308,0.9498208198574957,151.7232430751263
2025-07-23,SPY,0.0,0.0,0.0,0.0,0.0,,0.0,-0.4137617672787045,1.0317669778488308,0.9498208198574957,151.7232430751263
2025-07-24,SPY,0.0,0.0,0.0,0.0,0.0,,0.0,-0.4137617672787045,1.0317669778488308,0.9498208198574957,151.7232430751263
2025-07-25,SPY,0.0,0.0,0.0,0.0,0.0,,0.0,-0.4137617672787045,1.0317669778488308,0.9498208198574957,151.7232430751263
2025-07-28,SPY,0.0,0.0,0.0,0.0,0.0,,0.0,0.10134956622288274,1.1076831059177326,1.1679003881652854,168.87859769240524
2025-07-29,SPY,0.0,0.0,0.0,0.0,0.0,,0.0,0.10134956622288274,1.1076831059177326,1.1679003881652854,168.87859769240524
2025-07-30,SPY,0.0,0.0,0.0,0.0,0.0,,0.0,0.10134956622288274,1.1076831059177326,1.1679003881652854,168.87859769240524
2025-07-31,SPY,0.0,0.0,0.0,0.0,0.0,,0.0,0.10134956622288274,1.1076831059177326,1.1679003881652854,168.87859769240524
2025-08-01,SPY,0.0,0.0,0.0,0.0,0.0,,0.0,0.10134956622288274,1.1076831059177326,1.1679003881652854,168.87859769240524
2025-08-04,SPY,0.0,0.0,0.0,0.0,0.0,,0.0,-0.4481409897668447,1.042436447437716,0.9417193892113529,143.02913488216012
2025-08-05,SPY,0.0,0.0,0.0,0.0,0.0,,0.0,-0.4481409897668447,1.042436447437716,0.9417193892113529,143.02913488216012
2025-08-06,SPY,0.0,0.0,0.0,0.0,0.0,,0.0,-0.4481409897668447,1.042436447437716,0.9417193892113529,143.02913488216012
2025-08-07,SPY,0.0,0.0,0.0,0.0,0.0,,0.0,-0.4481409897668447,1.042436447437716,0.9417193892113529,143.02913488216012
2025-08-08,SPY,0.0,0.0,0.0,0.0,0.0,,0.0,-0.4481409897668447,1.042436447437716,0.9417193892113529,143.02913488216012
2025-08-11,SPY,0.0,0.0,0.0,0.0,0.0,,0.0,-0.35619522972929657,0.972195607835697,1.0288605687873693,165.55845140054382
2025-08-12,SPY,0.0,0.0,0.0,0.0,0.0,,0.0,-0.35619522972929657,0.972195607835697,1.0288605687873693,165.55845140054382
2025-08-13,SPY,0.0,0.0,0.0,0.0,0.0,,0.0,-0.35619522972929657,0.972195607835697,1.0288605687873693,165.55845140054382
2025-08-14,SPY,0.0,0.0,0.0,0.0,0.0,,0.0,-0.35619522972929657,0.972195607835697,1.0288605687873693,165.55845140054382
2025-08-15,SPY,0.0,0.0,0.0,0.0,0.0,,0.0,-0.35619522972929657,0.972195607835697,1.0288605687873693,165.55845140054382
2025-08-18,SPY,0.0,0.0,0.0,0.0,0.0,,0.0,-0.1570251119646286,1.0714867101415813,1.1165243519791586,163.3064165867266
2025-08-19,SPY,0.0,0.0,0.0,0.0,0.0,,0.0,-0.1570251119646286,1.0714867101415813,1.1165243519791586,163.3064165867266
2025-08-20,SPY,0.0,0.0,0.0,0.0,0.0,,0.0,-0.1570251119646286,1.0714867101415813,1.1165243519791586,163.3064165867266
2025-08-21,SPY,0.0,0.0,0.0,0.0,0.0,,0.0,-0.1570251119646286,1.0714867101415813,1.1165243519791586,163.3064165867266
2025-08-22,SPY,0.0,0.0,0.0,0.0,0.0,,0.0,-0.1570251119646286,1.0714867101415813,1.1165243519791586,163.3064165867266
2025-08-25,SPY,0.0,0.0,0.0,0.0,0.0,,0.0,-0.5368166890618793,0.8943855060950211,0.9556189622852591,167.39314963616442
2025-08-26,SPY,0.0,0.0,0.0,0.0,0.0,,0.0,-0.5368166890618793,0.8943855060950211,0.9556189622852591,167.39314963616442
2025-08-27,SPY,0.0,0.0,0.0,0.0,0.0,,0.0,-0.5368166890618793,0.8943855060950211,0.9556189622852591,167.39314963616442
2025-08-28,SPY,0.0,0.0,0.0,0.0,0.0,,0.0,-0.5368166890618793,0.8943855060950211,0.9556189622852591,167.39314963616442
2025-08-29,SPY,0.0,0.0,0.0,0.0,0.0,,0.0,-0.5368166890618793,0.8943855060950211,0.9556189622852591,167.39314963616442
2025-09-02,SPY,0.0,0.0,0.0,0.0,0.0,,0.0,-0.5846921087701759,0.8614680599102941,0.9245059823857853,169.58073178048807
2025-09-03,SPY,0.0,0.0,0.0,0.0,0.0,,0.0,-0.5846921087701759,0.8614680599102941,0.9245059823857853,169.58073178048807
2025-09-04,SPY,0.0,0.0,0.0,0.0,0.0,,0.0,-0.5846921087701759,0.8614680599102941,0.9245059823857853,169.58073178048807
2025-09-05,SPY,0.0,0.0,0.0,0.0,0.0,,0.0,-0.5846921087701759,0.8614680599102941,0.9245059823857853,169.58073178048807
2025-09-08,SPY,0.0,0.0,0.0,0.0,0.0,,0.0,0.0741989140098654,1.0383861504112195,1.1406527373036481,178.3758058095435
2025-09-09,SPY,0.0,0.0,0.0,0.0,0.0,,0.0,0.0741989140098654,1.0383861504112195,1.1406527373036481,178.3758058095435
2025-09-10,SPY,0.0,0.0,0.0,0.0,0.0,,0.0,0.0741989140098654,1.0383861504112195,1.1406527373036481,178.3758058095435
2025-09-11,SPY,0.0,0.0,0.0,0.0,0.0,,0.0,0.0741989140098654,1.0383861504112195,1.1406527373036481,178.3758058095435
2025-09-12,SPY,0.0,0.0,0.0,0.0,0.0,,0.0,0.0741989140098654,1.0383861504112195,1.1406527373036481,178.3758058095435
2025-09-15,SPY,0.0,0.0,0.0,0.0,0.0,,0.0,0.4372202151548899,1.1300728297682407,1.2475650225961652,178.55920229087968
2025-09-16,SPY,0.0,0.0,0.0,0.0,0.0,,0.0,0.4372202151548899,1.1300728297682407,1.2475650225961652,178.55920229087968
2025-09-17,SPY,0.0,0.0,0.0,0.0,0.0,,0.0,0.4372202151548899,1.1300728297682407,1.2475650225961652,178.55920229087968
2025-09-18,SPY,0.0,0.0,0.0,0.0,0.0,,0.0,0.4372202151548899,1.1300728297682407,1.2475650225961652,178.55920229087968
2025-09-19,SPY,0.0,0.0,0.0,0.0,0.0,,0.0,0.4372202151548899,1.1300728297682407,1.2475650225961652,178.55920229087968
2025-09-22,SPY,0.0,0.0,0.0,0.0,0.0,,0.0,0.07232201611243629,1.1887849706735216,1.1261415271358215,152.4405345841164
2025-09-23,SPY,0.0,0.0,0.0,0.0,0.0,,0.0,0.07232201611243629,1.1887849706735216,1.1261415271358215,152.4405345841164
2025-09-24,SPY,0.0,0.0,0.0,0.0,0.0,,0.0,0.07232201611243629,1.1887849706735216,1.1261415271358215,152.4405345841164
2025-09-25,SPY,0.0,0.0,0.0,0.0,0.0,,0.0,0.07232201611243629,1.1887849706735216,1.1261415271358215,152.4405345841164
2025-09-26,SPY,0.0,0.0,0.0,0.0,0.0,,0.0,0.07232201611243629,1.1887849706735216,1.1261415271358215,152.4405345841164
2025-09-29,SPY,0.0,0.0,0.0,0.0,0.0,,0.0,0.24135344231899228,1.1031470497039835,1.1254507489663406,163.12664337656662
2025-09-30,SPY,0.0,0.0,0.0,0.0,0.0,,0.0,0.24135344231899228,1.1031470497039835,1.1254507489663406,163.12664337656662
2025-10-01,SPY,0.0,0.0,0.0,0.0,0.0,,0.0,0.24135344231899228,1.1031470497039835,1.1254507489663406,163.12664337656662
2025-10-02,SPY,0.0,0.0,0.0,0.0,0.0,,0.0,0.24135344231899228,1.1031470497039835,1.1254507489663406,163.12664337656662
2025-10-03,SPY,0.0,0.0,0.0,0.0,0.0,,0.0,0.24135344231899228,1.1031470497039835,1.1254507489663406,163.12664337656662
2025-10-06,SPY,0.0,0.0,0.0,0.0,0.0,,0.0,0.1452812496772944,1.1785517042353253,0.9993188900659965,135.79568123628616
2025-10-07,SPY,0.0,0.0,0.0,0.0,0.0,,0.0,0.1452812496772944,1.1785517042353253,0.9993188900659965,135.79568123628616
2025-10-08,SPY,0.0,0.0,0.0,0.0,0.0,,0.0,0.1452812496772944,1.1785517042353253,0.9993188900659965,135.79568123628616
2025-10-09,SPY,0.0,0.0,0.0,0.0,0.0,,0.0,0.1452812496772944,1.1785517042353253,0.9993188900659965,135.79568123628616
2025-10-10,SPY,0.0,0.0,0.0,0.0,0.0,,0.0,0.1452812496772944,1.1785517042353253,0.9993188900659965,135.79568123628616
2025-10-13,SPY,0.0,0.0,0.0,0.0,0.5159857743413672,,0.0,1.7739786615120507,1.3941980784182828,1.2058417884403756,136.95988718464815
2025-10-14,SPY,0.0,0.0,0.0,0.0,0.5159857743413672,,0.0,1.7739786615120507,1.3941980784182828,1.2058417884403756,136.95988718464815
2025-10-15,SPY,0.0,0.0,0.0,0.0,0.5159857743413672,,0.0,1.7739786615120507,1.3941980784182828,1.2058417884403756,136.95988718464815
2025-10-16,SPY,0.1389275383959888,0.13588218144235084,0.2532990737910503,0.0,0.5159857743413672,,-0.0030453569536379455,1.7739786615120507,1.3941980784182828,1.2058417884403756,136.95988718464815
2025-10-17,SPY,0.0,0.0,0.0,0.0,0.5159857743413672,,0.0,1.7739786615120507,1.3941980784182828,1.2058417884403756,136.95988718464815
2025-10-20,SPY,0.0,0.0,0.0,0.0,0.0,,0.0,0.4192309189405512,1.0807968928229728,1.009465918308587,147.48567546144264
2025-10-21,SPY,0.0,0.0,0.0,0.0,0.0,,0.0,0.4192309189405512,1.0807968928229728,1.009465918308587,147.48567546144264
2025-10-22,SPY,0.0,0.0,0.0,0.0,0.0,,0.0,0.4192309189405512,1.0807968928229728,1.009465918308587,147.48567546144264
2025-10-23,SPY,0.0,0.0,0.0,0.0,0.0,,0.0,0.4192309189405512,1.0807968928229728,1.009465918308587,147.48567546144264
2025-10-24,SPY,0.0,0.0,0.0,0.0,0.0,,0.0,0.4192309189405512,1.0807968928229728,1.009465918308587,147.48567546144264
2025-10-27,SPY,0.0,0.0,0.0,0.0,0.09969775023538248,,0.0,1.1495466253530737,1.2218999305971032,1.1037849262305772,140.42010985622767
2025-10-28,SPY,0.0,0.0,0.0,0.0,0.09969775023538248,,0.0,1.1495466253530737,1.2218999305971032,1.1037849262305772,140.42010985622767
2025-10-29,SPY,0.0,0.0,0.0,0.02912839889812835,0.09969775023538248,,0.0,1.1495466253530737,1.2218999305971032,1.1037849262305772,140.42010985622767
2025-10-30,SPY,0.0,0.0,0.0,0.0,0.09969775023538248,,0.0,1.1495466253530737,1.2218999305971032,1.1037849262305772,140.42010985622767
2025-10-31,SPY,0.0,0.0,0.0,0.0,0.09969775023538248,,0.0,1.1495466253530737,1.2218999305971032,1.1037849262305772,140.42010985622767
2025-11-03,SPY,0.0,0.0,0.0,0.07687169103892888,0.9657057996758492,,0.0,2.448558699513774,1.494025069575173,1.2830650546792324,131.9015498643891
2025-11-04,SPY,0.0,0.0,0.0,0.020545194366810755,0.9657057996758492,,0.0,2.448558699513774,1.494025069575173,1.2830650546792324,131.9015498643891
2025-11-05,SPY,0.0,0.0,0.0,0.0,0.9657057996758492,,0.0,2.448558699513774,1.494025069575173,1.2830650546792324,131.9015498643891
2025-11-06,SPY,0.0,0.0,0.0,0.0,0.9657057996758492,,0.0,2.448558699513774,1.494025069575173,1.2830650546792324,131.9015498643891
2025-11-07,SPY,0.0,0.0,0.0,0.0,0.9657057996758492,,0.0,2.448558699513774,1.494025069575173,1.2830650546792324,131.9015498643891
2025-11-10,SPY,0.0,0.0,0.0,0.0,0.25965674671141087,,0.0,1.3894851200671163,1.3938086211018224,1.1099970097868772,118.77001251236688
2025-11-11,SPY,0.0,0.0,0.0,0.0,0.25965674671141087,,0.0,1.3894851200671163,1.3938086211018224,1.1099970097868772,118.77001251236688
2025-11-12,SPY,0.0,0.0,0.0,0.0,0.25965674671141087,,0.0,1.3894851200671163,1.3938086211018224,1.1099970097868772,118.77001251236688
2025-11-13,SPY,0.0,0.0,0.0,0.0,0.25965674671141087,,0.0,1.3894851200671163,1.3938086211018224,1.1099970097868772,118.77001251236688
2025-11-14,SPY,0.0,0.0,0.0,0.0,0.25965674671141087,,0.0,1.3894851200671163,1.3938086211018224,1.1099970097868772,118.77001251236688
2025-11-17,SPY,0.0,0.0,0.0,0.0,0.7864660549705732,,0.0,2.1796990824558597,1.4597287094456362,1.2357858165938007,123.01960489734464
2025-11-18,SPY,0.05665965386608329,0.054837177724598174,0.1977879984070746,0.0,0.7864660549705732,,-0.0018224761414851187,2.1796990824558597,1.4597287094456362,1.2357858165938007,123.01960489734464
2025-11-19,SPY,0.0,0.0,0.02770355498397355,0.0,0.7864660549705732,,0.0,2.1796990824558597,1.4597287094456362,1.2357858165938007,123.01960489734464
2025-11-20,SPY,0.2584029106867883,0.26749381731884486,0.344079439061345,0.0,0.7864660549705732,,0.009090906632056583,2.1796990824558597,1.4597287094456362,1.2357858165938007,123.01960489734464
2025-11-21,SPY,0.0,0.0,0.0,0.0,0.7864660549705732,,0.0,2.1796990824558597,1.4597287094456362,1.2357858165938007,123.01960489734464
2025-11-24,SPY,0.0,0.0,0.0,0.0,0.0,,0.0,-0.05234605636656715,0.8309841093039531,0.9022938037984342,157.36848274676143
2025-11-25,SPY,0.0,0.0,0.0,0.0,0.0,,0.0,-0.05234605636656715,0.8309841093039531,0.9022938037984342,157.36848274676143
2025-11-26,SPY,0.0,0.0,0.0,0.0,0.0,,0.0,-0.05234605636656715,0.8309841093039531,0.9022938037984342,157.36848274676143
2025-11-28,SPY,0.0,0.0,0.0,0.0,0.0,,0.0,-0.05234605636656715,0.8309841093039531,0.9022938037984342,157.36848274676143
2025-12-01,SPY,0.0,0.0,0.0,0.0,0.0,,0.0,-0.3686189313550434,0.9572070503804179,0.8513412474626281,126.64802318109625
2025-12-02,SPY,0.0,0.0,0.0,0.0,0.0,,0.0,-0.3686189313550434,0.9572070503804179,0.8513412474626281,126.64802318109625
2025-12-03,SPY,0.0,0.0,0.0,0.0,0.0,,0.0,-0.3686189313550434,0.9572070503804179,0.8513412474626281,126.64802318109625
2025-12-04,SPY,0.0,0.0,0.0,0.025156984760898855,0.0,,0.0,-0.3686189313550434,0.9572070503804179,0.8513412474626281,126.64802318109625
2025-12-05,SPY,0.0,0.0,0.0,0.09577265911277433,0.0,,0.0,-0.3686189313550434,0.9572070503804179,0.8513412474626281,126.64802318109625
2025-12-08,SPY,0.0,0.0,0.0,0.0,0.08282335031173875,,0.0,1.1242350254676081,1.157823450785032,1.0637949537294231,127.78799561179079
2025-12-09,SPY,0.0,0.0,0.0,0.0,0.08282335031173875,,0.0,1.1242350254676081,1.157823450785032,1.0637949537294231,127.78799561179079
2025-12-10,SPY,0.0,0.0,0.0,0.0,0.08282335031173875,,0.0,1.1242350254676081,1.157823450785032,1.0637949537294231,127.78799561179079
2025-12-11,SPY,0.0,0.0,0.0,0.0,0.08282335031173875,,0.0,1.1242350254676081,1.157823450785032,1.0637949537294231,127.78799561179079
2025-12-12,SPY,0.0,0.0,0.0,0.0,0.08282335031173875,,0.0,1.1242350254676081,1.157823450785032,1.0637949537294231,127.78799561179079
2025-12-15,SPY,0.0,0.0,0.0,0.0,1.0,,0.0,2.7469272702865344,1.3863006777343374,1.3484515877068397,132.30209261938325
2025-12-16,SPY,0.0,0.0,0.0,0.0,1.0,,0.0,2.7469272702865344,1.3863006777343374,1.3484515877068397,132.30209261938325
2025-12-17,SPY,0.0,0.0,0.0,0.0,1.0,,0.0,2.7469272702865344,1.3863006777343374,1.3484515877068397,132.30209261938325
2025-12-18,SPY,0.0,0.0,0.0,0.0,1.0,,0.0,2.7469272702865344,1.3863006777343374,1.3484515877068397,132.30209261938325
2025-12-19,SPY,0.0,0.0,0.0,0.0,1.0,,0.0,2.7469272702865344,1.3863006777343374,1.3484515877068397,132.30209261938325
2025-12-22,SPY,0.0,0.0,0.0,0.0,0.0,,0.0,-1.5616351440234792,0.684032947550839,0.6444206189655826,126.6939571273288
2025-12-23,SPY,0.0,0.0,0.0,0.0,0.0,,0.0,-1.5616351440234792,0.684032947550839,0.6444206189655826,126.6939571273288
2025-12-24,SPY,0.0,0.0,0.0,0.0,0.0,,0.0,-1.5616351440234792,0.684032947550839,0.6444206189655826,126.6939571273288
2025-12-26,SPY,0.0,0.0,0.0,0.0,0.0,,0.0,-1.5616351440234792,0.684032947550839,0.6444206189655826,126.6939571273288
2025-12-29,SPY,0.0,0.0,0.0,0.0,0.0,,0.0,-0.34156935391549464,0.7655295678056523,0.8646476282428496,151.0486292714232
2025-12-30,SPY,0.0,0.0,0.0,0.0,0.0,,0.0,-0.34156935391549464,0.7655295678056523,0.8646476282428496,151.0486292714232
2025-12-31,SPY,0.0,0.0,0.0,0.0,0.0,,0.0,-0.34156935391549464,0.7655295678056523,0.8646476282428496,151.0486292714232
2026-01-02,SPY,0.0,0.0,0.0,0.0,0.0,,0.0,-0.34156935391549464,0.7655295678056523,0.8646476282428496,151.0486292714232
2026-01-05,SPY,0.0,0.0,0.0,0.0,0.0,,0.0,-0.2835687249672192,1.11721907091221,0.8851683534105382,103.81457558457898
2026-01-06,SPY,0.0,0.0,0.0,0.0,0.0,,0.0,-0.2835687249672192,1.11721907091221,0.8851683534105382,103.81457558457898
2026-01-07,SPY,0.0,0.0,0.0,0.0,0.0,,0.0,-0.2835687249672192,1.11721907091221,0.8851683534105382,103.81457558457898
2026-01-08,SPY,0.0,0.0,0.0,0.0,0.0,,0.0,-0.2835687249672192,1.11721907091221,0.8851683534105382,103.81457558457898
2026-01-09,SPY,0.0,0.0,0.0,0.0,0.0,,0.0,-0.2835687249672192,1.11721907091221,0.8851683534105382,103.81457558457898
2026-01-12,SPY,0.0,0.0,0.0,0.0,0.07380863507252562,,0.0,1.1107129526087884,1.2261167116472032,1.1237309596297533,118.59335420750283
2026-01-13,SPY,0.0,0.0,0.0,0.0,0.07380863507252562,,0.0,1.1107129526087884,1.2261167116472032,1.1237309596297533,118.59335420750283
2026-01-14,SPY,0.0,0.0,0.0,0.0,0.07380863507252562,,0.0,1.1107129526087884,1.2261167116472032,1.1237309596297533,118.59335420750283
2026-01-15,SPY,0.0,0.0,0.0,0.0,0.07380863507252562,,0.0,1.1107129526087884,1.2261167116472032,1.1237309596297533,118.59335420750283
2026-01-16,SPY,0.0,0.0,0.0,0.0,0.07380863507252562,,0.0,1.1107129526087884,1.2261167116472032,1.1237309596297533,118.59335420750283
2026-01-20,SPY,0.0,0.0,0.0,0.19013931923368896,0.0,,0.0,0.02581635450512013,1.0451562560484404,0.9484486494454305,115.42954972095136
2026-01-21,SPY,0.0,0.0,0.0,0.11672349892979206,0.0,,0.0,0.02581635450512013,1.0451562560484404,0.9484486494454305,115.42954972095136
2026-01-22,SPY,0.0,0.0,0.0,0.0,0.0,,0.0,0.02581635450512013,1.0451562560484404,0.9484486494454305,115.42954972095136
2026-01-23,SPY,0.0,0.0,0.0,0.0,0.0,,0.0,0.02581635450512013,1.0451562560484404,0.9484486494454305,115.42954972095136
2026-01-26,SPY,0.0,0.0,0.0,0.0,0.0,,0.0,0.8997434082124276,1.1794129189651914,1.0875355497891348,115.49440184294804
2026-01-27,SPY,0.0,0.0,0.0,0.0,0.0,,0.0,0.8997434082124276,1.1794129189651914,1.0875355497891348,115.49440184294804
2026-01-28,SPY,0.0,0.0,0.0,0.0,0.0,,0.0,0.8997434082124276,1.1794129189651914,1.0875355497891348,115.49440184294804
2026-01-29,SPY,0.0,0.0,0.0,0.0,0.0,,0.0,0.8997434082124276,1.1794129189651914,1.0875355497891348,115.49440184294804
2026-01-30,SPY,0.0,0.0,0.0,0.0,0.0,,0.0,0.8997434082124276,1.1794129189651914,1.0875355497891348,115.49440184294804
2026-02-02,SPY,0.0,0.0,0.0,0.0,0.4057171587983735,,0.0,1.6085757381975603,1.350148460532898,1.222863687653051,111.65750664723647
2026-02-03,SPY,0.0,0.0,0.0,0.0,0.4057171587983735,,0.0,1.6085757381975603,1.350148460532898,1.222863687653051,111.65750664723647
2026-02-04,SPY,0.0,0.0,0.0,0.0,0.4057171587983735,,0.0,1.6085757381975603,1.350148460532898,1.222863687653051,111.65750664723647
2026-02-05,SPY,0.0,0.0,0.0,0.0,0.4057171587983735,,0.0,1.6085757381975603,1.350148460532898,1.222863687653051,111.65750664723647
2026-02-06,SPY,0.0,0.0,0.0,0.0,0.4057171587983735,,0.0,1.6085757381975603,1.350148460532898,1.222863687653051,111.65750664723647
2026-02-09,SPY,0.0,0.0,0.0,0.0,0.0,,0.0,0.925769497761225,1.2483365907184842,1.1144381018051461,109.17445088769053
2026-02-10,SPY,0.0,0.0,0.0,0.0,0.0,,0.0,0.925769497761225,1.2483365907184842,1.1144381018051461,109.17445088769053
2026-02-11,SPY,0.0,0.0,0.0,0.0,0.0,,0.0,0.925769497761225,1.2483365907184842,1.1144381018051461,109.17445088769053
2026-02-12,SPY,0.0,0.0,0.0,0.0,0.0,,0.0,0.925769497761225,1.2483365907184842,1.1144381018051461,109.17445088769053
2026-02-13,SPY,0.0,0.0,0.0,0.0,0.0,,0.0,0.925769497761225,1.2483365907184842,1.1144381018051461,109.17445088769053
2026-02-17,SPY,0.0,0.0,0.0,0.0,0.0,,0.0,-1.3025052715627838,0.8855741583009773,0.7615121773956753,104.03261533269239
2026-02-18,SPY,0.0,0.0,0.0,0.0,0.0,,0.0,-1.3025052715627838,0.8855741583009773,0.7615121773956753,104.03261533269239
2026-02-19,SPY,0.0,0.0,0.0,0.0,0.0,,0.0,-1.3025052715627838,0.8855741583009773,0.7615121773956753,104.03261533269239
2026-02-20,SPY,0.0,0.0,0.0,0.0,0.0,,0.0,-1.3025052715627838,0.8855741583009773,0.7615121773956753,104.03261533269239
2026-02-23,SPY,0.0,0.0,0.0,0.0,0.0,,0.0,0.4644260588764564,1.2388563865173643,1.065573556707152,100.82972308000164
2026-02-24,SPY,0.0,0.0,0.0,0.0,0.0,,0.0,0.4644260588764564,1.2388563865173643,1.065573556707152,100.82972308000164
2026-02-25,SPY,0.0,0.0,0.0,0.0,0.0,,0.0,0.4644260588764564,1.2388563865173643,1.065573556707152,100.82972308000164
2026-02-26,SPY,0.0,0.0,0.0,0.0,0.0,,0.0,0.4644260588764564,1.2388563865173643,1.065573556707152,100.82972308000164
2026-02-27,SPY,0.0,0.0,0.0,0.0,0.0,,0.0,0.4644260588764564,1.2388563865173643,1.065573556707152,100.82972308000164
2026-03-02,SPY,0.0,0.0,0.0,0.0,0.48528761621300937,,0.0,1.727931424319514,1.3433908554598681,1.2595137258610685,108.56650391419039
2026-03-03,SPY,0.0,0.0,0.25810938287106255,0.0,0.48528761621300937,,0.0,1.727931424319514,1.3433908554598681,1.2595137258610685,108.56650391419039
2026-03-04,SPY,0.0,0.0,0.0,0.0,0.48528761621300937,,0.0,1.727931424319514,1.3433908554598681,1.2595137258610685,108.56650391419039
2026-03-05,SPY,0.0,0.0,0.21786333675339842,0.13614971945381407,0.48528761621300937,,0.0,1.727931424319514,1.3433908554598681,1.2595137258610685,108.56650391419039
2026-03-06,SPY,0.6724100708942323,0.6129996588739197,0.8388591960500292,0.6125559764189686,0.48528761621300937,,-0.05941041202031261,1.727931424319514,1.3433908554598681,1.2595137258610685,108.56650391419039
2026-03-09,SPY,0.1603883233553005,0.17570686206257324,0.2965626176058689,0.0,0.2996068114535957,,0.015318538707272733,1.4494102171803935,1.275584714378868,1.2163656953783566,108.99530613051519
2026-03-10,SPY,0.08501910872297651,0.20308711523202602,0.052511248343541116,0.0,0.2996068114535957,,0.11806800650904951,1.4494102171803935,1.275584714378868,1.2163656953783566,108.99530613051519
2026-03-11,SPY,0.0,0.09364978294007835,0.0,0.184779979449558,0.2996068114535957,,0.09364978294007835,1.4494102171803935,1.275584714378868,1.2163656953783566,108.99530613051519
2026-03-12,SPY,0.37055412384675684,0.4637199812641515,0.3442038114794106,0.3148064724207522,0.2996068114535957,,0.09316585741739464,1.4494102171803935,1.275584714378868,1.2163656953783566,108.99530613051519
2026-03-13,SPY,0.34930140413348126,0.5142647703198745,0.20671660061545585,0.23777851421886145,0.2996068114535957,,0.16496336618639323,1.4494102171803935,1.275584714378868,1.2163656953783566,108.99530613051519
2026-03-16,SPY,0.0,0.05943873511378772,0.0,0.09590556330225164,1.0,,0.05943873511378772,2.9298089313097466,1.3619418309597533,1.5759572584599364,132.72637910302467
2026-03-17,SPY,0.0,0.0,0.0,0.0,1.0,,0.0,2.9298089313097466,1.3619418309597533,1.5759572584599364,132.72637910302467
2026-03-18,SPY,0.07473243326804369,0.3563802259554323,0.0,0.0,1.0,,0.2816477926873886,2.9298089313097466,1.3619418309597533,1.5759572584599364,132.72637910302467
2026-03-19,SPY,0.0,0.1570881641576151,0.0,0.0,1.0,,0.1570881641576151,2.9298089313097466,1.3619418309597533,1.5759572584599364,132.72637910302467
2026-03-20,SPY,0.27504334232291844,0.5020484254581671,0.03308523056822047,0.10049274586715103,1.0,,0.22700508313524864,2.9298089313097466,1.3619418309597533,1.5759572584599364,132.72637910302467
2026-03-23,SPY,0.1928038562805369,0.24652758273832168,0.2486760124217852,0.09441420955390252,0.334280073440077,,0.05372372645778478,1.5014201101601155,1.3571040208772007,1.2441335580597088,103.67212370379235
2026-03-24,SPY,0.2856236538642576,0.3245023140124001,0.35383885828994455,0.6323989077988892,0.334280073440077,,0.03887866014814251,1.5014201101601155,1.3571040208772007,1.2441335580597088,103.67212370379235
2026-03-25,SPY,0.0827173467822823,0.14621801527569378,0.13426745450197183,0.0,0.334280073440077,,0.06350066849341147,1.5014201101601155,1.3571040208772007,1.2441335580597088,103.67212370379235
2026-03-26,SPY,0.34650178200451753,0.43023582594443316,0.33022413146349566,0.4991570165126899,0.334280073440077,,0.08373404393991563,1.5014201101601155,1.3571040208772007,1.2441335580597088,103.67212370379235
2026-03-27,SPY,0.8555421246121595,0.8686486827903283,0.8051100644280341,0.0,0.334280073440077,,0.013106558178168748,1.5014201101601155,1.3571040208772007,1.2441335580597088,103.67212370379235
2026-03-30,SPY,0.8826457239568274,0.8950532342033913,0.7866669031439578,0.0,0.0,,0.012407510246563946,0.8163292066571062,1.0725964350908848,1.0863882810330407,112.92917407002437
2026-03-31,SPY,0.2600896964535269,0.27053728221118395,0.2741018952407697,0.0,0.0,,0.01044758575765703,0.8163292066571062,1.0725964350908848,1.0863882810330407,112.92917407002437
2026-04-01,SPY,0.17564663549566953,0.13923349006048827,0.2862798656344426,0.0,0.0,,-0.03641314543518126,0.8163292066571062,1.0725964350908848,1.0863882810330407,112.92917407002437
2026-04-02,SPY,0.12179166308203238,0.15317931041820612,0.10277288474976887,0.0,0.0,,0.031387647336173746,0.8163292066571062,1.0725964350908848,1.0863882810330407,112.92917407002437
2026-04-06,SPY,0.22754097042455834,0.2200831657807448,0.236128229692847,0.0,0.0,,-0.007457804643813543,-1.0715558137548065,0.7760931048848907,0.7092624524987325,101.80183597348214
2026-04-07,SPY,0.5104950201721756,0.4230537135992865,0.5742883101065456,0.0,0.0,,-0.08744130657288912,-1.0715558137548065,0.7760931048848907,0.7092624524987325,101.80183597348214
2026-04-08,SPY,0.0,0.0,0.0,0.0,0.0,,0.0,-1.0715558137548065,0.7760931048848907,0.7092624524987325,101.80183597348214
2026-04-09,SPY,0.0,0.0,0.0,0.0,0.0,,0.0,-1.0715558137548065,0.7760931048848907,0.7092624524987325,101.80183597348214
2026-04-10,SPY,0.0,0.0,0.0,0.0,0.0,,0.0,-1.0715558137548065,0.7760931048848907,0.7092624524987325,101.80183597348214
2026-04-13,SPY,0.0,0.0,0.0,0.0,0.0,,0.0,0.07978976850888582,0.8677931603832351,0.9439819066787134,121.3523091129737
2026-04-14,SPY,0.0,0.0,0.0,0.0,0.0,,0.0,0.07978976850888582,0.8677931603832351,0.9439819066787134,121.3523091129737
2026-04-15,SPY,0.0,0.0,0.0,0.0,0.0,,0.0,0.07978976850888582,0.8677931603832351,0.9439819066787134,121.3523091129737
2026-04-16,SPY,0.0,0.0,0.0,0.0,0.0,,0.0,0.07978976850888582,0.8677931603832351,0.9439819066787134,121.3523091129737
2026-04-17,SPY,0.0,0.0,0.0,0.0,0.0,,0.0,0.07978976850888582,0.8677931603832351,0.9439819066787134,121.3523091129737
2026-04-20,SPY,0.0,0.0,0.0,0.0,0.0,,0.0,-1.329529986523472,0.7931780456595005,0.6562382826068308,91.06962433040508
2026-04-21,SPY,0.0,0.0,0.0,0.0,0.0,,0.0,-1.329529986523472,0.7931780456595005,0.6562382826068308,91.06962433040508
2026-04-22,SPY,0.0,0.0,0.0,0.0,0.0,,0.0,-1.329529986523472,0.7931780456595005,0.6562382826068308,91.06962433040508
2026-04-23,SPY,0.0,0.0,0.0,0.0,0.0,,0.0,-1.329529986523472,0.7931780456595005,0.6562382826068308,91.06962433040508
2026-04-24,SPY,0.0,0.0,0.0,0.0,0.0,,0.0,-1.329529986523472,0.7931780456595005,0.6562382826068308,91.06962433040508
2026-04-27,SPY,0.0,0.0,0.0,0.06859540691867567,0.0,,0.0,-1.097138004670204,0.7463172338549623,0.7076119031707501,103.6506649495922
2026-04-28,SPY,0.0,0.0,0.0,0.0,0.0,,0.0,-1.097138004670204,0.7463172338549623,0.7076119031707501,103.6506649495922
2026-04-29,SPY,0.0,0.0,0.0,0.31807060946259275,0.0,,0.0,-1.097138004670204,0.7463172338549623,0.7076119031707501,103.6506649495922
2026-04-30,SPY,0.0,0.0,0.0,0.0,0.0,,0.0,-1.097138004670204,0.7463172338549623,0.7076119031707501,103.6506649495922
2026-05-01,SPY,0.0,0.0,0.0,0.0,0.0,,0.0,-1.097138004670204,0.7463172338549623,0.7076119031707501,103.6506649495922
2026-05-04,SPY,0.0,0.0,0.0,0.16222369147894553,0.0,,0.0,-0.9919314529710022,0.8268069228326452,0.7359215092963683,96.39578048213734
2026-05-05,SPY,0.0,0.0,0.0,0.0,0.0,,0.0,-0.9919314529710022,0.8268069228326452,0.7359215092963683,96.39578048213734
2026-05-06,SPY,0.0,0.0,0.0,0.0,0.0,,0.0,-0.9919314529710022,0.8268069228326452,0.7359215092963683,96.39578048213734
2026-05-07,SPY,0.0,0.0,0.0,0.0,0.0,,0.0,-0.9919314529710022,0.8268069228326452,0.7359215092963683,96.39578048213734
2026-05-08,SPY,0.0,0.0,0.0,0.0,0.0,,0.0,-0.9919314529710022,0.8268069228326452,0.7359215092963683,96.39578048213734
2026-05-11,SPY,0.0,0.0,0.0,0.0,0.0,,0.0,-0.2733966409040866,0.987150707518979,0.9082643395586235,98.92694877793222
2026-05-12,SPY,0.0,0.0,0.0,0.0,0.0,,0.0,-0.2733966409040866,0.987150707518979,0.9082643395586235,98.92694877793222
2026-05-13,SPY,0.0,0.0,0.0,0.19668925126961456,0.0,,0.0,-0.2733966409040866,0.987150707518979,0.9082643395586235,98.92694877793222
2026-05-14,SPY,0.0,0.0,0.0,0.0,0.0,,0.0,-0.2733966409040866,0.987150707518979,0.9082643395586235,98.92694877793222
2026-05-15,SPY,0.0,0.0,0.0,1.0,0.0,,0.0,-0.2733966409040866,0.987150707518979,0.9082643395586235,98.92694877793222
2026-05-18,SPY,0.0,0.0,0.0,0.9129606709457828,0.0,,0.0,-0.8038538971463665,0.8848277170573772,0.766451760353548,92.40836594990166
2026-05-19,SPY,0.0,0.0,0.0,1.0,0.0,,0.0,-0.8038538971463665,0.8848277170573772,0.766451760353548,92.40836594990166
2026-05-20,SPY,0.0,0.0,0.0,0.22132534283804808,0.0,,0.0,-0.8038538971463665,0.8848277170573772,0.766451760353548,92.40836594990166
2026-05-21,SPY,0.0,0.0,0.0,0.13265018047418664,0.0,,0.0,-0.8038538971463665,0.8848277170573772,0.766451760353548,92.40836594990166
2026-05-22,SPY,0.0,0.0,0.0,0.0,0.0,,0.0,-0.8038538971463665,0.8848277170573772,0.766451760353548,92.40836594990166
2026-05-26,SPY,0.0,0.0,0.0,0.0,0.0,,0.0,-0.8038538971463665,0.8848277170573772,0.766451760353548,92.40836594990166
2026-05-27,SPY,0.0,0.0,0.0,0.0,0.0,,0.0,-0.8038538971463665,0.8848277170573772,0.766451760353548,92.40836594990166
2026-05-28,SPY,0.0,0.0,0.0,0.0,0.0,,0.0,-0.8038538971463665,0.8848277170573772,0.766451760353548,92.40836594990166
2026-05-29,SPY,0.0,0.0,0.0,0.0,0.0,,0.0,-0.8038538971463665,0.8848277170573772,0.766451760353548,92.40836594990166
2026-06-01,SPY,0.0,0.0,0.0,0.0,0.0,,0.0,-0.8038538971463665,0.8848277170573772,0.766451760353548,92.40836594990166
2026-06-02,SPY,0.0,0.0,0.0,0.0,0.0,,0.0,-0.8038538971463665,0.8848277170573772,0.766451760353548,92.40836594990166
2026-06-03,SPY,0.0,0.0,0.0,0.0,0.0,,0.0,-0.8038538971463665,0.8848277170573772,0.766451760353548,92.40836594990166
2026-06-04,SPY,0.0,0.0,0.0,0.0,0.0,,0.0,-0.8038538971463665,0.8848277170573772,0.766451760353548,92.40836594990166
2026-06-05,SPY,0.009128575259308954,0.0,0.5434219168576403,0.13471172209645013,0.0,,-0.009128575259308954,-0.8038538971463665,0.8848277170573772,0.766451760353548,92.40836594990166
2026-06-08,SPY,0.0,0.0,0.0,0.0477919949826903,0.0,,0.0,-0.8038538971463665,0.8848277170573772,0.766451760353548,92.40836594990166
2026-06-09,SPY,0.0,0.0,0.0,0.12279500552405676,0.0,,0.0,-0.8038538971463665,0.8848277170573772,0.766451760353548,92.40836594990166
2026-06-10,SPY,0.0,0.0,0.0,0.12279500552405676,0.0,,0.0,-0.8038538971463665,0.8848277170573772,0.766451760353548,92.40836594990166
