date,symbol,readiness_score,ignition_score,early_score,early_bucket,dp_strength,transition_flag,compression_flag,trigger_cluster,trade_permission,tr_lift,cluster_slope,signal_ts,signal_version
2024-02-01,SPY,0.0,0.0,0.0,unknown,0.0,0,0,0.0,0,,,2026-02-06T20:59:43.200961+00:00,v1_early_readiness_ignition
2024-02-02,SPY,0.0,0.0,0.0,unknown,0.0,0,0,0.0,0,,0.0,2026-02-06T20:59:43.200961+00:00,v1_early_readiness_ignition
2024-02-05,SPY,0.0,0.0,0.0,unknown,0.0,0,0,0.0,0,,0.0,2026-02-06T20:59:43.200961+00:00,v1_early_readiness_ignition
2024-02-06,SPY,0.0,0.0,0.0,unknown,0.0,0,0,0.0,0,,0.0,2026-02-06T20:59:43.200961+00:00,v1_early_readiness_ignition
2024-02-07,SPY,0.0,0.0,0.0,unknown,0.0,0,0,0.0,0,1.0,0.0,2026-02-06T20:59:43.200961+00:00,v1_early_readiness_ignition
2024-02-08,SPY,0.0,0.0,0.0,unknown,0.0,0,0,0.0,0,0.330690776744456,0.0,2026-02-06T20:59:43.200961+00:00,v1_early_readiness_ignition
2024-02-09,SPY,0.0,0.0,0.0,unknown,0.0,0,0,0.0,0,0.7960149858761978,0.0,2026-02-06T20:59:43.200961+00:00,v1_early_readiness_ignition
2024-02-12,SPY,0.0,0.0,0.0,unknown,0.0,0,0,0.0,0,0.862809570157113,0.0,2026-02-06T20:59:43.200961+00:00,v1_early_readiness_ignition
2024-02-13,SPY,0.0,28.0,28.0,unknown,0.0,0,0,1.0,0,2.439576617117174,0.2,2026-02-06T20:59:43.200961+00:00,v1_early_readiness_ignition
2024-02-14,SPY,0.0,13.89244455256308,13.89244455256308,unknown,0.0,0,0,1.0,0,1.147311113814077,0.2,2026-02-06T20:59:43.200961+00:00,v1_early_readiness_ignition
2024-02-15,SPY,0.0,8.0,8.0,unknown,0.0,0,0,1.0,0,0.9289334508487065,0.2,2026-02-06T20:59:43.200961+00:00,v1_early_readiness_ignition
2024-02-16,SPY,0.0,10.391981458005734,10.391981458005734,unknown,0.0,0,0,1.0,0,1.0597995364501434,0.2,2026-02-06T20:59:43.200961+00:00,v1_early_readiness_ignition
2024-02-20,SPY,0.0,20.324550209267837,20.324550209267837,unknown,0.0,0,0,1.0,0,1.308113755231696,0.2,2026-02-06T20:59:43.200961+00:00,v1_early_readiness_ignition
2024-02-21,SPY,0.0,0.0,0.0,unknown,0.0,0,0,1.0,0,0.9661577275622992,0.0,2026-02-06T20:59:43.200961+00:00,v1_early_readiness_ignition
2024-02-22,SPY,0.0,28.0,28.0,unknown,0.0,0,0,2.0,0,2.8578482665360623,0.2,2026-02-06T20:59:43.200961+00:00,v1_early_readiness_ignition
2024-02-23,SPY,25.0,8.0,33.0,unknown,0.0,0,1,2.0,1,0.7521013501889038,0.2,2026-02-06T20:59:43.200961+00:00,v1_early_readiness_ignition
2024-02-26,SPY,25.0,8.0,33.0,unknown,0.0,0,1,2.0,1,0.7168603227156932,0.2,2026-02-06T20:59:43.200961+00:00,v1_early_readiness_ignition
2024-02-27,SPY,25.0,8.0,33.0,unknown,0.0,0,1,2.0,1,0.5999923849740123,0.2,2026-02-06T20:59:43.200961+00:00,v1_early_readiness_ignition
2024-02-28,SPY,25.0,0.0,25.0,unknown,0.0,0,1,1.0,0,0.5198666880692512,0.0,2026-02-06T20:59:43.200961+00:00,v1_early_readiness_ignition
2024-02-29,SPY,0.0,6.4005149177332665,6.4005149177332665,quiet,0.0,0,0,1.0,0,1.1600128729433317,-0.2,2026-02-06T20:59:43.200961+00:00,v1_early_readiness_ignition
2024-03-01,SPY,0.0,11.669573349818645,11.669573349818645,quiet,0.0,0,0,1.0,0,1.2917393337454661,-0.2,2026-02-06T20:59:43.200961+00:00,v1_early_readiness_ignition
2024-03-04,SPY,25.0,0.0,25.0,quiet,0.0,0,1,1.0,0,0.6289933608708687,-0.2,2026-02-06T20:59:43.200961+00:00,v1_early_readiness_ignition
2024-03-05,SPY,0.0,20.0,20.0,quiet,0.0,0,0,1.0,0,2.1150978817568586,-0.2,2026-02-06T20:59:43.200961+00:00,v1_early_readiness_ignition
2024-03-06,SPY,0.0,12.679577820803,12.679577820803,quiet,0.0,0,0,1.0,0,1.316989445520075,0.0,2026-02-06T20:59:43.200961+00:00,v1_early_readiness_ignition
2024-03-07,SPY,0.0,20.0,20.0,quiet,0.0,0,0,0.0,0,1.6453050105753257,-0.2,2026-02-06T20:59:43.200961+00:00,v1_early_readiness_ignition
2024-03-08,SPY,0.0,20.0,20.0,quiet,0.0,0,0,0.0,0,1.504070448514198,-0.2,2026-02-06T20:59:43.200961+00:00,v1_early_readiness_ignition
2024-03-11,SPY,5.6155447706153065,0.0,5.6155447706153065,quiet,0.37436965137435374,0,0,0.0,0,0.721366457914547,-0.2,2026-02-06T20:59:43.200961+00:00,v1_early_readiness_ignition
2024-03-12,SPY,5.6155447706153065,11.276405211790301,16.891949982405606,quiet,0.37436965137435374,0,0,0.0,0,1.2819101302947575,-0.2,2026-02-06T20:59:43.200961+00:00,v1_early_readiness_ignition
2024-03-13,SPY,30.61554477061531,0.0,30.61554477061531,quiet,0.37436965137435374,0,1,0.0,0,0.5446504942962686,-0.2,2026-02-06T20:59:43.200961+00:00,v1_early_readiness_ignition
2024-03-14,SPY,5.6155447706153065,0.07206955011039184,5.687614320725698,quiet,0.37436965137435374,0,0,0.0,0,1.0018017387527598,0.0,2026-02-06T20:59:43.200961+00:00,v1_early_readiness_ignition
2024-03-15,SPY,5.6155447706153065,7.504279321056151,13.119824091671457,quiet,0.37436965137435374,0,0,0.0,0,1.1876069830264038,0.0,2026-02-06T20:59:43.200961+00:00,v1_early_readiness_ignition
2024-03-18,SPY,0.0,0.0,0.0,quiet,0.0,0,0,0.0,0,0.9583593106378492,0.0,2026-02-06T20:59:43.200961+00:00,v1_early_readiness_ignition
2024-03-19,SPY,0.0,0.0,0.0,quiet,0.0,0,0,0.0,0,0.8903847424435701,0.0,2026-02-06T20:59:43.200961+00:00,v1_early_readiness_ignition
2024-03-20,SPY,0.0,0.0,0.0,quiet,0.0,0,0,0.0,0,0.9844356297853597,0.0,2026-02-06T20:59:43.200961+00:00,v1_early_readiness_ignition
2024-03-21,SPY,0.0,0.0,0.0,quiet,0.0,0,0,0.0,0,0.6631581020774007,0.0,2026-02-06T20:59:43.200961+00:00,v1_early_readiness_ignition
2024-03-22,SPY,25.0,0.0,25.0,quiet,0.0,0,1,0.0,0,0.3171258136271507,0.0,2026-02-06T20:59:43.200961+00:00,v1_early_readiness_ignition
2024-03-25,SPY,25.0,0.0,25.0,quiet,0.0,0,1,0.0,0,0.30998302343711737,0.0,2026-02-06T20:59:43.200961+00:00,v1_early_readiness_ignition
2024-03-26,SPY,0.0,0.0,0.0,quiet,0.0,0,0,0.0,0,0.7420519163588644,0.0,2026-02-06T20:59:43.200961+00:00,v1_early_readiness_ignition
2024-03-27,SPY,0.0,0.0,0.0,quiet,0.0,0,0,0.0,0,0.9425279138464565,0.0,2026-02-06T20:59:43.200961+00:00,v1_early_readiness_ignition
2024-03-28,SPY,25.0,0.0,25.0,quiet,0.0,0,1,0.0,0,0.4526363390663913,0.0,2026-02-06T20:59:43.200961+00:00,v1_early_readiness_ignition
2024-04-01,SPY,0.0,0.0,0.0,quiet,0.0,0,0,0.0,0,0.9662750117603209,0.0,2026-02-06T20:59:43.200961+00:00,v1_early_readiness_ignition
2024-04-02,SPY,0.0,20.0,20.0,quiet,0.0,0,0,0.0,0,1.6123006659771335,0.0,2026-02-06T20:59:43.200961+00:00,v1_early_readiness_ignition
2024-04-03,SPY,0.0,0.0,0.0,quiet,0.0,0,0,0.0,0,0.984626086320248,0.0,2026-02-06T20:59:43.200961+00:00,v1_early_readiness_ignition
2024-04-04,SPY,0.0,28.0,28.0,quiet,0.0,0,0,1.0,0,3.3314269144947835,0.2,2026-02-06T20:59:43.200961+00:00,v1_early_readiness_ignition
2024-04-05,SPY,0.0,28.0,28.0,quiet,0.0,0,0,1.0,0,2.2372661942641825,0.2,2026-02-06T20:59:43.200961+00:00,v1_early_readiness_ignition
2024-04-08,SPY,25.0,8.0,33.0,quiet,0.0,0,1,1.0,0,0.6879680735111667,0.2,2026-02-06T20:59:43.200961+00:00,v1_early_readiness_ignition
2024-04-09,SPY,0.0,28.0,28.0,quiet,0.0,0,0,1.0,0,1.6450525747043312,0.2,2026-02-06T20:59:43.200961+00:00,v1_early_readiness_ignition
2024-04-10,SPY,0.0,25.532335277467908,25.532335277467908,quiet,0.0,0,0,1.0,0,1.4383083819366977,0.2,2026-02-06T20:59:43.200961+00:00,v1_early_readiness_ignition
2024-04-11,SPY,0.0,9.598423486306267,9.598423486306267,quiet,0.0,0,0,1.0,0,1.2399605871576567,0.0,2026-02-06T20:59:43.200961+00:00,v1_early_readiness_ignition
2024-04-12,SPY,0.0,20.46008014520603,20.46008014520603,quiet,0.0,0,0,2.0,0,1.3115020036301508,0.2,2026-02-06T20:59:43.200961+00:00,v1_early_readiness_ignition
2024-04-15,SPY,0.0,36.0,36.0,quiet,0.0,0,0,3.0,0,1.622126762100298,0.4,2026-02-06T20:59:43.200961+00:00,v1_early_readiness_ignition
2024-04-16,SPY,0.0,16.0,16.0,quiet,0.0,0,0,3.0,0,0.6012991026755781,0.4,2026-02-06T20:59:43.200961+00:00,v1_early_readiness_ignition
2024-04-17,SPY,0.0,16.0,16.0,quiet,0.0,0,0,3.0,0,0.9907240718169041,0.4,2026-02-06T20:59:43.200961+00:00,v1_early_readiness_ignition
2024-04-18,SPY,0.0,8.0,8.0,quiet,0.0,0,0,2.0,0,0.7942034771607792,0.2,2026-02-06T20:59:43.200961+00:00,v1_early_readiness_ignition
2024-04-19,SPY,0.0,0.0,0.0,quiet,0.0,0,0,2.0,0,0.9738594073245597,0.0,2026-02-06T20:59:43.200961+00:00,v1_early_readiness_ignition
2024-04-22,SPY,0.0,1.6270062163687982,1.6270062163687982,quiet,0.0,0,0,2.0,0,1.04067515540922,-0.2,2026-02-06T20:59:43.200961+00:00,v1_early_readiness_ignition
2024-04-23,SPY,0.0,0.0,0.0,quiet,0.0,0,0,2.0,0,0.9369154883092057,-0.2,2026-02-06T20:59:43.200961+00:00,v1_early_readiness_ignition
2024-04-24,SPY,0.0,0.0,0.0,quiet,0.0,0,0,2.0,0,0.6140064060717862,-0.2,2026-02-06T20:59:43.200961+00:00,v1_early_readiness_ignition
2024-04-25,SPY,0.0,13.898672806152847,13.898672806152847,quiet,0.0,0,0,3.0,0,1.1474668201538212,0.2,2026-02-06T20:59:43.200961+00:00,v1_early_readiness_ignition
2024-04-26,SPY,0.0,0.0,0.0,quiet,0.0,0,0,2.0,0,0.9636615422100732,0.0,2026-02-06T20:59:43.200961+00:00,v1_early_readiness_ignition
2024-04-29,SPY,25.0,0.0,25.0,quiet,0.0,0,1,1.0,0,0.533428505524426,-0.2,2026-02-06T20:59:43.200961+00:00,v1_early_readiness_ignition
2024-04-30,SPY,0.0,8.1130490922701,8.1130490922701,quiet,0.0,0,0,2.0,0,1.2028262273067525,0.0,2026-02-06T20:59:43.200961+00:00,v1_early_readiness_ignition
2024-05-01,SPY,0.0,18.339719450917258,18.339719450917258,quiet,0.0,0,0,3.0,0,1.2584929862729315,0.2,2026-02-06T20:59:43.200961+00:00,v1_early_readiness_ignition
2024-05-02,SPY,0.0,0.0,0.0,quiet,0.0,0,0,3.0,0,0.962123234697904,0.0,2026-02-06T20:59:43.200961+00:00,v1_early_readiness_ignition
2024-05-03,SPY,0.0,10.990954883040278,10.990954883040278,quiet,0.0,0,0,3.0,0,1.074773872076007,0.2,2026-02-06T20:59:43.200961+00:00,v1_early_readiness_ignition
2024-05-06,SPY,25.0,16.0,41.0,quiet,0.0,0,1,3.0,1,0.8060027971906111,0.4,2026-02-06T20:59:43.200961+00:00,v1_early_readiness_ignition
2024-05-07,SPY,25.0,8.0,33.0,quiet,0.0,0,1,3.0,1,0.32362453149082837,0.2,2026-02-06T20:59:43.200961+00:00,v1_early_readiness_ignition
2024-05-08,SPY,25.0,0.0,25.0,quiet,0.0,0,1,3.0,1,0.3964577277119125,0.0,2026-02-06T20:59:43.200961+00:00,v1_early_readiness_ignition
2024-05-09,SPY,25.0,0.0,25.0,quiet,0.0,0,1,2.0,1,0.5865212800416,-0.2,2026-02-06T20:59:43.200961+00:00,v1_early_readiness_ignition
2024-05-10,SPY,25.0,0.0,25.0,quiet,0.0,0,1,2.0,1,0.6781979638919226,-0.2,2026-02-06T20:59:43.200961+00:00,v1_early_readiness_ignition
2024-05-13,SPY,25.0,0.0,25.0,quiet,0.0,0,1,2.0,1,0.6551828441411054,-0.2,2026-02-06T20:59:43.200961+00:00,v1_early_readiness_ignition
2024-05-14,SPY,0.0,0.0,0.0,quiet,0.0,0,0,1.0,0,0.9624507001143835,-0.4,2026-02-06T20:59:43.200961+00:00,v1_early_readiness_ignition
2024-05-15,SPY,0.0,20.0,20.0,quiet,0.0,0,0,0.0,0,1.9864226764043211,-0.6,2026-02-06T20:59:43.200961+00:00,v1_early_readiness_ignition
2024-05-16,SPY,25.0,0.0,25.0,quiet,0.0,0,1,0.0,0,0.9266244621013425,-0.4,2026-02-06T20:59:43.200961+00:00,v1_early_readiness_ignition
2024-05-17,SPY,25.0,0.0,25.0,quiet,0.0,0,1,0.0,0,0.724391496403639,-0.4,2026-02-06T20:59:43.200961+00:00,v1_early_readiness_ignition
2024-05-20,SPY,25.0,0.0,25.0,quiet,0.0,0,1,0.0,0,0.8024743207865311,-0.4,2026-02-06T20:59:43.200961+00:00,v1_early_readiness_ignition
2024-05-21,SPY,25.0,0.0,25.0,quiet,0.0,0,1,0.0,0,0.821672518222961,-0.2,2026-02-06T20:59:43.200961+00:00,v1_early_readiness_ignition
2024-05-22,SPY,0.0,9.535398571780762,9.535398571780762,quiet,0.0,0,0,0.0,0,1.238384964294519,0.0,2026-02-06T20:59:43.200961+00:00,v1_early_readiness_ignition
2024-05-23,SPY,0.0,28.0,28.0,quiet,0.0,0,0,1.0,0,2.743476041042181,0.2,2026-02-06T20:59:43.200961+00:00,v1_early_readiness_ignition
2024-05-24,SPY,0.0,23.075296320443947,23.075296320443947,quiet,0.0,0,0,1.0,0,1.3768824080110986,0.2,2026-02-06T20:59:43.200961+00:00,v1_early_readiness_ignition
2024-05-28,SPY,0.0,8.45486111664614,8.45486111664614,quiet,0.0,0,0,1.0,0,1.0113715279161535,0.2,2026-02-06T20:59:43.200961+00:00,v1_early_readiness_ignition
2024-05-29,SPY,0.0,17.530081765675718,17.530081765675718,quiet,0.0,0,0,1.0,0,1.238252044141893,0.2,2026-02-06T20:59:43.200961+00:00,v1_early_readiness_ignition
2024-05-30,SPY,0.0,21.586118949896317,21.586118949896317,quiet,0.0,0,0,1.0,0,1.3396529737474079,0.2,2026-02-06T20:59:43.200961+00:00,v1_early_readiness_ignition
2024-05-31,SPY,0.0,28.0,28.0,quiet,0.0,0,0,2.0,0,2.2849098535340633,0.2,2026-02-06T20:59:43.200961+00:00,v1_early_readiness_ignition
2024-06-03,SPY,0.0,28.0,28.0,quiet,0.0,0,0,2.0,0,1.5352798618235648,0.2,2026-02-06T20:59:43.200961+00:00,v1_early_readiness_ignition
2024-06-04,SPY,0.0,8.0,8.0,quiet,0.0,0,0,2.0,0,0.9579082817681948,0.2,2026-02-06T20:59:43.200961+00:00,v1_early_readiness_ignition
2024-06-05,SPY,0.0,22.670642157722725,22.670642157722725,quiet,0.0,0,0,2.0,0,1.3667660539430682,0.2,2026-02-06T20:59:43.200961+00:00,v1_early_readiness_ignition
2024-06-06,SPY,25.0,8.0,33.0,quiet,0.0,0,1,2.0,1,0.5874518688193541,0.2,2026-02-06T20:59:43.200961+00:00,v1_early_readiness_ignition
2024-06-07,SPY,0.0,0.0,0.0,quiet,0.0,0,0,1.0,0,0.9817349872568851,-0.2,2026-02-06T20:59:43.200961+00:00,v1_early_readiness_ignition
2024-06-10,SPY,0.0,0.0,0.0,quiet,0.0,0,0,1.0,0,0.775510852336078,-0.2,2026-02-06T20:59:43.200961+00:00,v1_early_readiness_ignition
2024-06-11,SPY,0.0,2.4583853359119168,2.4583853359119168,quiet,0.0,0,0,1.0,0,1.061459633397798,-0.2,2026-02-06T20:59:43.200961+00:00,v1_early_readiness_ignition
2024-06-12,SPY,0.0,18.290771931809722,18.290771931809722,quiet,0.0,0,0,1.0,0,1.457269298295243,-0.2,2026-02-06T20:59:43.200961+00:00,v1_early_readiness_ignition
2024-06-13,SPY,0.0,0.0,0.0,quiet,0.0,0,0,1.0,0,0.7942765265373596,-0.2,2026-02-06T20:59:43.200961+00:00,v1_early_readiness_ignition
2024-06-14,SPY,0.0,0.0,0.0,quiet,0.0,0,0,0.0,0,0.6789258918395027,-0.2,2026-02-06T20:59:43.200961+00:00,v1_early_readiness_ignition
2024-06-17,SPY,0.0,20.0,20.0,quiet,0.0,0,0,0.0,0,1.5862518885321992,-0.2,2026-02-06T20:59:43.200961+00:00,v1_early_readiness_ignition
2024-06-18,SPY,45.0,0.0,45.0,quiet,0.0,1,1,0.0,0,0.4592489067964519,-0.2,2026-02-06T20:59:43.200961+00:00,v1_early_readiness_ignition
2024-06-20,SPY,0.0,7.892565850882232,7.892565850882232,quiet,0.0,0,0,0.0,0,1.1973141462720558,-0.2,2026-02-06T20:59:43.200961+00:00,v1_early_readiness_ignition
2024-06-21,SPY,0.0,0.0,0.0,quiet,0.0,0,0,0.0,0,0.944195449567142,-0.2,2026-02-06T20:59:43.200961+00:00,v1_early_readiness_ignition
2024-06-24,SPY,0.0,1.7759727010087811,1.7759727010087811,quiet,0.0,0,0,0.0,0,1.0443993175252195,0.0,2026-02-06T20:59:43.200961+00:00,v1_early_readiness_ignition
2024-06-25,SPY,25.0,0.0,25.0,quiet,0.0,0,1,0.0,0,0.6678849126284276,0.0,2026-02-06T20:59:43.200961+00:00,v1_early_readiness_ignition
2024-06-26,SPY,0.0,0.0,0.0,quiet,0.0,0,0,0.0,0,0.830718611584797,0.0,2026-02-06T20:59:43.200961+00:00,v1_early_readiness_ignition
2024-06-27,SPY,25.0,0.0,25.0,quiet,0.0,0,1,0.0,0,0.6731095051279069,0.0,2026-02-06T20:59:43.200961+00:00,v1_early_readiness_ignition
2024-06-28,SPY,0.0,20.0,20.0,quiet,0.0,0,0,0.0,0,2.0376920896107134,0.0,2026-02-06T20:59:43.200961+00:00,v1_early_readiness_ignition
2024-07-01,SPY,0.0,0.0,0.0,quiet,0.0,0,0,0.0,0,0.9180616085298106,0.0,2026-02-06T20:59:43.200961+00:00,v1_early_readiness_ignition
2024-07-02,SPY,0.0,18.460851405179596,18.460851405179596,quiet,0.0,0,0,0.0,0,1.4615212851294899,0.0,2026-02-06T20:59:43.200961+00:00,v1_early_readiness_ignition
2024-07-03,SPY,0.0,0.0,0.0,quiet,0.0,0,0,0.0,0,0.8613006481233273,0.0,2026-02-06T20:59:43.200961+00:00,v1_early_readiness_ignition
2024-07-05,SPY,0.0,2.8647891567999473,2.8647891567999473,quiet,0.0,0,0,0.0,0,1.0716197289199987,0.0,2026-02-06T20:59:43.200961+00:00,v1_early_readiness_ignition
2024-07-08,SPY,25.0,0.0,25.0,quiet,0.0,0,1,0.0,0,0.6156527318941796,0.0,2026-02-06T20:59:43.200961+00:00,v1_early_readiness_ignition
2024-07-09,SPY,25.0,0.0,25.0,quiet,0.0,0,1,0.0,0,0.5856999088211262,0.0,2026-02-06T20:59:43.200961+00:00,v1_early_readiness_ignition
2024-07-10,SPY,0.0,20.0,20.0,quiet,0.0,0,0,0.0,0,1.7446173290633755,0.0,2026-02-06T20:59:43.200961+00:00,v1_early_readiness_ignition
2024-07-11,SPY,0.0,20.0,20.0,quiet,0.0,0,0,0.0,0,1.741268837505796,0.0,2026-02-06T20:59:43.200961+00:00,v1_early_readiness_ignition
2024-07-12,SPY,0.0,20.0,20.0,quiet,0.0,0,0,0.0,0,1.5240734221421508,0.0,2026-02-06T20:59:43.200961+00:00,v1_early_readiness_ignition
2024-07-15,SPY,20.0,5.300581661847676,25.300581661847676,quiet,0.0,1,0,0.0,0,1.132514541546192,0.0,2026-02-06T20:59:43.200961+00:00,v1_early_readiness_ignition
2024-07-16,SPY,0.0,0.0,0.0,quiet,0.0,0,0,0.0,0,0.7868852723070755,0.0,2026-02-06T20:59:43.200961+00:00,v1_early_readiness_ignition
2024-07-17,SPY,0.0,20.0,20.0,quiet,0.0,0,0,0.0,0,1.7778603092679324,0.0,2026-02-06T20:59:43.200961+00:00,v1_early_readiness_ignition
2024-07-18,SPY,0.0,28.0,28.0,quiet,0.0,0,0,1.0,0,1.6462356545983898,0.2,2026-02-06T20:59:43.200961+00:00,v1_early_readiness_ignition
2024-07-19,SPY,0.0,9.17905935723865,9.17905935723865,quiet,0.0,0,0,1.0,0,1.0294764839309662,0.2,2026-02-06T20:59:43.200961+00:00,v1_early_readiness_ignition
2024-07-22,SPY,0.0,8.486604239390811,8.486604239390811,quiet,0.0,0,0,1.0,0,1.0121651059847703,0.2,2026-02-06T20:59:43.200961+00:00,v1_early_readiness_ignition
2024-07-23,SPY,0.0,8.0,8.0,quiet,0.0,0,0,1.0,0,0.5519583104363307,0.2,2026-02-06T20:59:43.200961+00:00,v1_early_readiness_ignition
2024-07-24,SPY,0.0,36.0,36.0,quiet,0.0,0,0,2.0,0,2.116499495196175,0.4,2026-02-06T20:59:43.200961+00:00,v1_early_readiness_ignition
2024-07-25,SPY,0.0,36.0,36.0,quiet,0.0,0,0,3.0,0,1.518482801557654,0.4,2026-02-06T20:59:43.200961+00:00,v1_early_readiness_ignition
2024-07-26,SPY,0.0,30.090416604309222,30.090416604309222,quiet,0.0,0,0,4.0,0,1.2522604151077306,0.6,2026-02-06T20:59:43.200961+00:00,v1_early_readiness_ignition
2024-07-29,SPY,0.0,20.0,20.0,quiet,0.0,0,0,4.0,0,0.6107329710005216,0.6,2026-02-06T20:59:43.200961+00:00,v1_early_readiness_ignition
2024-07-30,SPY,0.0,22.05901925855752,22.05901925855752,quiet,0.0,0,0,5.0,0,1.051475481463938,0.8,2026-02-06T20:59:43.200961+00:00,v1_early_readiness_ignition
2024-07-31,SPY,0.0,32.231493831341766,32.231493831341766,quiet,0.0,0,0,6.0,0,1.305787345783544,0.8,2026-02-06T20:59:43.200961+00:00,v1_early_readiness_ignition
2024-08-01,SPY,0.0,40.0,40.0,quiet,0.0,0,0,6.0,0,1.7251205637468863,0.6,2026-02-06T20:59:43.200961+00:00,v1_early_readiness_ignition
2024-08-02,SPY,0.0,40.0,40.0,quiet,0.0,0,0,7.0,0,1.5250347469149677,0.6,2026-02-06T20:59:43.200961+00:00,v1_early_readiness_ignition
2024-08-05,SPY,0.0,40.0,40.0,quiet,0.0,0,0,8.0,1,2.138654958954023,0.8,2026-02-06T20:59:43.200961+00:00,v1_early_readiness_ignition
2024-08-06,SPY,0.0,22.385468629014476,22.385468629014476,quiet,0.0,0,0,9.0,0,1.0596367157253619,0.8,2026-02-06T20:59:43.200961+00:00,v1_early_readiness_ignition
2024-08-07,SPY,0.0,25.970763447943064,25.970763447943064,quiet,0.0,0,0,9.0,0,1.1492690861985766,0.6,2026-02-06T20:59:43.200961+00:00,v1_early_readiness_ignition
2024-08-08,SPY,0.0,20.36660261847695,20.36660261847695,quiet,0.0,0,0,9.0,0,1.0091650654619237,0.6,2026-02-06T20:59:43.200961+00:00,v1_early_readiness_ignition
2024-08-09,SPY,0.0,8.0,8.0,quiet,0.0,0,0,8.0,0,0.46467690810664725,0.2,2026-02-06T20:59:43.200961+00:00,v1_early_readiness_ignition
2024-08-12,SPY,25.0,0.0,25.0,quiet,0.0,0,1,8.0,1,0.37166133528613315,0.0,2026-02-06T20:59:43.200961+00:00,v1_early_readiness_ignition
2024-08-13,SPY,0.0,0.0,0.0,quiet,0.0,0,0,8.0,0,0.7001958238095108,-0.2,2026-02-06T20:59:43.200961+00:00,v1_early_readiness_ignition
2024-08-14,SPY,25.0,0.0,25.0,quiet,0.0,0,1,7.0,1,0.37004784138334174,-0.4,2026-02-06T20:59:43.200961+00:00,v1_early_readiness_ignition
2024-08-15,SPY,0.0,0.0,0.0,quiet,0.0,0,0,7.0,0,0.8500478099322754,-0.4,2026-02-06T20:59:43.200961+00:00,v1_early_readiness_ignition
2024-08-16,SPY,25.0,0.0,25.0,quiet,0.0,0,1,6.0,1,0.3933219154903879,-0.4,2026-02-06T20:59:43.200961+00:00,v1_early_readiness_ignition
2024-08-19,SPY,0.0,0.0,0.0,quiet,0.0,0,0,5.0,0,0.7380878773769722,-0.6,2026-02-06T20:59:43.200961+00:00,v1_early_readiness_ignition
2024-08-20,SPY,25.0,0.0,25.0,quiet,0.0,0,1,4.0,1,0.5811414297346408,-0.8,2026-02-06T20:59:43.200961+00:00,v1_early_readiness_ignition
2024-08-21,SPY,0.0,8.954985646991886,8.954985646991886,quiet,0.0,0,0,3.0,0,1.2238746411747972,-0.8,2026-02-06T20:59:43.200961+00:00,v1_early_readiness_ignition
2024-08-22,SPY,0.0,14.208186050212905,14.208186050212905,quiet,0.0,0,0,2.0,0,1.3552046512553226,-1.0,2026-02-06T20:59:43.200961+00:00,v1_early_readiness_ignition
2024-08-23,SPY,0.0,3.4818194022803173,3.4818194022803173,quiet,0.0,0,0,2.0,0,1.087045485057008,-0.8,2026-02-06T20:59:43.200961+00:00,v1_early_readiness_ignition
2024-08-26,SPY,25.0,0.0,25.0,quiet,0.0,0,1,2.0,1,0.7609080883515098,-0.6,2026-02-06T20:59:43.200961+00:00,v1_early_readiness_ignition
2024-08-27,SPY,25.0,0.0,25.0,quiet,0.0,0,1,1.0,0,0.6910123735733062,-0.6,2026-02-06T20:59:43.200961+00:00,v1_early_readiness_ignition
2024-08-28,SPY,0.0,2.5245656228938262,2.5245656228938262,quiet,0.0,0,0,1.0,0,1.0631141405723457,-0.4,2026-02-06T20:59:43.200961+00:00,v1_early_readiness_ignition
2024-08-29,SPY,0.0,2.3060397654138676,2.3060397654138676,quiet,0.0,0,0,0.0,0,1.0576509941353467,-0.4,2026-02-06T20:59:43.200961+00:00,v1_early_readiness_ignition
2024-08-30,SPY,0.0,3.20405111422585,3.20405111422585,quiet,0.0,0,0,0.0,0,1.0801012778556462,-0.4,2026-02-06T20:59:43.200961+00:00,v1_early_readiness_ignition
2024-09-03,SPY,0.0,20.0,20.0,quiet,0.0,0,0,1.0,0,2.0842504479438473,-0.2,2026-02-06T20:59:43.200961+00:00,v1_early_readiness_ignition
2024-09-04,SPY,0.0,0.0,0.0,quiet,0.0,0,0,1.0,0,0.7463886008510231,0.0,2026-02-06T20:59:43.200961+00:00,v1_early_readiness_ignition
2024-09-05,SPY,0.0,0.6518065890743241,0.6518065890743241,quiet,0.0,0,0,1.0,0,1.016295164726858,0.0,2026-02-06T20:59:43.200961+00:00,v1_early_readiness_ignition
2024-09-06,SPY,0.0,36.0,36.0,quiet,0.0,0,0,2.0,0,1.8489895802827536,0.4,2026-02-06T20:59:43.200961+00:00,v1_early_readiness_ignition
2024-09-09,SPY,0.0,21.469771883773397,21.469771883773397,quiet,0.0,0,0,2.0,0,1.1367442970943349,0.4,2026-02-06T20:59:43.200961+00:00,v1_early_readiness_ignition
2024-09-10,SPY,0.0,8.0,8.0,quiet,0.0,0,0,2.0,0,0.8825008412713061,0.2,2026-02-06T20:59:43.200961+00:00,v1_early_readiness_ignition
2024-09-11,SPY,0.0,36.0,36.0,quiet,0.0,0,0,3.0,0,2.262560786114082,0.4,2026-02-06T20:59:43.200961+00:00,v1_early_readiness_ignition
2024-09-12,SPY,0.0,16.0,16.0,quiet,0.0,0,0,3.0,0,0.9685550777922539,0.4,2026-02-06T20:59:43.200961+00:00,v1_early_readiness_ignition
2024-09-13,SPY,25.0,8.0,33.0,quiet,0.0,0,1,3.0,1,0.5682003345165875,0.2,2026-02-06T20:59:43.200961+00:00,v1_early_readiness_ignition
2024-09-16,SPY,25.0,8.0,33.0,quiet,0.0,0,1,3.0,1,0.4725492116564171,0.2,2026-02-06T20:59:43.200961+00:00,v1_early_readiness_ignition
2024-09-17,SPY,0.0,0.0,0.0,quiet,0.0,0,0,2.0,0,0.91147987513124,0.0,2026-02-06T20:59:43.200961+00:00,v1_early_readiness_ignition
2024-09-18,SPY,0.0,6.196670868305452,6.196670868305452,quiet,0.0,0,0,2.0,0,1.1549167717076363,-0.2,2026-02-06T20:59:43.200961+00:00,v1_early_readiness_ignition
2024-09-19,SPY,0.0,20.0,20.0,quiet,0.0,0,0,3.0,1,1.5966472884158642,0.0,2026-02-06T20:59:43.200961+00:00,v1_early_readiness_ignition
2024-09-20,SPY,0.0,0.0,0.0,quiet,0.0,0,0,2.0,0,0.9015828336262633,-0.2,2026-02-06T20:59:43.200961+00:00,v1_early_readiness_ignition
2024-09-23,SPY,25.0,0.0,25.0,quiet,0.0,0,1,2.0,1,0.3764946011616761,-0.2,2026-02-06T20:59:43.200961+00:00,v1_early_readiness_ignition
2024-09-24,SPY,25.0,0.0,25.0,quiet,0.0,0,1,2.0,1,0.6451094035890063,0.0,2026-02-06T20:59:43.200961+00:00,v1_early_readiness_ignition
2024-09-25,SPY,25.0,0.0,25.0,quiet,0.0,0,1,1.0,0,0.60574246718217,-0.2,2026-02-06T20:59:43.200961+00:00,v1_early_readiness_ignition
2024-09-26,SPY,0.0,3.5926771298799665,3.5926771298799665,quiet,0.0,0,0,1.0,0,1.0898169282469992,-0.4,2026-02-06T20:59:43.200961+00:00,v1_early_readiness_ignition
2024-09-27,SPY,20.0,0.0,20.0,quiet,0.0,1,0,1.0,0,0.880742480912818,-0.2,2026-02-06T20:59:43.200961+00:00,v1_early_readiness_ignition
2024-09-30,SPY,0.0,7.381478148731668,7.381478148731668,quiet,0.0,0,0,1.0,0,1.1845369537182917,-0.2,2026-02-06T20:59:43.200961+00:00,v1_early_readiness_ignition
2024-10-01,SPY,0.0,20.0,20.0,quiet,0.0,0,0,1.0,0,1.5094090693417528,-0.2,2026-02-06T20:59:43.200961+00:00,v1_early_readiness_ignition
2024-10-02,SPY,0.0,0.0,0.0,quiet,0.0,0,0,1.0,0,0.9821796253838347,0.0,2026-02-06T20:59:43.200961+00:00,v1_early_readiness_ignition
2024-10-03,SPY,0.0,0.0,0.0,quiet,0.0,0,0,0.0,0,0.9639942948485044,-0.2,2026-02-06T20:59:43.200961+00:00,v1_early_readiness_ignition
2024-10-04,SPY,0.0,9.654677764240542,9.654677764240542,quiet,0.0,0,0,0.0,0,1.2413669441060136,-0.2,2026-02-06T20:59:43.200961+00:00,v1_early_readiness_ignition
2024-10-07,SPY,0.0,13.47172535957168,13.47172535957168,quiet,0.0,0,0,0.0,0,1.336793133989292,-0.2,2026-02-06T20:59:43.200961+00:00,v1_early_readiness_ignition
2024-10-08,SPY,0.0,6.308093423012018,6.308093423012018,quiet,0.0,0,0,0.0,0,1.1577023355753004,-0.2,2026-02-06T20:59:43.200961+00:00,v1_early_readiness_ignition
2024-10-09,SPY,0.0,0.0,0.0,quiet,0.0,0,0,0.0,0,0.9598090721993374,-0.2,2026-02-06T20:59:43.200961+00:00,v1_early_readiness_ignition
2024-10-10,SPY,25.0,0.0,25.0,quiet,0.0,0,1,0.0,0,0.5708168415398406,0.0,2026-02-06T20:59:43.200961+00:00,v1_early_readiness_ignition
2024-10-11,SPY,0.0,0.0,0.0,quiet,0.0,0,0,0.0,0,0.8179406716257703,0.0,2026-02-06T20:59:43.200961+00:00,v1_early_readiness_ignition
2024-10-14,SPY,0.0,1.8672804080896377,1.8672804080896377,quiet,0.0,0,0,0.0,0,1.046682010202241,0.0,2026-02-06T20:59:43.200961+00:00,v1_early_readiness_ignition
2024-10-15,SPY,0.0,6.417872144291392,6.417872144291392,quiet,0.0,0,0,0.0,0,1.1604468036072848,0.0,2026-02-06T20:59:43.200961+00:00,v1_early_readiness_ignition
2024-10-16,SPY,0.0,0.0,0.0,quiet,0.0,0,0,0.0,0,0.7116441368641104,0.0,2026-02-06T20:59:43.200961+00:00,v1_early_readiness_ignition
2024-10-17,SPY,0.0,0.0,0.0,quiet,0.0,0,0,0.0,0,0.7250476096282298,0.0,2026-02-06T20:59:43.200961+00:00,v1_early_readiness_ignition
2024-10-18,SPY,25.0,0.0,25.0,quiet,0.0,0,1,0.0,0,0.6261381760298259,0.0,2026-02-06T20:59:43.200961+00:00,v1_early_readiness_ignition
2024-10-21,SPY,0.0,0.0,0.0,quiet,0.0,0,0,0.0,0,0.9731024343812973,0.0,2026-02-06T20:59:43.200961+00:00,v1_early_readiness_ignition
2024-10-22,SPY,0.0,0.0,0.0,quiet,0.0,0,0,0.0,0,0.9852893409170804,0.0,2026-02-06T20:59:43.200961+00:00,v1_early_readiness_ignition
2024-10-23,SPY,0.0,28.0,28.0,quiet,0.0,0,0,1.0,0,2.1295557783771044,0.2,2026-02-06T20:59:43.200961+00:00,v1_early_readiness_ignition
2024-10-24,SPY,25.0,8.0,33.0,quiet,0.0,0,1,1.0,0,0.8427690708463914,0.2,2026-02-06T20:59:43.200961+00:00,v1_early_readiness_ignition
2024-10-25,SPY,0.0,28.0,28.0,quiet,0.0,0,0,1.0,0,1.5373302326582015,0.2,2026-02-06T20:59:43.200961+00:00,v1_early_readiness_ignition
2024-10-28,SPY,25.0,8.0,33.0,quiet,0.0,0,1,1.0,0,0.9146020148149082,0.2,2026-02-06T20:59:43.200961+00:00,v1_early_readiness_ignition
2024-10-29,SPY,0.0,12.520137604317158,12.520137604317158,quiet,0.0,0,0,1.0,0,1.113003440107929,0.2,2026-02-06T20:59:43.200961+00:00,v1_early_readiness_ignition
2024-10-30,SPY,0.0,0.0,0.0,quiet,0.0,0,0,1.0,0,0.9905571216771119,0.0,2026-02-06T20:59:43.200961+00:00,v1_early_readiness_ignition
2024-10-31,SPY,20.0,28.0,48.0,quiet,0.0,1,0,2.0,0,2.784215453445719,0.2,2026-02-06T20:59:43.200961+00:00,v1_early_readiness_ignition
2024-11-01,SPY,0.0,28.0,28.0,quiet,0.0,0,0,2.0,0,1.6220592808335466,0.2,2026-02-06T20:59:43.200961+00:00,v1_early_readiness_ignition
2024-11-04,SPY,0.0,8.911940269069245,8.911940269069245,quiet,0.0,0,0,2.0,0,1.0227985067267311,0.2,2026-02-06T20:59:43.200961+00:00,v1_early_readiness_ignition
2024-11-05,SPY,0.0,18.973657354971344,18.973657354971344,quiet,0.0,0,0,2.0,0,1.2743414338742836,0.2,2026-02-06T20:59:43.200961+00:00,v1_early_readiness_ignition
2024-11-06,SPY,0.0,28.0,28.0,quiet,0.0,0,0,2.0,1,2.767148580643937,0.2,2026-02-06T20:59:43.200961+00:00,v1_early_readiness_ignition
2024-11-07,SPY,0.0,0.0,0.0,quiet,0.0,0,0,2.0,0,0.9257485833624637,0.0,2026-02-06T20:59:43.200961+00:00,v1_early_readiness_ignition
2024-11-08,SPY,0.0,0.0,0.0,quiet,0.0,0,0,2.0,0,0.770430298340929,0.0,2026-02-06T20:59:43.200961+00:00,v1_early_readiness_ignition
2024-11-11,SPY,32.58345882596698,0.0,32.58345882596698,quiet,0.505563921731132,0,1,2.0,1,0.6033994235874093,0.0,2026-02-06T20:59:43.200961+00:00,v1_early_readiness_ignition
2024-11-12,SPY,7.5834588259669795,0.0,7.5834588259669795,quiet,0.505563921731132,0,0,2.0,0,0.9280091877274392,0.0,2026-02-06T20:59:43.200961+00:00,v1_early_readiness_ignition
2024-11-13,SPY,7.5834588259669795,0.0,7.5834588259669795,quiet,0.505563921731132,0,0,2.0,0,0.8079110080815932,0.0,2026-02-06T20:59:43.200961+00:00,v1_early_readiness_ignition
2024-11-14,SPY,7.5834588259669795,1.004825746570539,8.588284572537518,quiet,0.505563921731132,0,0,1.0,0,1.0251206436642635,-0.2,2026-02-06T20:59:43.200961+00:00,v1_early_readiness_ignition
2024-11-15,SPY,7.5834588259669795,20.0,27.58345882596698,quiet,0.505563921731132,0,0,2.0,0,1.897557318642689,0.0,2026-02-06T20:59:43.200961+00:00,v1_early_readiness_ignition
2024-11-18,SPY,0.0,0.0,0.0,quiet,0.0,0,0,2.0,0,0.8405664149511229,0.0,2026-02-06T20:59:43.200961+00:00,v1_early_readiness_ignition
2024-11-19,SPY,0.0,16.562263436822427,16.562263436822427,quiet,0.0,0,0,2.0,0,1.4140565859205607,0.0,2026-02-06T20:59:43.200961+00:00,v1_early_readiness_ignition
2024-11-20,SPY,0.0,9.522903874771087,9.522903874771087,quiet,0.0,0,0,1.0,0,1.2380725968692772,-0.2,2026-02-06T20:59:43.200961+00:00,v1_early_readiness_ignition
2024-11-21,SPY,0.0,20.0,20.0,quiet,0.0,0,0,1.0,0,1.541042304008118,0.0,2026-02-06T20:59:43.200961+00:00,v1_early_readiness_ignition
2024-11-22,SPY,25.0,0.0,25.0,quiet,0.0,0,1,1.0,0,0.5995373315553043,-0.2,2026-02-06T20:59:43.200961+00:00,v1_early_readiness_ignition
2024-11-25,SPY,0.0,1.9046565407092153,1.9046565407092153,quiet,0.0,0,0,1.0,0,1.0476164135177304,-0.2,2026-02-06T20:59:43.200961+00:00,v1_early_readiness_ignition
2024-11-26,SPY,25.0,0.0,25.0,quiet,0.0,0,1,1.0,0,0.7009700378135796,-0.2,2026-02-06T20:59:43.200961+00:00,v1_early_readiness_ignition
2024-11-27,SPY,25.0,0.0,25.0,quiet,0.0,0,1,1.0,0,0.6551144402231606,0.0,2026-02-06T20:59:43.200961+00:00,v1_early_readiness_ignition
2024-11-29,SPY,0.0,0.0,0.0,quiet,0.0,0,0,1.0,0,0.8852694575429338,0.0,2026-02-06T20:59:43.200961+00:00,v1_early_readiness_ignition
2024-12-02,SPY,25.0,0.0,25.0,quiet,0.0,0,1,0.0,0,0.4196509439695677,-0.2,2026-02-06T20:59:43.200961+00:00,v1_early_readiness_ignition
2024-12-03,SPY,25.0,0.0,25.0,quiet,0.0,0,1,0.0,0,0.433580215043857,-0.2,2026-02-06T20:59:43.200961+00:00,v1_early_readiness_ignition
2024-12-04,SPY,0.0,0.813406088891524,0.813406088891524,quiet,0.0,0,0,0.0,0,1.020335152222288,-0.2,2026-02-06T20:59:43.200961+00:00,v1_early_readiness_ignition
2024-12-05,SPY,25.0,0.0,25.0,quiet,0.0,0,1,0.0,0,0.5831961448109434,-0.2,2026-02-06T20:59:43.200961+00:00,v1_early_readiness_ignition
2024-12-06,SPY,25.0,0.0,25.0,quiet,0.0,0,1,0.0,0,0.7225071653951037,-0.2,2026-02-06T20:59:43.200961+00:00,v1_early_readiness_ignition
2024-12-09,SPY,0.0,0.906148469877559,0.906148469877559,quiet,0.0,0,0,0.0,0,1.022653711746939,0.0,2026-02-06T20:59:43.200961+00:00,v1_early_readiness_ignition
2024-12-10,SPY,0.0,0.4189750221220656,0.4189750221220656,quiet,0.0,0,0,0.0,0,1.0104743755530516,0.0,2026-02-06T20:59:43.200961+00:00,v1_early_readiness_ignition
2024-12-11,SPY,0.0,20.0,20.0,quiet,0.0,0,0,0.0,0,1.5549713752051717,0.0,2026-02-06T20:59:43.200961+00:00,v1_early_readiness_ignition
2024-12-12,SPY,0.0,0.0,0.0,quiet,0.0,0,0,0.0,0,0.9183127125484241,0.0,2026-02-06T20:59:43.200961+00:00,v1_early_readiness_ignition
2024-12-13,SPY,0.0,10.960489526474708,10.960489526474708,quiet,0.0,0,0,0.0,0,1.2740122381618677,0.0,2026-02-06T20:59:43.200961+00:00,v1_early_readiness_ignition
2024-12-16,SPY,15.0,0.0,15.0,quiet,1.0,0,0,0.0,0,0.9865798889104566,0.0,2026-02-06T20:59:43.200961+00:00,v1_early_readiness_ignition
2024-12-17,SPY,15.0,1.8427783843732914,16.84277838437329,quiet,1.0,0,0,0.0,0,1.0460694596093323,0.0,2026-02-06T20:59:43.200961+00:00,v1_early_readiness_ignition
2024-12-18,SPY,35.0,28.0,63.0,watch,1.0,1,0,1.0,0,5.526745667837316,0.2,2026-02-06T20:59:43.200961+00:00,v1_early_readiness_ignition
2024-12-19,SPY,15.0,28.0,43.0,quiet,1.0,0,0,1.0,0,1.9287339837615334,0.2,2026-02-06T20:59:43.200961+00:00,v1_early_readiness_ignition
2024-12-20,SPY,15.0,36.0,51.0,watch,1.0,0,0,2.0,0,3.730207769280552,0.4,2026-02-06T20:59:43.200961+00:00,v1_early_readiness_ignition
2024-12-23,SPY,0.0,36.0,36.0,quiet,0.0,0,0,2.0,0,1.567666746431442,0.4,2026-02-06T20:59:43.200961+00:00,v1_early_readiness_ignition
2024-12-24,SPY,0.0,19.59141041177225,19.59141041177225,quiet,0.0,0,0,2.0,0,1.0897852602943063,0.4,2026-02-06T20:59:43.200961+00:00,v1_early_readiness_ignition
2024-12-26,SPY,0.0,8.0,8.0,quiet,0.0,0,0,2.0,0,0.791082666923767,0.2,2026-02-06T20:59:43.200961+00:00,v1_early_readiness_ignition
2024-12-27,SPY,0.0,36.0,36.0,quiet,0.0,0,0,3.0,0,1.5051869558408357,0.4,2026-02-06T20:59:43.200961+00:00,v1_early_readiness_ignition
2024-12-30,SPY,0.0,32.73629422995964,32.73629422995964,quiet,0.0,0,0,4.0,0,1.418407355748991,0.4,2026-02-06T20:59:43.200961+00:00,v1_early_readiness_ignition
2024-12-31,SPY,0.0,16.0,16.0,quiet,0.0,0,0,4.0,0,0.8419197870194682,0.4,2026-02-06T20:59:43.200961+00:00,v1_early_readiness_ignition
2025-01-02,SPY,0.0,27.545531341853096,27.545531341853096,quiet,0.0,0,0,5.0,0,1.1886382835463274,0.6,2026-02-06T20:59:43.200961+00:00,v1_early_readiness_ignition
2025-01-03,SPY,0.0,17.04172653530627,17.04172653530627,quiet,0.0,0,0,4.0,0,1.0260431633826568,0.4,2026-02-06T20:59:43.200961+00:00,v1_early_readiness_ignition
2025-01-06,SPY,0.0,8.0,8.0,quiet,0.0,0,0,4.0,0,0.9804239295569193,0.2,2026-02-06T20:59:43.200961+00:00,v1_early_readiness_ignition
2025-01-07,SPY,0.0,15.192879324003812,15.192879324003812,quiet,0.0,0,0,4.0,0,1.3798219831000953,0.0,2026-02-06T20:59:43.200961+00:00,v1_early_readiness_ignition
2025-01-08,SPY,0.0,0.0,0.0,quiet,0.0,0,0,4.0,0,0.6844433491942854,0.0,2026-02-06T20:59:43.200961+00:00,v1_early_readiness_ignition
2025-01-10,SPY,0.0,7.571637709539951,7.571637709539951,quiet,0.0,0,0,5.0,0,1.1892909427384988,0.0,2026-02-06T20:59:43.200961+00:00,v1_early_readiness_ignition
2025-01-13,SPY,0.0,8.0,8.0,quiet,0.0,0,0,5.0,0,0.7065355568887959,0.2,2026-02-06T20:59:43.200961+00:00,v1_early_readiness_ignition
2025-01-14,SPY,0.0,0.0,0.0,quiet,0.0,0,0,4.0,0,0.8565503665051034,0.0,2026-02-06T20:59:43.200961+00:00,v1_early_readiness_ignition
2025-01-15,SPY,0.0,20.0,20.0,quiet,0.0,0,0,4.0,0,1.5113684684398314,0.0,2026-02-06T20:59:43.200961+00:00,v1_early_readiness_ignition
2025-01-16,SPY,25.0,0.0,25.0,quiet,0.0,0,1,4.0,1,0.43204362969582205,0.0,2026-02-06T20:59:43.200961+00:00,v1_early_readiness_ignition
2025-01-17,SPY,0.0,0.0,0.0,quiet,0.0,0,0,3.0,0,0.9983207774030526,-0.4,2026-02-06T20:59:43.200961+00:00,v1_early_readiness_ignition
2025-01-21,SPY,45.0,0.0,45.0,quiet,0.0,1,1,3.0,1,0.7490053856184903,-0.4,2026-02-06T20:59:43.200961+00:00,v1_early_readiness_ignition
2025-01-22,SPY,25.0,0.0,25.0,quiet,0.0,0,1,3.0,1,0.7042424013430867,-0.2,2026-02-06T20:59:43.200961+00:00,v1_early_readiness_ignition
2025-01-23,SPY,25.0,0.0,25.0,quiet,0.0,0,1,2.0,1,0.6907580430498015,-0.4,2026-02-06T20:59:43.200961+00:00,v1_early_readiness_ignition
2025-01-24,SPY,25.0,0.0,25.0,quiet,0.0,0,1,2.0,1,0.6464146955783877,-0.4,2026-02-06T20:59:43.200961+00:00,v1_early_readiness_ignition
2025-01-27,SPY,0.0,20.0,20.0,quiet,0.0,0,0,2.0,1,2.1713109275050395,-0.2,2026-02-06T20:59:43.200961+00:00,v1_early_readiness_ignition
2025-01-28,SPY,0.0,12.590313456429207,12.590313456429207,quiet,0.0,0,0,2.0,0,1.3147578364107302,-0.2,2026-02-06T20:59:43.200961+00:00,v1_early_readiness_ignition
2025-01-29,SPY,0.0,0.0,0.0,quiet,0.0,0,0,2.0,0,0.977537731028151,-0.2,2026-02-06T20:59:43.200961+00:00,v1_early_readiness_ignition
2025-01-30,SPY,0.0,3.5755247987567795,3.5755247987567795,quiet,0.0,0,0,1.0,0,1.0893881199689195,-0.2,2026-02-06T20:59:43.200961+00:00,v1_early_readiness_ignition
2025-01-31,SPY,0.0,20.0,20.0,quiet,0.0,0,0,1.0,0,1.5549860327452543,-0.2,2026-02-06T20:59:43.200961+00:00,v1_early_readiness_ignition
2025-02-03,SPY,0.0,20.0,20.0,quiet,0.0,0,0,2.0,1,1.9879027629661168,0.0,2026-02-06T20:59:43.200961+00:00,v1_early_readiness_ignition
2025-02-04,SPY,0.0,0.0,0.0,quiet,0.0,0,0,2.0,0,0.9060151123878764,0.0,2026-02-06T20:59:43.200961+00:00,v1_early_readiness_ignition
2025-02-05,SPY,0.0,0.0,0.0,quiet,0.0,0,0,2.0,0,0.9923105027849856,0.0,2026-02-06T20:59:43.200961+00:00,v1_early_readiness_ignition
2025-02-06,SPY,25.0,8.0,33.0,quiet,0.0,0,1,2.0,1,0.6520449919533042,0.2,2026-02-06T20:59:43.200961+00:00,v1_early_readiness_ignition
2025-02-07,SPY,0.0,14.158050796170125,14.158050796170125,quiet,0.0,0,0,2.0,0,1.1539512699042531,0.2,2026-02-06T20:59:43.200961+00:00,v1_early_readiness_ignition
2025-02-10,SPY,0.0,0.0,0.0,quiet,0.0,0,0,1.0,0,0.8120065626196485,-0.2,2026-02-06T20:59:43.200961+00:00,v1_early_readiness_ignition
2025-02-11,SPY,25.0,0.0,25.0,quiet,0.0,0,1,1.0,0,0.6167688836529778,-0.2,2026-02-06T20:59:43.200961+00:00,v1_early_readiness_ignition
2025-02-12,SPY,0.0,6.3445554872536825,6.3445554872536825,quiet,0.0,0,0,1.0,0,1.158613887181342,-0.2,2026-02-06T20:59:43.200961+00:00,v1_early_readiness_ignition
2025-02-13,SPY,0.0,2.9806238129387452,2.9806238129387452,quiet,0.0,0,0,1.0,0,1.0745155953234686,-0.2,2026-02-06T20:59:43.200961+00:00,v1_early_readiness_ignition
2025-02-14,SPY,25.0,0.0,25.0,quiet,0.0,0,1,1.0,0,0.34950518073906783,-0.2,2026-02-06T20:59:43.200961+00:00,v1_early_readiness_ignition
2025-02-18,SPY,25.0,0.0,25.0,quiet,0.0,0,1,0.0,0,0.6269858491527721,-0.2,2026-02-06T20:59:43.200961+00:00,v1_early_readiness_ignition
2025-02-19,SPY,25.0,0.0,25.0,quiet,0.0,0,1,0.0,0,0.8455840039690082,-0.2,2026-02-06T20:59:43.200961+00:00,v1_early_readiness_ignition
2025-02-20,SPY,0.0,14.339632199022567,14.339632199022567,quiet,0.0,0,0,0.0,0,1.3584908049755642,-0.2,2026-02-06T20:59:43.200961+00:00,v1_early_readiness_ignition
2025-02-21,SPY,0.0,20.0,20.0,quiet,0.0,0,0,1.0,0,2.0409701816984054,0.0,2026-02-06T20:59:43.200961+00:00,v1_early_readiness_ignition
2025-02-24,SPY,0.0,9.790141447098515,9.790141447098515,quiet,0.0,0,0,1.0,0,1.2447535361774629,0.0,2026-02-06T20:59:43.200961+00:00,v1_early_readiness_ignition
2025-02-25,SPY,0.0,22.317293525120807,22.317293525120807,quiet,0.0,0,0,1.0,0,1.3579323381280202,0.2,2026-02-06T20:59:43.200961+00:00,v1_early_readiness_ignition
2025-02-26,SPY,0.0,15.08766536711737,15.08766536711737,quiet,0.0,0,0,1.0,0,1.1771916341779343,0.2,2026-02-06T20:59:43.200961+00:00,v1_early_readiness_ignition
2025-02-27,SPY,0.0,36.0,36.0,quiet,0.0,0,0,2.0,0,2.037699515182646,0.4,2026-02-06T20:59:43.200961+00:00,v1_early_readiness_ignition
2025-02-28,SPY,20.0,36.0,56.0,watch,0.0,1,0,3.0,0,1.7569968576529764,0.4,2026-02-06T20:59:43.200961+00:00,v1_early_readiness_ignition
2025-03-03,SPY,5.094865899582919,40.0,45.09486589958292,quiet,0.33965772663886123,0,0,4.0,0,2.179046174842691,0.6,2026-02-06T20:59:43.200961+00:00,v1_early_readiness_ignition
2025-03-04,SPY,5.094865899582919,36.586298725104086,41.68116462468701,quiet,0.33965772663886123,0,0,5.0,0,1.414657468127602,0.8,2026-02-06T20:59:43.200961+00:00,v1_early_readiness_ignition
2025-03-05,SPY,5.094865899582919,22.693870299335117,27.788736198918038,quiet,0.33965772663886123,0,0,6.0,0,1.067346757483378,1.0,2026-02-06T20:59:43.200961+00:00,v1_early_readiness_ignition
2025-03-06,SPY,5.094865899582919,22.83880398874313,27.93366988832605,quiet,0.33965772663886123,0,0,7.0,0,1.0709700997185783,1.0,2026-02-06T20:59:43.200961+00:00,v1_early_readiness_ignition
2025-03-07,SPY,5.094865899582919,20.0,25.09486589958292,quiet,0.33965772663886123,0,0,7.0,0,0.9890270448105858,0.8,2026-02-06T20:59:43.200961+00:00,v1_early_readiness_ignition
2025-03-10,SPY,3.895052562089874,40.0,43.89505256208987,quiet,0.2596701708059916,0,0,8.0,0,1.6349061512857963,0.8,2026-02-06T20:59:43.200961+00:00,v1_early_readiness_ignition
2025-03-11,SPY,3.895052562089874,20.0,23.895052562089873,quiet,0.2596701708059916,0,0,9.0,0,0.981952595954811,0.8,2026-02-06T20:59:43.200961+00:00,v1_early_readiness_ignition
2025-03-12,SPY,3.895052562089874,20.0,23.895052562089873,quiet,0.2596701708059916,0,0,10.0,0,0.7772929319182745,0.8,2026-02-06T20:59:43.200961+00:00,v1_early_readiness_ignition
2025-03-13,SPY,3.895052562089874,20.0,23.895052562089873,quiet,0.2596701708059916,0,0,10.0,0,0.7959863535166202,0.6,2026-02-06T20:59:43.200961+00:00,v1_early_readiness_ignition
2025-03-14,SPY,3.895052562089874,21.294989263301982,25.190041825391855,quiet,0.2596701708059916,0,0,10.0,0,1.0323747315825496,0.6,2026-02-06T20:59:43.200961+00:00,v1_early_readiness_ignition
2025-03-17,SPY,1.1631656692670078,8.0,9.163165669267007,quiet,0.07754437795113385,0,0,9.0,0,0.623614923007598,0.2,2026-02-06T20:59:43.200961+00:00,v1_early_readiness_ignition
2025-03-18,SPY,1.1631656692670078,0.0,1.1631656692670078,quiet,0.07754437795113385,0,0,8.0,0,0.6959999236331164,-0.2,2026-02-06T20:59:43.200961+00:00,v1_early_readiness_ignition
2025-03-19,SPY,1.1631656692670078,0.0,1.1631656692670078,quiet,0.07754437795113385,0,0,8.0,0,0.9258751567981305,-0.4,2026-02-06T20:59:43.200961+00:00,v1_early_readiness_ignition
2025-03-20,SPY,1.1631656692670078,0.0,1.1631656692670078,quiet,0.07754437795113385,0,0,7.0,0,0.8112786834169465,-0.6,2026-02-06T20:59:43.200961+00:00,v1_early_readiness_ignition
2025-03-21,SPY,26.16316566926701,0.0,26.16316566926701,quiet,0.07754437795113385,0,1,6.0,1,0.7801739844054668,-0.8,2026-02-06T20:59:43.200961+00:00,v1_early_readiness_ignition
2025-03-24,SPY,0.0,6.852311025309374,6.852311025309374,quiet,0.0,0,0,6.0,0,1.1713077756327344,-0.6,2026-02-06T20:59:43.200961+00:00,v1_early_readiness_ignition
2025-03-25,SPY,25.0,0.0,25.0,quiet,0.0,0,1,5.0,1,0.304323619181975,-0.6,2026-02-06T20:59:43.200961+00:00,v1_early_readiness_ignition
2025-03-26,SPY,0.0,2.1476136231186693,2.1476136231186693,quiet,0.0,0,0,5.0,0,1.0536903405779667,-0.6,2026-02-06T20:59:43.200961+00:00,v1_early_readiness_ignition
2025-03-27,SPY,25.0,0.0,25.0,quiet,0.0,0,1,4.0,1,0.7403240200829613,-0.6,2026-02-06T20:59:43.200961+00:00,v1_early_readiness_ignition
2025-03-28,SPY,0.0,19.831821634673716,19.831821634673716,quiet,0.0,0,0,4.0,0,1.4957955408668429,-0.4,2026-02-06T20:59:43.200961+00:00,v1_early_readiness_ignition
2025-03-31,SPY,15.0,20.0,35.0,quiet,1.0,0,0,5.0,0,1.6523767830161213,-0.2,2026-02-06T20:59:43.200961+00:00,v1_early_readiness_ignition
2025-04-01,SPY,15.0,8.827200924045988,23.82720092404599,quiet,1.0,0,0,6.0,0,1.0206800231011497,0.2,2026-02-06T20:59:43.200961+00:00,v1_early_readiness_ignition
2025-04-02,SPY,15.0,23.440589515207776,38.440589515207776,quiet,1.0,0,0,6.0,0,1.3860147378801944,0.2,2026-02-06T20:59:43.200961+00:00,v1_early_readiness_ignition
2025-04-03,SPY,15.0,40.0,55.0,watch,1.0,0,0,7.0,1,2.7107526023526485,0.6,2026-02-06T20:59:43.200961+00:00,v1_early_readiness_ignition
2025-04-04,SPY,15.0,40.0,55.0,watch,1.0,0,0,8.0,1,2.8768429148135337,0.8,2026-02-06T20:59:43.200961+00:00,v1_early_readiness_ignition
2025-04-07,SPY,15.0,40.0,55.0,watch,1.0,0,0,8.0,1,3.750798053890676,0.6,2026-02-06T20:59:43.200961+00:00,v1_early_readiness_ignition
2025-04-08,SPY,15.0,40.0,55.0,watch,1.0,0,0,9.0,1,2.9974019043250033,0.6,2026-02-06T20:59:43.200961+00:00,v1_early_readiness_ignition
2025-04-09,SPY,15.0,40.0,55.0,watch,1.0,0,0,9.0,0,3.0174073669913724,0.6,2026-02-06T20:59:43.200961+00:00,v1_early_readiness_ignition
2025-04-10,SPY,15.0,32.94784104855461,47.94784104855461,quiet,1.0,0,0,10.0,1,1.3236960262138653,0.6,2026-02-06T20:59:43.200961+00:00,v1_early_readiness_ignition
2025-04-11,SPY,15.0,16.0,31.0,quiet,1.0,0,0,10.0,0,0.5762867695411635,0.4,2026-02-06T20:59:43.200961+00:00,v1_early_readiness_ignition
2025-04-14,SPY,0.0,16.0,16.0,quiet,0.0,0,0,10.0,1,0.3606156522093472,0.4,2026-02-06T20:59:43.200961+00:00,v1_early_readiness_ignition
2025-04-15,SPY,25.0,0.0,25.0,quiet,0.0,0,1,9.0,1,0.2200472341399427,0.0,2026-02-06T20:59:43.200961+00:00,v1_early_readiness_ignition
2025-04-16,SPY,0.0,0.0,0.0,quiet,0.0,0,0,9.0,0,0.6049419842326856,0.0,2026-02-06T20:59:43.200961+00:00,v1_early_readiness_ignition
2025-04-17,SPY,0.0,0.0,0.0,quiet,0.0,0,0,8.0,0,0.30125775056548937,-0.4,2026-02-06T20:59:43.200961+00:00,v1_early_readiness_ignition
2025-04-21,SPY,0.0,0.8147102976221099,0.8147102976221099,quiet,0.0,0,0,8.0,0,1.0203677574405527,-0.4,2026-02-06T20:59:43.200961+00:00,v1_early_readiness_ignition
2025-04-22,SPY,0.0,0.0,0.0,quiet,0.0,0,0,8.0,0,0.9388271487202069,-0.4,2026-02-06T20:59:43.200961+00:00,v1_early_readiness_ignition
2025-04-23,SPY,0.0,3.15196470889334,3.15196470889334,quiet,0.0,0,0,8.0,1,1.0787991177223335,-0.2,2026-02-06T20:59:43.200961+00:00,v1_early_readiness_ignition
2025-04-24,SPY,0.0,0.0,0.0,quiet,0.0,0,0,8.0,0,0.7331137698577306,-0.2,2026-02-06T20:59:43.200961+00:00,v1_early_readiness_ignition
2025-04-25,SPY,25.0,0.0,25.0,quiet,0.0,0,1,7.0,1,0.5134756611037017,-0.2,2026-02-06T20:59:43.200961+00:00,v1_early_readiness_ignition
2025-04-28,SPY,25.0,0.0,25.0,quiet,0.0,0,1,7.0,1,0.7386097550821933,-0.2,2026-02-06T20:59:43.200961+00:00,v1_early_readiness_ignition
2025-04-29,SPY,25.0,0.0,25.0,quiet,0.0,0,1,6.0,1,0.6606263427894422,-0.4,2026-02-06T20:59:43.200961+00:00,v1_early_readiness_ignition
2025-04-30,SPY,0.0,3.7414124414475314,3.7414124414475314,quiet,0.0,0,0,7.0,0,1.0935353110361883,-0.2,2026-02-06T20:59:43.200961+00:00,v1_early_readiness_ignition
2025-05-01,SPY,0.0,0.0,0.0,quiet,0.0,0,0,7.0,0,0.8675919776462384,-0.2,2026-02-06T20:59:43.200961+00:00,v1_early_readiness_ignition
2025-05-02,SPY,0.0,8.0,8.0,quiet,0.0,0,0,8.0,0,0.8833622634236401,0.2,2026-02-06T20:59:43.200961+00:00,v1_early_readiness_ignition
2025-05-05,SPY,25.0,0.0,25.0,quiet,0.0,0,1,7.0,1,0.5111837479400515,0.0,2026-02-06T20:59:43.200961+00:00,v1_early_readiness_ignition
2025-05-06,SPY,25.0,0.0,25.0,quiet,0.0,0,1,6.0,1,0.7114324104158752,0.0,2026-02-06T20:59:43.200961+00:00,v1_early_readiness_ignition
2025-05-07,SPY,0.0,0.0,0.0,quiet,0.0,0,0,5.0,0,0.9466826698880949,-0.4,2026-02-06T20:59:43.200961+00:00,v1_early_readiness_ignition
2025-05-08,SPY,0.0,4.397118907823074,4.397118907823074,quiet,0.0,0,0,5.0,0,1.1099279726955769,-0.4,2026-02-06T20:59:43.200961+00:00,v1_early_readiness_ignition
2025-05-09,SPY,25.0,0.0,25.0,quiet,0.0,0,1,5.0,1,0.5703776061440087,-0.6,2026-02-06T20:59:43.200961+00:00,v1_early_readiness_ignition
2025-05-12,SPY,0.0,20.0,20.0,quiet,0.0,0,0,5.0,1,2.1863901350605617,-0.4,2026-02-06T20:59:43.200961+00:00,v1_early_readiness_ignition
2025-05-13,SPY,25.0,0.0,25.0,quiet,0.0,0,1,5.0,1,0.7077507058761612,-0.2,2026-02-06T20:59:43.200961+00:00,v1_early_readiness_ignition
2025-05-14,SPY,25.0,0.0,25.0,quiet,0.0,0,1,4.0,1,0.458924325014118,-0.2,2026-02-06T20:59:43.200961+00:00,v1_early_readiness_ignition
2025-05-15,SPY,25.0,0.0,25.0,quiet,0.0,0,1,3.0,1,0.8948770669001898,-0.4,2026-02-06T20:59:43.200961+00:00,v1_early_readiness_ignition
2025-05-16,SPY,25.0,0.0,25.0,quiet,0.0,0,1,2.0,1,0.8544294495737099,-0.6,2026-02-06T20:59:43.200961+00:00,v1_early_readiness_ignition
2025-05-19,SPY,0.0,4.8642557266602005,4.8642557266602005,quiet,0.0,0,0,2.0,0,1.121606393166505,-0.6,2026-02-06T20:59:43.200961+00:00,v1_early_readiness_ignition
2025-05-20,SPY,25.0,0.0,25.0,quiet,0.0,0,1,2.0,1,0.853002878776418,-0.6,2026-02-06T20:59:43.200961+00:00,v1_early_readiness_ignition
2025-05-21,SPY,0.0,20.0,20.0,quiet,0.0,0,0,3.0,0,1.7981590288100742,-0.2,2026-02-06T20:59:43.200961+00:00,v1_early_readiness_ignition
2025-05-22,SPY,0.0,0.0,0.0,quiet,0.0,0,0,2.0,0,0.9444635765185584,-0.2,2026-02-06T20:59:43.200961+00:00,v1_early_readiness_ignition
2025-05-23,SPY,0.0,9.660125185448702,9.660125185448702,quiet,0.0,0,0,2.0,0,1.2415031296362176,0.0,2026-02-06T20:59:43.200961+00:00,v1_early_readiness_ignition
2025-05-27,SPY,0.0,20.0,20.0,quiet,0.0,0,0,2.0,0,2.149580015604709,0.0,2026-02-06T20:59:43.200961+00:00,v1_early_readiness_ignition
2025-05-28,SPY,0.0,0.0,0.0,quiet,0.0,0,0,2.0,0,0.9892577068332555,0.0,2026-02-06T20:59:43.200961+00:00,v1_early_readiness_ignition
2025-05-29,SPY,0.0,3.8722347349000863,3.8722347349000863,quiet,0.0,0,0,2.0,0,1.0968058683725022,-0.2,2026-02-06T20:59:43.200961+00:00,v1_early_readiness_ignition
2025-05-30,SPY,0.0,3.3928873911550372,3.3928873911550372,quiet,0.0,0,0,2.0,0,1.084822184778876,0.0,2026-02-06T20:59:43.200961+00:00,v1_early_readiness_ignition
2025-06-02,SPY,0.0,1.3623587428951023,1.3623587428951023,quiet,0.0,0,0,2.0,0,1.0340589685723776,0.0,2026-02-06T20:59:43.200961+00:00,v1_early_readiness_ignition
2025-06-03,SPY,45.0,0.0,45.0,quiet,0.0,1,1,2.0,1,0.7065692857856898,0.0,2026-02-06T20:59:43.200961+00:00,v1_early_readiness_ignition
2025-06-04,SPY,25.0,0.0,25.0,quiet,0.0,0,1,2.0,1,0.3304600930170833,0.0,2026-02-06T20:59:43.200961+00:00,v1_early_readiness_ignition
2025-06-05,SPY,0.0,2.729167698416175,2.729167698416175,quiet,0.0,0,0,1.0,0,1.0682291924604044,-0.2,2026-02-06T20:59:43.200961+00:00,v1_early_readiness_ignition
2025-06-06,SPY,20.0,0.42630721169688357,20.426307211696884,quiet,0.0,1,0,1.0,0,1.010657680292422,-0.2,2026-02-06T20:59:43.200961+00:00,v1_early_readiness_ignition
2025-06-09,SPY,25.0,0.0,25.0,quiet,0.0,0,1,1.0,0,0.36492911505258646,-0.2,2026-02-06T20:59:43.200961+00:00,v1_early_readiness_ignition
2025-06-10,SPY,25.0,0.0,25.0,quiet,0.0,0,1,0.0,0,0.6667389231136465,-0.4,2026-02-06T20:59:43.200961+00:00,v1_early_readiness_ignition
2025-06-11,SPY,0.0,0.0,0.0,quiet,0.0,0,0,0.0,0,0.8835478894647643,-0.4,2026-02-06T20:59:43.200961+00:00,v1_early_readiness_ignition
2025-06-12,SPY,25.0,0.0,25.0,quiet,0.0,0,1,0.0,0,0.7635458978216605,-0.2,2026-02-06T20:59:43.200961+00:00,v1_early_readiness_ignition
2025-06-13,SPY,0.0,19.475855218839733,19.475855218839733,quiet,0.0,0,0,0.0,0,1.4868963804709934,-0.2,2026-02-06T20:59:43.200961+00:00,v1_early_readiness_ignition
2025-06-16,SPY,0.0,14.184361159290013,14.184361159290013,quiet,0.0,0,0,0.0,0,1.3546090289822503,-0.2,2026-02-06T20:59:43.200961+00:00,v1_early_readiness_ignition
2025-06-17,SPY,0.0,0.4573518266337029,0.4573518266337029,quiet,0.0,0,0,0.0,0,1.0114337956658426,0.0,2026-02-06T20:59:43.200961+00:00,v1_early_readiness_ignition
2025-06-18,SPY,0.0,0.0,0.0,quiet,0.0,0,0,0.0,0,0.8185357569266067,0.0,2026-02-06T20:59:43.200961+00:00,v1_early_readiness_ignition
2025-06-20,SPY,0.0,5.500463506976105,5.500463506976105,quiet,0.0,0,0,0.0,0,1.1375115876744026,0.0,2026-02-06T20:59:43.200961+00:00,v1_early_readiness_ignition
2025-06-23,SPY,0.0,19.94968510657995,19.94968510657995,quiet,0.0,0,0,0.0,0,1.4987421276644988,0.0,2026-02-06T20:59:43.200961+00:00,v1_early_readiness_ignition
2025-06-24,SPY,0.0,9.180907077892941,9.180907077892941,quiet,0.0,0,0,0.0,0,1.2295226769473235,0.0,2026-02-06T20:59:43.200961+00:00,v1_early_readiness_ignition
2025-06-25,SPY,25.0,0.0,25.0,quiet,0.0,0,1,0.0,0,0.4848601964120523,0.0,2026-02-06T20:59:43.200961+00:00,v1_early_readiness_ignition
2025-06-26,SPY,0.0,0.0,0.0,quiet,0.0,0,0,0.0,0,0.8192216590316933,0.0,2026-02-06T20:59:43.200961+00:00,v1_early_readiness_ignition
2025-06-27,SPY,0.0,0.0,0.0,quiet,0.0,0,0,0.0,0,0.8708108753023758,0.0,2026-02-06T20:59:43.200961+00:00,v1_early_readiness_ignition
2025-06-30,SPY,25.0,0.0,25.0,quiet,0.0,0,1,0.0,0,0.7413304405028228,0.0,2026-02-06T20:59:43.200961+00:00,v1_early_readiness_ignition
2025-07-01,SPY,25.0,0.0,25.0,quiet,0.0,0,1,0.0,0,0.6075583166821599,0.0,2026-02-06T20:59:43.200961+00:00,v1_early_readiness_ignition
2025-07-02,SPY,0.0,0.0,0.0,quiet,0.0,0,0,0.0,0,0.7615348039307125,0.0,2026-02-06T20:59:43.200961+00:00,v1_early_readiness_ignition
2025-07-03,SPY,0.0,2.6251923982461545,2.6251923982461545,quiet,0.0,0,0,0.0,0,1.0656298099561539,0.0,2026-02-06T20:59:43.200961+00:00,v1_early_readiness_ignition
2025-07-07,SPY,0.0,14.188800900519247,14.188800900519247,quiet,0.0,0,0,0.0,0,1.3547200225129812,0.0,2026-02-06T20:59:43.200961+00:00,v1_early_readiness_ignition
2025-07-08,SPY,25.0,0.0,25.0,quiet,0.0,0,1,0.0,0,0.536426860860852,0.0,2026-02-06T20:59:43.200961+00:00,v1_early_readiness_ignition
2025-07-09,SPY,0.0,0.1461329561517566,0.1461329561517566,quiet,0.0,0,0,0.0,0,1.003653323903794,0.0,2026-02-06T20:59:43.200961+00:00,v1_early_readiness_ignition
2025-07-10,SPY,25.0,0.0,25.0,quiet,0.0,0,1,0.0,0,0.8792336489081003,0.0,2026-02-06T20:59:43.200961+00:00,v1_early_readiness_ignition
2025-07-11,SPY,20.0,0.0,20.0,quiet,0.0,1,0,0.0,0,0.9888791304232268,0.0,2026-02-06T20:59:43.200961+00:00,v1_early_readiness_ignition
2025-07-14,SPY,25.0,0.0,25.0,quiet,0.0,0,1,0.0,0,0.8202684164894232,0.0,2026-02-06T20:59:43.200961+00:00,v1_early_readiness_ignition
2025-07-15,SPY,0.0,16.529837644313456,16.529837644313456,quiet,0.0,0,0,0.0,0,1.4132459411078364,0.0,2026-02-06T20:59:43.200961+00:00,v1_early_readiness_ignition
2025-07-16,SPY,0.0,20.0,20.0,quiet,0.0,0,0,0.0,0,1.5431859845952969,0.0,2026-02-06T20:59:43.200961+00:00,v1_early_readiness_ignition
2025-07-17,SPY,0.0,0.0,0.0,quiet,0.0,0,0,0.0,0,0.9716469179036135,0.0,2026-02-06T20:59:43.200961+00:00,v1_early_readiness_ignition
2025-07-18,SPY,25.0,0.0,25.0,quiet,0.0,0,1,0.0,0,0.7039948953242632,0.0,2026-02-06T20:59:43.200961+00:00,v1_early_readiness_ignition
2025-07-21,SPY,0.0,0.0,0.0,quiet,0.0,0,0,0.0,0,0.9655252452276288,0.0,2026-02-06T20:59:43.200961+00:00,v1_early_readiness_ignition
2025-07-22,SPY,0.0,0.0,0.0,quiet,0.0,0,0,0.0,0,0.8614906709661105,0.0,2026-02-06T20:59:43.200961+00:00,v1_early_readiness_ignition
2025-07-23,SPY,0.0,12.072043726511632,12.072043726511632,quiet,0.0,0,0,0.0,0,1.3018010931627908,0.0,2026-02-06T20:59:43.200961+00:00,v1_early_readiness_ignition
2025-07-24,SPY,25.0,0.0,25.0,quiet,0.0,0,1,0.0,0,0.5211579428191763,0.0,2026-02-06T20:59:43.200961+00:00,v1_early_readiness_ignition
2025-07-25,SPY,25.0,0.0,25.0,quiet,0.0,0,1,0.0,0,0.8343426211676256,0.0,2026-02-06T20:59:43.200961+00:00,v1_early_readiness_ignition
2025-07-28,SPY,25.0,0.0,25.0,quiet,0.0,0,1,0.0,0,0.6572974137841162,0.0,2026-02-06T20:59:43.200961+00:00,v1_early_readiness_ignition
2025-07-29,SPY,0.0,5.548539712915872,5.548539712915872,quiet,0.0,0,0,0.0,0,1.1387134928228968,0.0,2026-02-06T20:59:43.200961+00:00,v1_early_readiness_ignition
2025-07-30,SPY,0.0,20.0,20.0,quiet,0.0,0,0,0.0,0,1.6190020310676576,0.0,2026-02-06T20:59:43.200961+00:00,v1_early_readiness_ignition
2025-07-31,SPY,0.0,20.0,20.0,quiet,0.0,0,0,0.0,0,2.3972260475789153,0.0,2026-02-06T20:59:43.200961+00:00,v1_early_readiness_ignition
2025-08-01,SPY,20.0,28.0,48.0,quiet,0.0,1,0,1.0,0,3.0874152292703054,0.2,2026-02-06T20:59:43.200961+00:00,v1_early_readiness_ignition
2025-08-04,SPY,0.0,36.0,36.0,quiet,0.0,0,0,2.0,0,1.9966829416443315,0.4,2026-02-06T20:59:43.200961+00:00,v1_early_readiness_ignition
2025-08-05,SPY,0.0,16.732445785747586,16.732445785747586,quiet,0.0,0,0,2.0,0,1.0183111446436897,0.4,2026-02-06T20:59:43.200961+00:00,v1_early_readiness_ignition
2025-08-06,SPY,0.0,16.0,16.0,quiet,0.0,0,0,2.0,0,0.9934855494652998,0.4,2026-02-06T20:59:43.200961+00:00,v1_early_readiness_ignition
2025-08-07,SPY,0.0,29.81073404144243,29.81073404144243,quiet,0.0,0,0,2.0,0,1.3452683510360608,0.4,2026-02-06T20:59:43.200961+00:00,v1_early_readiness_ignition
2025-08-08,SPY,0.0,8.0,8.0,quiet,0.0,0,0,2.0,0,0.9238343618092225,0.2,2026-02-06T20:59:43.200961+00:00,v1_early_readiness_ignition
2025-08-11,SPY,0.0,0.0,0.0,quiet,0.0,0,0,2.0,0,0.7282598082362413,0.0,2026-02-06T20:59:43.200961+00:00,v1_early_readiness_ignition
2025-08-12,SPY,0.0,2.396989931124862,2.396989931124862,quiet,0.0,0,0,2.0,0,1.0599247482781216,0.0,2026-02-06T20:59:43.200961+00:00,v1_early_readiness_ignition
2025-08-13,SPY,0.0,0.0,0.0,quiet,0.0,0,0,2.0,0,0.5538284776844195,0.0,2026-02-06T20:59:43.200961+00:00,v1_early_readiness_ignition
2025-08-14,SPY,0.0,0.0,0.0,quiet,0.0,0,0,2.0,0,0.580088924465611,0.0,2026-02-06T20:59:43.200961+00:00,v1_early_readiness_ignition
2025-08-15,SPY,0.0,0.0,0.0,quiet,0.0,0,0,1.0,0,0.6417163625405925,-0.2,2026-02-06T20:59:43.200961+00:00,v1_early_readiness_ignition
2025-08-18,SPY,25.0,0.0,25.0,quiet,0.0,0,1,0.0,0,0.37037997818737145,-0.4,2026-02-06T20:59:43.200961+00:00,v1_early_readiness_ignition
2025-08-19,SPY,0.0,5.839264754054376,5.839264754054376,quiet,0.0,0,0,0.0,0,1.1459816188513594,-0.4,2026-02-06T20:59:43.200961+00:00,v1_early_readiness_ignition
2025-08-20,SPY,0.0,16.15838127321848,16.15838127321848,quiet,0.0,0,0,0.0,0,1.403959531830462,-0.4,2026-02-06T20:59:43.200961+00:00,v1_early_readiness_ignition
2025-08-21,SPY,0.0,0.017157296614858097,0.017157296614858097,quiet,0.0,0,0,0.0,0,1.0004289324153715,-0.4,2026-02-06T20:59:43.200961+00:00,v1_early_readiness_ignition
2025-08-22,SPY,0.0,20.0,20.0,quiet,0.0,0,0,1.0,0,2.5578757796002134,0.0,2026-02-06T20:59:43.200961+00:00,v1_early_readiness_ignition
2025-08-25,SPY,25.0,8.0,33.0,quiet,0.0,0,1,1.0,0,0.7474325454768792,0.2,2026-02-06T20:59:43.200961+00:00,v1_early_readiness_ignition
2025-08-26,SPY,0.0,10.047537454328836,10.047537454328836,quiet,0.0,0,0,1.0,0,1.051188436358221,0.2,2026-02-06T20:59:43.200961+00:00,v1_early_readiness_ignition
2025-08-27,SPY,25.0,8.0,33.0,quiet,0.0,0,1,1.0,0,0.7837784441480388,0.2,2026-02-06T20:59:43.200961+00:00,v1_early_readiness_ignition
2025-08-28,SPY,0.0,8.860848048330896,8.860848048330896,quiet,0.0,0,0,1.0,0,1.0215212012082724,0.2,2026-02-06T20:59:43.200961+00:00,v1_early_readiness_ignition
2025-08-29,SPY,0.0,14.224605316052035,14.224605316052035,quiet,0.0,0,0,1.0,0,1.3556151329013009,0.0,2026-02-06T20:59:43.200961+00:00,v1_early_readiness_ignition
2025-09-02,SPY,0.0,28.0,28.0,quiet,0.0,0,0,2.0,0,2.027607984432952,0.2,2026-02-06T20:59:43.200961+00:00,v1_early_readiness_ignition
2025-09-03,SPY,0.0,8.0,8.0,quiet,0.0,0,0,2.0,0,0.936559615448427,0.2,2026-02-06T20:59:43.200961+00:00,v1_early_readiness_ignition
2025-09-04,SPY,0.0,21.337399414528992,21.337399414528992,quiet,0.0,0,0,2.0,0,1.3334349853632248,0.2,2026-02-06T20:59:43.200961+00:00,v1_early_readiness_ignition
2025-09-05,SPY,0.0,28.0,28.0,quiet,0.0,0,0,2.0,0,1.8043205041853188,0.2,2026-02-06T20:59:43.200961+00:00,v1_early_readiness_ignition
2025-09-08,SPY,25.0,0.0,25.0,quiet,0.0,0,1,1.0,0,0.642334433128173,0.0,2026-02-06T20:59:43.200961+00:00,v1_early_readiness_ignition
2025-09-09,SPY,0.0,0.0,0.0,quiet,0.0,0,0,1.0,0,0.8936151398645598,-0.2,2026-02-06T20:59:43.200961+00:00,v1_early_readiness_ignition
2025-09-10,SPY,0.0,0.2687543165873407,0.2687543165873407,quiet,0.0,0,0,1.0,0,1.0067188579146835,-0.2,2026-02-06T20:59:43.200961+00:00,v1_early_readiness_ignition
2025-09-11,SPY,0.0,9.223833488629722,9.223833488629722,quiet,0.0,0,0,1.0,0,1.230595837215743,-0.2,2026-02-06T20:59:43.200961+00:00,v1_early_readiness_ignition
2025-09-12,SPY,25.0,0.0,25.0,quiet,0.0,0,1,1.0,0,0.44071193438976636,-0.2,2026-02-06T20:59:43.200961+00:00,v1_early_readiness_ignition
2025-09-15,SPY,0.0,0.0,0.0,quiet,0.0,0,0,1.0,0,0.8735014690038682,0.0,2026-02-06T20:59:43.200961+00:00,v1_early_readiness_ignition
2025-09-16,SPY,25.0,0.0,25.0,quiet,0.0,0,1,0.0,0,0.6611122817211551,-0.2,2026-02-06T20:59:43.200961+00:00,v1_early_readiness_ignition
2025-09-17,SPY,0.0,20.0,20.0,quiet,0.0,0,0,0.0,0,1.858387630391493,-0.2,2026-02-06T20:59:43.200961+00:00,v1_early_readiness_ignition
2025-09-18,SPY,0.0,17.275790272965832,17.275790272965832,quiet,0.0,0,0,0.0,0,1.4318947568241458,-0.2,2026-02-06T20:59:43.200961+00:00,v1_early_readiness_ignition
2025-09-19,SPY,0.0,2.3539631702827712,2.3539631702827712,quiet,0.0,0,0,0.0,0,1.0588490792570693,-0.2,2026-02-06T20:59:43.200961+00:00,v1_early_readiness_ignition
2025-09-22,SPY,0.0,8.211956545916559,8.211956545916559,quiet,0.0,0,0,0.0,0,1.205298913647914,-0.2,2026-02-06T20:59:43.200961+00:00,v1_early_readiness_ignition
2025-09-23,SPY,0.0,5.273903550755925,5.273903550755925,quiet,0.0,0,0,0.0,0,1.1318475887688981,0.0,2026-02-06T20:59:43.200961+00:00,v1_early_readiness_ignition
2025-09-24,SPY,0.0,0.0,0.0,quiet,0.0,0,0,0.0,0,0.9824772354361453,0.0,2026-02-06T20:59:43.200961+00:00,v1_early_readiness_ignition
2025-09-25,SPY,0.0,13.390690740433646,13.390690740433646,quiet,0.0,0,0,0.0,0,1.3347672685108412,0.0,2026-02-06T20:59:43.200961+00:00,v1_early_readiness_ignition
2025-09-26,SPY,0.0,0.0,0.0,quiet,0.0,0,0,0.0,0,0.8999801363148303,0.0,2026-02-06T20:59:43.200961+00:00,v1_early_readiness_ignition
2025-09-29,SPY,25.0,0.0,25.0,quiet,0.0,0,1,0.0,0,0.6895811443459587,0.0,2026-02-06T20:59:43.200961+00:00,v1_early_readiness_ignition
2025-09-30,SPY,0.0,0.0,0.0,quiet,0.0,0,0,0.0,0,0.992145417109876,0.0,2026-02-06T20:59:43.200961+00:00,v1_early_readiness_ignition
2025-10-01,SPY,0.0,9.499151096429905,9.499151096429905,quiet,0.0,0,0,0.0,0,1.2374787774107476,0.0,2026-02-06T20:59:43.200961+00:00,v1_early_readiness_ignition
2025-10-02,SPY,0.0,0.0,0.0,quiet,0.0,0,0,0.0,0,0.7538272322740618,0.0,2026-02-06T20:59:43.200961+00:00,v1_early_readiness_ignition
2025-10-03,SPY,0.0,0.0,0.0,quiet,0.0,0,0,0.0,0,0.8979982383691334,0.0,2026-02-06T20:59:43.200961+00:00,v1_early_readiness_ignition
2025-10-06,SPY,25.0,0.0,25.0,quiet,0.0,0,1,0.0,0,0.6910367680029403,0.0,2026-02-06T20:59:43.200961+00:00,v1_early_readiness_ignition
2025-10-07,SPY,0.0,4.402388809325233,4.402388809325233,quiet,0.0,0,0,0.0,0,1.1100597202331308,0.0,2026-02-06T20:59:43.200961+00:00,v1_early_readiness_ignition
2025-10-08,SPY,0.0,0.0,0.0,quiet,0.0,0,0,0.0,0,0.9004043328636571,0.0,2026-02-06T20:59:43.200961+00:00,v1_early_readiness_ignition
2025-10-09,SPY,0.0,1.4046130344601426,1.4046130344601426,quiet,0.0,0,0,0.0,0,1.0351153258615036,0.0,2026-02-06T20:59:43.200961+00:00,v1_early_readiness_ignition
2025-10-10,SPY,20.0,28.0,48.0,quiet,0.0,1,0,1.0,0,4.564617118322295,0.2,2026-02-06T20:59:43.200961+00:00,v1_early_readiness_ignition
2025-10-13,SPY,7.739786615120508,36.0,43.73978661512051,quiet,0.5159857743413672,0,0,2.0,0,2.536682102161138,0.4,2026-02-06T20:59:43.200961+00:00,v1_early_readiness_ignition
2025-10-14,SPY,7.739786615120508,40.0,47.73978661512051,quiet,0.5159857743413672,0,0,3.0,0,2.554656440386647,0.6,2026-02-06T20:59:43.200961+00:00,v1_early_readiness_ignition
2025-10-15,SPY,7.739786615120508,40.0,47.73978661512051,quiet,0.5159857743413672,0,0,4.0,0,2.2830029663234415,0.8,2026-02-06T20:59:43.200961+00:00,v1_early_readiness_ignition
2025-10-16,SPY,7.739786615120508,35.8393774081821,43.57916402330261,quiet,0.5159857743413672,0,0,5.0,0,1.3959844352045525,1.0,2026-02-06T20:59:43.200961+00:00,v1_early_readiness_ignition
2025-10-17,SPY,7.739786615120508,20.0,27.739786615120508,quiet,0.5159857743413672,0,0,5.0,0,0.8066537471165462,0.8,2026-02-06T20:59:43.200961+00:00,v1_early_readiness_ignition
2025-10-20,SPY,0.0,20.0,20.0,quiet,0.0,0,0,5.0,0,0.8164187871449581,0.6,2026-02-06T20:59:43.200961+00:00,v1_early_readiness_ignition
2025-10-21,SPY,25.0,16.0,41.0,quiet,0.0,0,1,5.0,1,0.3110141814269701,0.4,2026-02-06T20:59:43.200961+00:00,v1_early_readiness_ignition
2025-10-22,SPY,0.0,8.0,8.0,quiet,0.0,0,0,5.0,0,0.8633278847403181,0.2,2026-02-06T20:59:43.200961+00:00,v1_early_readiness_ignition
2025-10-23,SPY,0.0,0.0,0.0,quiet,0.0,0,0,5.0,0,0.489783531747845,0.0,2026-02-06T20:59:43.200961+00:00,v1_early_readiness_ignition
2025-10-24,SPY,0.0,0.0,0.0,quiet,0.0,0,0,4.0,0,0.8078033426341797,-0.2,2026-02-06T20:59:43.200961+00:00,v1_early_readiness_ignition
2025-10-27,SPY,1.4954662535307373,0.7837135934542072,2.2791798469849445,quiet,0.09969775023538248,0,0,3.0,0,1.0195928398363552,-0.4,2026-02-06T20:59:43.200961+00:00,v1_early_readiness_ignition
2025-10-28,SPY,26.495466253530736,0.0,26.495466253530736,quiet,0.09969775023538248,0,1,2.0,1,0.5109796271385416,-0.6,2026-02-06T20:59:43.200961+00:00,v1_early_readiness_ignition
2025-10-29,SPY,1.4954662535307373,0.0,1.4954662535307373,quiet,0.09969775023538248,0,0,1.0,0,0.9237544223139328,-0.8,2026-02-06T20:59:43.200961+00:00,v1_early_readiness_ignition
2025-10-30,SPY,1.4954662535307373,1.9240549778371285,3.419521231367866,quiet,0.09969775023538248,0,0,0.0,0,1.0481013744459282,-1.0,2026-02-06T20:59:43.200961+00:00,v1_early_readiness_ignition
2025-10-31,SPY,1.4954662535307373,0.0,1.4954662535307373,quiet,0.09969775023538248,0,0,0.0,0,0.8620784283844802,-0.8,2026-02-06T20:59:43.200961+00:00,v1_early_readiness_ignition
2025-11-03,SPY,14.485586995137739,0.0,14.485586995137739,quiet,0.9657057996758492,0,0,0.0,0,0.927191028908341,-0.6,2026-02-06T20:59:43.200961+00:00,v1_early_readiness_ignition
2025-11-04,SPY,14.485586995137739,11.458839930888933,25.944426926026672,quiet,0.9657057996758492,0,0,0.0,0,1.2864709982722233,-0.4,2026-02-06T20:59:43.200961+00:00,v1_early_readiness_ignition
2025-11-05,SPY,14.485586995137739,0.0,14.485586995137739,quiet,0.9657057996758492,0,0,0.0,0,0.9983202594048199,-0.2,2026-02-06T20:59:43.200961+00:00,v1_early_readiness_ignition
2025-11-06,SPY,14.485586995137739,12.488923715179316,26.974510710317055,quiet,0.9657057996758492,0,0,0.0,0,1.312223092879483,0.0,2026-02-06T20:59:43.200961+00:00,v1_early_readiness_ignition
2025-11-07,SPY,14.485586995137739,16.256694500975073,30.74228149611281,quiet,0.9657057996758492,0,0,0.0,0,1.4064173625243768,0.0,2026-02-06T20:59:43.200961+00:00,v1_early_readiness_ignition
2025-11-10,SPY,3.894851200671163,28.0,31.894851200671162,quiet,0.25965674671141087,0,0,1.0,0,1.5957922750303288,0.2,2026-02-06T20:59:43.200961+00:00,v1_early_readiness_ignition
2025-11-11,SPY,28.894851200671162,8.0,36.89485120067116,quiet,0.25965674671141087,0,1,1.0,0,0.6784113815587239,0.2,2026-02-06T20:59:43.200961+00:00,v1_early_readiness_ignition
2025-11-12,SPY,28.894851200671162,8.0,36.89485120067116,quiet,0.25965674671141087,0,1,1.0,0,0.5616810408574344,0.2,2026-02-06T20:59:43.200961+00:00,v1_early_readiness_ignition
2025-11-13,SPY,3.894851200671163,36.0,39.89485120067116,quiet,0.25965674671141087,0,0,2.0,0,1.65602245806092,0.4,2026-02-06T20:59:43.200961+00:00,v1_early_readiness_ignition
2025-11-14,SPY,3.894851200671163,36.95628699400642,40.85113819467758,quiet,0.25965674671141087,0,0,3.0,0,1.4239071748501604,0.6,2026-02-06T20:59:43.200961+00:00,v1_early_readiness_ignition
2025-11-17,SPY,11.796990824558598,29.42196820459417,41.21895902915277,quiet,0.7864660549705732,0,0,4.0,0,1.2355492051148542,0.6,2026-02-06T20:59:43.200961+00:00,v1_early_readiness_ignition
2025-11-18,SPY,11.796990824558598,20.016978553092457,31.813969377651055,quiet,0.7864660549705732,0,0,4.0,0,1.0004244638273114,0.6,2026-02-06T20:59:43.200961+00:00,v1_early_readiness_ignition
2025-11-19,SPY,11.796990824558598,20.0,31.7969908245586,quiet,0.7864660549705732,0,0,4.0,0,0.8834303471856209,0.6,2026-02-06T20:59:43.200961+00:00,v1_early_readiness_ignition
2025-11-20,SPY,11.796990824558598,40.0,51.7969908245586,watch,0.7864660549705732,0,0,5.0,1,2.272040417427331,0.6,2026-02-06T20:59:43.200961+00:00,v1_early_readiness_ignition
2025-11-21,SPY,31.7969908245586,29.57307062157712,61.37006144613572,watch,0.7864660549705732,1,0,6.0,0,1.239326765539428,0.6,2026-02-06T20:59:43.200961+00:00,v1_early_readiness_ignition
2025-11-24,SPY,0.0,16.0,16.0,quiet,0.0,0,0,6.0,0,0.9870899002468145,0.4,2026-02-06T20:59:43.200961+00:00,v1_early_readiness_ignition
2025-11-25,SPY,0.0,20.422071342570014,20.422071342570014,quiet,0.0,0,0,7.0,0,1.0105517835642503,0.6,2026-02-06T20:59:43.200961+00:00,v1_early_readiness_ignition
2025-11-26,SPY,0.0,20.0,20.0,quiet,0.0,0,0,7.0,0,0.570123773765834,0.6,2026-02-06T20:59:43.200961+00:00,v1_early_readiness_ignition
2025-11-28,SPY,25.0,8.0,33.0,quiet,0.0,0,1,6.0,1,0.346222267432422,0.2,2026-02-06T20:59:43.200961+00:00,v1_early_readiness_ignition
2025-12-01,SPY,25.0,0.0,25.0,quiet,0.0,0,1,5.0,1,0.43238320437499234,-0.2,2026-02-06T20:59:43.200961+00:00,v1_early_readiness_ignition
2025-12-02,SPY,25.0,0.0,25.0,quiet,0.0,0,1,4.0,1,0.4756867008757458,-0.4,2026-02-06T20:59:43.200961+00:00,v1_early_readiness_ignition
2025-12-03,SPY,0.0,0.0,0.0,quiet,0.0,0,0,4.0,0,0.6686447468964724,-0.6,2026-02-06T20:59:43.200961+00:00,v1_early_readiness_ignition
2025-12-04,SPY,25.0,0.0,25.0,quiet,0.0,0,1,4.0,1,0.6713359823744004,-0.6,2026-02-06T20:59:43.200961+00:00,v1_early_readiness_ignition
2025-12-05,SPY,25.0,0.0,25.0,quiet,0.0,0,1,3.0,1,0.8081865540532108,-0.6,2026-02-06T20:59:43.200961+00:00,v1_early_readiness_ignition
2025-12-08,SPY,1.2423502546760812,1.6612416216686476,2.903591876344729,quiet,0.08282335031173875,0,0,2.0,0,1.0415310405417162,-0.6,2026-02-06T20:59:43.200961+00:00,v1_early_readiness_ignition
2025-12-09,SPY,26.242350254676083,0.0,26.242350254676083,quiet,0.08282335031173875,0,1,1.0,0,0.6110958968153928,-0.6,2026-02-06T20:59:43.200961+00:00,v1_early_readiness_ignition
2025-12-10,SPY,1.2423502546760812,20.0,21.242350254676083,quiet,0.08282335031173875,0,0,0.0,0,1.6732293315740032,-0.8,2026-02-06T20:59:43.200961+00:00,v1_early_readiness_ignition
2025-12-11,SPY,1.2423502546760812,20.0,21.242350254676083,quiet,0.08282335031173875,0,0,0.0,0,1.5363555288227633,-0.8,2026-02-06T20:59:43.200961+00:00,v1_early_readiness_ignition
2025-12-12,SPY,1.2423502546760812,20.0,21.242350254676083,quiet,0.08282335031173875,0,0,0.0,0,2.0439256555992475,-0.6,2026-02-06T20:59:43.200961+00:00,v1_early_readiness_ignition
2025-12-15,SPY,15.0,10.747049364773629,25.74704936477363,quiet,1.0,0,0,0.0,0,1.2686762341193407,-0.4,2026-02-06T20:59:43.200961+00:00,v1_early_readiness_ignition
2025-12-16,SPY,15.0,3.133120304838739,18.13312030483874,quiet,1.0,0,0,0.0,0,1.0783280076209685,-0.2,2026-02-06T20:59:43.200961+00:00,v1_early_readiness_ignition
2025-12-17,SPY,15.0,18.826356689208474,33.826356689208474,quiet,1.0,0,0,0.0,0,1.4706589172302118,0.0,2026-02-06T20:59:43.200961+00:00,v1_early_readiness_ignition
2025-12-18,SPY,15.0,16.07654080348647,31.07654080348647,quiet,1.0,0,0,0.0,0,1.4019135200871617,0.0,2026-02-06T20:59:43.200961+00:00,v1_early_readiness_ignition
2025-12-19,SPY,15.0,0.0,15.0,quiet,1.0,0,0,0.0,0,0.6882655328613396,0.0,2026-02-06T20:59:43.200961+00:00,v1_early_readiness_ignition
2025-12-22,SPY,0.0,0.0,0.0,quiet,0.0,0,0,0.0,0,0.7062952886655133,0.0,2026-02-06T20:59:43.200961+00:00,v1_early_readiness_ignition
2025-12-23,SPY,0.0,0.0,0.0,quiet,0.0,0,0,0.0,0,0.6371829004562116,0.0,2026-02-06T20:59:43.200961+00:00,v1_early_readiness_ignition
2025-12-24,SPY,25.0,0.0,25.0,quiet,0.0,0,1,0.0,0,0.47589450302201486,0.0,2026-02-06T20:59:43.200961+00:00,v1_early_readiness_ignition
2025-12-26,SPY,25.0,0.0,25.0,quiet,0.0,0,1,0.0,0,0.43354841645472014,0.0,2026-02-06T20:59:43.200961+00:00,v1_early_readiness_ignition
2025-12-29,SPY,0.0,0.0,0.0,quiet,0.0,0,0,0.0,0,0.8877087866556738,0.0,2026-02-06T20:59:43.200961+00:00,v1_early_readiness_ignition
2025-12-30,SPY,25.0,0.0,25.0,quiet,0.0,0,1,0.0,0,0.43771520138123343,0.0,2026-02-06T20:59:43.200961+00:00,v1_early_readiness_ignition
2025-12-31,SPY,0.0,10.022686125777787,10.022686125777787,quiet,0.0,0,0,0.0,0,1.2505671531444447,0.0,2026-02-06T20:59:43.200961+00:00,v1_early_readiness_ignition
2026-01-02,SPY,0.0,20.0,20.0,quiet,0.0,0,0,0.0,0,1.5720972111560367,0.0,2026-02-06T20:59:43.200961+00:00,v1_early_readiness_ignition
2026-01-05,SPY,0.0,15.735342641566978,15.735342641566978,quiet,0.0,0,0,0.0,0,1.3933835660391745,0.0,2026-02-06T20:59:43.200961+00:00,v1_early_readiness_ignition
2026-01-06,SPY,0.0,1.125336905496237,1.125336905496237,quiet,0.0,0,0,0.0,0,1.028133422637406,0.0,2026-02-06T20:59:43.200961+00:00,v1_early_readiness_ignition
2026-01-07,SPY,0.0,1.2375004626337827,1.2375004626337827,quiet,0.0,0,0,0.0,0,1.0309375115658446,0.0,2026-02-06T20:59:43.200961+00:00,v1_early_readiness_ignition
2026-01-08,SPY,25.0,0.0,25.0,quiet,0.0,0,1,0.0,0,0.7075068461145367,0.0,2026-02-06T20:59:43.200961+00:00,v1_early_readiness_ignition
2026-01-09,SPY,20.0,13.093181253944666,33.093181253944664,quiet,0.0,1,0,0.0,0,1.3273295313486166,0.0,2026-02-06T20:59:43.200961+00:00,v1_early_readiness_ignition
2026-01-12,SPY,1.1071295260878844,3.182733775454878,4.289863301542763,quiet,0.07380863507252562,0,0,0.0,0,1.079568344386372,0.0,2026-02-06T20:59:43.200961+00:00,v1_early_readiness_ignition
2026-01-13,SPY,1.1071295260878844,0.0,1.1071295260878844,quiet,0.07380863507252562,0,0,0.0,0,0.9286345132786917,0.0,2026-02-06T20:59:43.200961+00:00,v1_early_readiness_ignition
2026-01-14,SPY,21.107129526087885,15.39650182144614,36.503631347534025,quiet,0.07380863507252562,1,0,0.0,0,1.3849125455361535,0.0,2026-02-06T20:59:43.200961+00:00,v1_early_readiness_ignition
2026-01-15,SPY,1.1071295260878844,0.0,1.1071295260878844,quiet,0.07380863507252562,0,0,0.0,0,0.9676063097792962,0.0,2026-02-06T20:59:43.200961+00:00,v1_early_readiness_ignition
2026-01-16,SPY,1.1071295260878844,0.0,1.1071295260878844,quiet,0.07380863507252562,0,0,0.0,0,0.84487217689482,0.0,2026-02-06T20:59:43.200961+00:00,v1_early_readiness_ignition
2026-01-20,SPY,20.0,28.0,48.0,quiet,0.0,1,0,1.0,0,3.074628537652687,0.2,2026-02-06T20:59:43.200961+00:00,v1_early_readiness_ignition
2026-01-21,SPY,0.0,36.0,36.0,quiet,0.0,0,0,2.0,0,2.161507709656219,0.4,2026-02-06T20:59:43.200961+00:00,v1_early_readiness_ignition
2026-01-22,SPY,0.0,17.216214871435078,17.216214871435078,quiet,0.0,0,0,2.0,0,1.030405371785877,0.4,2026-02-06T20:59:43.200961+00:00,v1_early_readiness_ignition
2026-01-23,SPY,0.0,16.0,16.0,quiet,0.0,0,0,2.0,0,0.6798007857127655,0.4,2026-02-06T20:59:43.200961+00:00,v1_early_readiness_ignition
2026-01-26,SPY,0.0,16.0,16.0,quiet,0.0,0,0,2.0,0,0.9330143264834847,0.4,2026-02-06T20:59:43.200961+00:00,v1_early_readiness_ignition
2026-01-27,SPY,25.0,8.0,33.0,quiet,0.0,0,1,2.0,1,0.7575546659718152,0.2,2026-02-06T20:59:43.200961+00:00,v1_early_readiness_ignition
2026-01-28,SPY,0.0,0.0,0.0,quiet,0.0,0,0,2.0,0,0.7743997891360774,0.0,2026-02-06T20:59:43.200961+00:00,v1_early_readiness_ignition
2026-01-29,SPY,0.0,28.0,28.0,quiet,0.0,0,0,3.0,0,2.4286636998138547,0.2,2026-02-06T20:59:43.200961+00:00,v1_early_readiness_ignition
2026-01-30,SPY,0.0,20.829670747057378,20.829670747057378,quiet,0.0,0,0,3.0,0,1.3207417686764344,0.2,2026-02-06T20:59:43.200961+00:00,v1_early_readiness_ignition
