date,symbol,open,high,low,close,volume,source,ingest_ts
2024-01-31,SPY,488.6199951171875,489.0799865722656,482.8599853515625,482.8800048828125,126011100.0,yfinance,2026-02-02T02:31:42.737215+00:00
2024-02-01,SPY,484.6300048828125,489.2300109863281,483.79998779296875,489.20001220703125,91891600.0,yfinance,2026-02-02T02:31:42.737215+00:00
2024-02-02,SPY,489.6499938964844,496.04998779296875,489.29998779296875,494.3500061035156,99228200.0,yfinance,2026-02-02T17:27:47.074019+00:00
2024-02-05,SPY,493.70001220703125,494.3800048828125,490.2300109863281,492.54998779296875,75757100.0,yfinance,2026-02-03T02:37:10.018304+00:00
2024-02-06,SPY,493.5199890136719,494.32000732421875,492.04998779296875,493.9800109863281,55918600.0,yfinance,2026-02-03T02:37:10.018304+00:00
2024-02-07,SPY,496.2900085449219,498.5299987792969,495.3599853515625,498.1000061035156,70556500.0,yfinance,2026-02-03T02:37:10.018304+00:00
2024-02-08,SPY,498.1000061035156,498.7099914550781,497.260009765625,498.32000732421875,52343600.0,yfinance,2026-02-03T02:37:10.018304+00:00
2024-02-09,SPY,498.8399963378906,501.6499938964844,498.489990234375,501.20001220703125,63979400.0,yfinance,2026-02-03T02:37:10.018304+00:00
2024-02-12,SPY,501.1700134277344,503.5,500.239990234375,500.9800109863281,56502300.0,yfinance,2026-02-03T02:37:10.018304+00:00
2024-02-13,SPY,494.5299987792969,497.0899963378906,490.7200012207031,494.0799865722656,113099200.0,yfinance,2026-02-03T02:37:10.018304+00:00
2024-02-14,SPY,496.7900085449219,499.07000732421875,494.3999938964844,498.57000732421875,68387800.0,yfinance,2026-02-03T02:37:10.018304+00:00
2024-02-15,SPY,499.2900085449219,502.20001220703125,498.79998779296875,502.010009765625,61683000.0,yfinance,2026-02-03T02:37:10.018304+00:00
2024-02-16,SPY,501.70001220703125,502.8699951171875,498.75,499.510009765625,75532900.0,yfinance,2026-02-03T02:37:10.018304+00:00
2024-02-20,SPY,497.7200012207031,498.4100036621094,494.45001220703125,496.760009765625,71736700.0,yfinance,2026-02-03T02:37:10.018304+00:00
2024-02-21,SPY,495.4200134277344,497.3699951171875,493.55999755859375,497.2099914550781,59293400.0,yfinance,2026-02-03T02:37:10.018304+00:00
2024-02-22,SPY,504.010009765625,508.489990234375,503.0199890136719,507.5,76402500.0,yfinance,2026-02-03T02:37:10.018304+00:00
2024-02-23,SPY,509.2699890136719,510.1300048828125,507.1000061035156,507.8500061035156,61321800.0,yfinance,2026-02-03T02:37:10.018304+00:00
2024-02-26,SPY,508.29998779296875,508.75,505.8599853515625,505.989990234375,50386700.0,yfinance,2026-02-03T02:37:10.018304+00:00
2024-02-27,SPY,506.70001220703125,507.1600036621094,504.75,506.92999267578125,48854500.0,yfinance,2026-02-03T02:37:10.018304+00:00
2024-02-28,SPY,505.3299865722656,506.8599853515625,504.9599914550781,506.260009765625,56506600.0,yfinance,2026-02-03T02:37:10.018304+00:00
2024-02-29,SPY,508.07000732421875,509.739990234375,505.3500061035156,508.0799865722656,83924800.0,yfinance,2026-02-03T02:37:10.018304+00:00
2024-03-01,SPY,508.9800109863281,513.2899780273438,508.55999755859375,512.8499755859375,76844800.0,yfinance,2026-02-03T02:37:10.018304+00:00
2024-03-04,SPY,512.030029296875,514.2000122070312,512.0,512.2999877929688,49799300.0,yfinance,2026-02-03T02:37:10.018304+00:00
2024-03-05,SPY,510.239990234375,510.70001220703125,504.9100036621094,507.17999267578125,72855600.0,yfinance,2026-02-03T02:37:10.018304+00:00
2024-03-06,SPY,510.54998779296875,512.0700073242188,508.4200134277344,509.75,68382400.0,yfinance,2026-02-03T02:37:10.018304+00:00
2024-03-07,SPY,513.1400146484375,515.8900146484375,509.80999755859375,514.8099975585938,58652100.0,yfinance,2026-02-03T02:37:10.018304+00:00
2024-03-08,SPY,515.4600219726562,518.219970703125,511.1300048828125,511.7200012207031,86532500.0,yfinance,2026-02-03T02:37:10.018304+00:00
2024-03-11,SPY,510.4800109863281,511.8800048828125,508.5,511.2799987792969,62557200.0,yfinance,2026-02-03T02:37:10.018304+00:00
2024-03-12,SPY,513.4500122070312,517.3800048828125,510.8599853515625,516.780029296875,73114400.0,yfinance,2026-02-03T02:37:10.018304+00:00
2024-03-13,SPY,517.1099853515625,517.2899780273438,514.489990234375,515.969970703125,55104100.0,yfinance,2026-02-03T02:37:10.018304+00:00
2024-03-14,SPY,516.969970703125,517.1300048828125,511.82000732421875,514.9500122070312,110171800.0,yfinance,2026-02-03T02:37:10.018304+00:00
2024-03-15,SPY,510.2099914550781,511.70001220703125,508.1199951171875,509.8299865722656,107646300.0,yfinance,2026-02-03T02:37:10.018304+00:00
2024-03-18,SPY,514.0,515.47998046875,512.4400024414062,512.8599853515625,88893300.0,yfinance,2026-02-03T02:37:10.018304+00:00
2024-03-19,SPY,512.1500244140625,516.0,511.1199951171875,515.7100219726562,60755300.0,yfinance,2026-02-03T02:37:10.018304+00:00
2024-03-20,SPY,515.77001953125,520.6199951171875,515.0800170898438,520.47998046875,69594600.0,yfinance,2026-02-03T02:37:10.018304+00:00
2024-03-21,SPY,523.3900146484375,524.1099853515625,521.9099731445312,522.2000122070312,60256100.0,yfinance,2026-02-03T02:37:10.018304+00:00
2024-03-22,SPY,522.1099853515625,522.6099853515625,520.969970703125,521.2100219726562,79070800.0,yfinance,2026-02-03T02:37:10.018304+00:00
2024-03-25,SPY,519.7999877929688,520.9500122070312,519.6099853515625,519.77001953125,48512100.0,yfinance,2026-02-03T02:37:10.018304+00:00
2024-03-26,SPY,521.22998046875,521.5800170898438,518.4000244140625,518.8099975585938,65463700.0,yfinance,2026-02-03T02:37:10.018304+00:00
2024-03-27,SPY,521.7100219726562,523.2100219726562,519.489990234375,523.1699829101562,82999800.0,yfinance,2026-02-03T02:37:10.018304+00:00
2024-03-28,SPY,523.2100219726562,524.6099853515625,522.780029296875,523.0700073242188,96294900.0,yfinance,2026-02-03T02:37:10.018304+00:00
2024-04-01,SPY,523.8300170898438,524.3800048828125,520.969970703125,522.1599731445312,62477500.0,yfinance,2026-02-03T02:37:10.018304+00:00
2024-04-02,SPY,518.239990234375,518.97998046875,516.47998046875,518.8400268554688,74230300.0,yfinance,2026-02-03T02:37:10.018304+00:00
2024-04-03,SPY,517.719970703125,520.9500122070312,517.6699829101562,519.4099731445312,59155800.0,yfinance,2026-02-03T02:37:10.018304+00:00
2024-04-04,SPY,523.52001953125,523.8699951171875,512.760009765625,513.0700073242188,96858100.0,yfinance,2026-02-03T02:37:10.018304+00:00
2024-04-05,SPY,514.4600219726562,520.4400024414062,514.010009765625,518.4299926757812,74546500.0,yfinance,2026-02-03T02:37:10.018304+00:00
2024-04-08,SPY,519.1500244140625,520.1799926757812,517.8900146484375,518.719970703125,48401800.0,yfinance,2026-02-03T02:37:10.018304+00:00
2024-04-09,SPY,520.5,520.75,514.3499755859375,519.3200073242188,68049200.0,yfinance,2026-02-03T02:37:10.018304+00:00
2024-04-10,SPY,513.47998046875,516.1599731445312,512.0900268554688,514.1199951171875,82652800.0,yfinance,2026-02-03T02:37:10.018304+00:00
2024-04-11,SPY,515.6799926757812,519.47998046875,512.0800170898438,518.0,70099000.0,yfinance,2026-02-03T02:37:10.018304+00:00
2024-04-12,SPY,514.3699951171875,515.8200073242188,509.0799865722656,510.8500061035156,92561100.0,yfinance,2026-02-03T02:37:10.018304+00:00
2024-04-15,SPY,515.1300048828125,515.2999877929688,503.5799865722656,504.45001220703125,92101400.0,yfinance,2026-02-03T02:37:10.018304+00:00
2024-04-16,SPY,504.94000244140625,506.5,502.2099914550781,503.5299987792969,73484000.0,yfinance,2026-02-03T02:37:10.018304+00:00
2024-04-17,SPY,506.04998779296875,506.2200012207031,499.1199951171875,500.54998779296875,75910300.0,yfinance,2026-02-03T02:37:10.018304+00:00
2024-04-18,SPY,501.9800109863281,504.1300048828125,498.55999755859375,499.5199890136719,74548100.0,yfinance,2026-02-03T02:37:10.018304+00:00
2024-04-19,SPY,499.44000244140625,500.4599914550781,493.8599853515625,495.1600036621094,102212600.0,yfinance,2026-02-03T02:37:10.018304+00:00
2024-04-22,SPY,497.8299865722656,502.3800048828125,495.42999267578125,499.7200012207031,67961000.0,yfinance,2026-02-03T02:37:10.018304+00:00
2024-04-23,SPY,501.7799987792969,506.0899963378906,499.5299987792969,505.6499938964844,64633600.0,yfinance,2026-02-03T02:37:10.018304+00:00
2024-04-24,SPY,506.55999755859375,507.3699951171875,503.1300048828125,505.4100036621094,55928100.0,yfinance,2026-02-03T02:37:10.018304+00:00
2024-04-25,SPY,499.17999267578125,504.2699890136719,497.489990234375,503.489990234375,69122400.0,yfinance,2026-02-03T02:37:10.018304+00:00
2024-04-26,SPY,506.3500061035156,509.8800048828125,505.70001220703125,508.260009765625,64306100.0,yfinance,2026-02-03T02:37:10.018304+00:00
2024-04-29,SPY,510.0899963378906,510.75,507.25,510.05999755859375,46415400.0,yfinance,2026-02-03T02:37:10.018304+00:00
2024-04-30,SPY,508.55999755859375,509.55999755859375,501.9800109863281,501.9800109863281,77483600.0,yfinance,2026-02-03T02:37:10.018304+00:00
2024-05-01,SPY,501.3800048828125,508.19000244140625,499.8699951171875,500.3500061035156,80242800.0,yfinance,2026-02-03T02:37:10.018304+00:00
2024-05-02,SPY,504.1499938964844,505.8900146484375,499.54998779296875,505.0299987792969,62550200.0,yfinance,2026-02-03T02:37:10.018304+00:00
2024-05-03,SPY,511.1600036621094,512.5499877929688,508.55999755859375,511.2900085449219,72756700.0,yfinance,2026-02-03T02:37:10.018304+00:00
2024-05-06,SPY,513.75,516.6099853515625,513.2999877929688,516.5700073242188,47264700.0,yfinance,2026-02-03T02:37:10.018304+00:00
2024-05-07,SPY,517.5599975585938,518.5700073242188,516.4500122070312,517.1400146484375,52561300.0,yfinance,2026-02-03T02:37:10.018304+00:00
2024-05-08,SPY,515.260009765625,517.739990234375,515.1400146484375,517.1900024414062,42047200.0,yfinance,2026-02-03T02:37:10.018304+00:00
2024-05-09,SPY,517.3800048828125,520.2100219726562,516.7100219726562,520.1699829101562,43643700.0,yfinance,2026-02-03T02:37:10.018304+00:00
2024-05-10,SPY,521.8099975585938,522.6400146484375,519.5900268554688,520.8400268554688,52233200.0,yfinance,2026-02-03T02:37:10.018304+00:00
2024-05-13,SPY,522.5599975585938,522.6699829101562,519.739990234375,520.9099731445312,36716400.0,yfinance,2026-02-03T02:37:10.018304+00:00
2024-05-14,SPY,521.1099853515625,523.8300170898438,520.5599975585938,523.2999877929688,57535900.0,yfinance,2026-02-03T02:37:10.018304+00:00
2024-05-15,SPY,525.8300170898438,530.0800170898438,525.1799926757812,529.780029296875,59504900.0,yfinance,2026-02-03T02:37:10.018304+00:00
2024-05-16,SPY,529.8800048828125,531.52001953125,528.5399780273438,528.6900024414062,50244800.0,yfinance,2026-02-03T02:37:10.018304+00:00
2024-05-17,SPY,528.8099975585938,529.52001953125,527.3200073242188,529.4500122070312,59187600.0,yfinance,2026-02-03T02:37:10.018304+00:00
2024-05-20,SPY,529.5700073242188,531.5599975585938,529.1699829101562,530.0599975585938,37764200.0,yfinance,2026-02-03T02:37:10.018304+00:00
2024-05-21,SPY,529.280029296875,531.52001953125,529.0700073242188,531.3599853515625,33437000.0,yfinance,2026-02-03T02:37:10.018304+00:00
2024-05-22,SPY,530.6500244140625,531.3800048828125,527.5999755859375,529.8300170898438,48390000.0,yfinance,2026-02-03T02:37:10.018304+00:00
2024-05-23,SPY,532.9600219726562,533.0700073242188,524.719970703125,525.9600219726562,57211200.0,yfinance,2026-02-03T02:37:10.018304+00:00
2024-05-24,SPY,527.8499755859375,530.27001953125,526.8800048828125,529.4400024414062,41291100.0,yfinance,2026-02-03T02:37:10.018304+00:00
2024-05-28,SPY,530.27001953125,530.510009765625,527.1099853515625,529.8099975585938,36269600.0,yfinance,2026-02-03T02:37:10.018304+00:00
2024-05-29,SPY,525.6799926757812,527.3099975585938,525.3699951171875,526.0999755859375,45190300.0,yfinance,2026-02-03T02:37:10.018304+00:00
2024-05-30,SPY,524.52001953125,525.2000122070312,521.3300170898438,522.6099853515625,46377600.0,yfinance,2026-02-03T02:37:10.018304+00:00
2024-05-31,SPY,523.5900268554688,527.5,518.3599853515625,527.3699951171875,90785800.0,yfinance,2026-02-03T02:37:10.018304+00:00
2024-06-03,SPY,529.02001953125,529.3099975585938,522.5999755859375,527.7999877929688,46835700.0,yfinance,2026-02-03T02:37:10.018304+00:00
2024-06-04,SPY,526.4600219726562,529.1500244140625,524.9600219726562,528.3900146484375,34632700.0,yfinance,2026-02-03T02:37:10.018304+00:00
2024-06-05,SPY,530.77001953125,534.6900024414062,528.72998046875,534.6699829101562,47610400.0,yfinance,2026-02-03T02:37:10.018304+00:00
2024-06-06,SPY,534.97998046875,535.4199829101562,532.6799926757812,534.6599731445312,30808500.0,yfinance,2026-02-03T02:37:10.018304+00:00
2024-06-07,SPY,533.6599731445312,536.8900146484375,532.5399780273438,534.010009765625,43224500.0,yfinance,2026-02-03T02:37:10.018304+00:00
2024-06-10,SPY,533.1799926757812,535.989990234375,532.5700073242188,535.6599731445312,35686100.0,yfinance,2026-02-03T02:37:10.018304+00:00
2024-06-11,SPY,534.0700073242188,537.010009765625,532.0499877929688,536.9500122070312,36383400.0,yfinance,2026-02-03T02:37:10.018304+00:00
2024-06-12,SPY,541.6300048828125,544.1199951171875,540.2999877929688,541.3599853515625,63251300.0,yfinance,2026-02-03T02:37:10.018304+00:00
2024-06-13,SPY,543.1500244140625,543.3300170898438,539.5900268554688,542.4500122070312,44760900.0,yfinance,2026-02-03T02:37:10.018304+00:00
2024-06-14,SPY,540.8800048828125,542.8099975585938,539.8499755859375,542.780029296875,40089900.0,yfinance,2026-02-03T02:37:10.018304+00:00
2024-06-17,SPY,542.0800170898438,548.530029296875,541.6099853515625,547.0999755859375,55839500.0,yfinance,2026-02-03T02:37:10.018304+00:00
2024-06-18,SPY,547.1599731445312,548.6199951171875,546.72998046875,548.489990234375,41376400.0,yfinance,2026-02-03T02:37:10.018304+00:00
2024-06-20,SPY,549.4400024414062,550.1199951171875,545.1799926757812,547.0,70328200.0,yfinance,2026-02-03T02:37:10.018304+00:00
2024-06-21,SPY,544.4000244140625,545.6500244140625,543.02001953125,544.510009765625,64338600.0,yfinance,2026-02-03T02:37:10.018304+00:00
2024-06-24,SPY,544.3300170898438,546.9500122070312,542.6199951171875,542.739990234375,45528700.0,yfinance,2026-02-03T02:37:10.018304+00:00
2024-06-25,SPY,543.989990234375,545.2000122070312,542.4400024414062,544.8300170898438,37936200.0,yfinance,2026-02-03T02:37:10.018304+00:00
2024-06-26,SPY,543.6900024414062,546.239990234375,543.030029296875,545.510009765625,38550600.0,yfinance,2026-02-03T02:37:10.018304+00:00
2024-06-27,SPY,545.3699951171875,546.9600219726562,544.6099853515625,546.3699951171875,35041500.0,yfinance,2026-02-03T02:37:10.018304+00:00
2024-06-28,SPY,547.1599731445312,550.280029296875,542.9500122070312,544.219970703125,76144500.0,yfinance,2026-02-03T02:37:10.018304+00:00
2024-07-01,SPY,545.6300048828125,545.8800048828125,542.52001953125,545.3400268554688,40297800.0,yfinance,2026-02-03T02:37:10.018304+00:00
2024-07-02,SPY,543.7000122070312,549.010009765625,543.6500244140625,549.010009765625,40434800.0,yfinance,2026-02-03T02:37:10.018304+00:00
2024-07-03,SPY,548.6900024414062,551.8300170898438,548.6500244140625,551.4600219726562,32789900.0,yfinance,2026-02-03T02:37:10.018304+00:00
2024-07-05,SPY,551.77001953125,555.0499877929688,551.1199951171875,554.6400146484375,41488400.0,yfinance,2026-02-03T02:37:10.018304+00:00
2024-07-08,SPY,555.4400024414062,556.25,554.1900024414062,555.280029296875,36110500.0,yfinance,2026-02-03T02:37:10.018304+00:00
2024-07-09,SPY,556.260009765625,557.1799926757812,555.52001953125,555.8200073242188,27289700.0,yfinance,2026-02-03T02:37:10.018304+00:00
2024-07-10,SPY,557.0700073242188,561.6699829101562,556.77001953125,561.3200073242188,38701200.0,yfinance,2026-02-03T02:37:10.018304+00:00
2024-07-11,SPY,561.4400024414062,562.3300170898438,555.8300170898438,556.47998046875,53054200.0,yfinance,2026-02-03T02:37:10.018304+00:00
2024-07-12,SPY,557.6300048828125,563.6699829101562,557.1500244140625,559.989990234375,53084400.0,yfinance,2026-02-03T02:37:10.018304+00:00
2024-07-15,SPY,562.030029296875,564.8400268554688,559.6300048828125,561.530029296875,40584300.0,yfinance,2026-02-03T02:37:10.018304+00:00
2024-07-16,SPY,562.8699951171875,565.1599731445312,562.0999755859375,564.8599853515625,36475300.0,yfinance,2026-02-03T02:37:10.018304+00:00
2024-07-17,SPY,558.7999877929688,560.510009765625,556.6099853515625,556.9400024414062,57119000.0,yfinance,2026-02-03T02:37:10.018304+00:00
2024-07-18,SPY,558.510009765625,559.52001953125,550.4299926757812,552.6599731445312,56270400.0,yfinance,2026-02-03T02:37:10.018304+00:00
2024-07-19,SPY,552.4199829101562,554.0800170898438,547.9099731445312,548.989990234375,65509100.0,yfinance,2026-02-03T02:37:10.018304+00:00
2024-07-22,SPY,553.0,555.27001953125,551.02001953125,554.6500244140625,43346700.0,yfinance,2026-02-03T02:37:10.018304+00:00
2024-07-23,SPY,554.5399780273438,556.739990234375,553.280029296875,553.780029296875,34439600.0,yfinance,2026-02-03T02:37:10.018304+00:00
2024-07-24,SPY,548.8599853515625,549.1699829101562,540.2899780273438,541.22998046875,74515300.0,yfinance,2026-02-03T02:37:10.018304+00:00
2024-07-25,SPY,541.3499755859375,547.4600219726562,537.4500122070312,538.4099731445312,61158300.0,yfinance,2026-02-03T02:37:10.018304+00:00
2024-07-26,SPY,542.280029296875,547.1900024414062,541.489990234375,544.4400024414062,53763800.0,yfinance,2026-02-03T02:37:10.018304+00:00
2024-07-29,SPY,546.02001953125,547.0499877929688,542.719970703125,544.760009765625,39515800.0,yfinance,2026-02-03T02:37:10.018304+00:00
2024-07-30,SPY,546.260009765625,547.3400268554688,538.52001953125,542.0,46853600.0,yfinance,2026-02-03T02:37:10.018304+00:00
2024-07-31,SPY,548.97998046875,553.5,547.5800170898438,550.8099975585938,65663400.0,yfinance,2026-02-03T02:37:10.018304+00:00
2024-08-01,SPY,552.5700073242188,554.8699951171875,539.4299926757812,543.010009765625,76428700.0,yfinance,2026-02-03T02:37:10.018304+00:00
2024-08-02,SPY,535.75,536.989990234375,528.5999755859375,532.9000244140625,82789100.0,yfinance,2026-02-03T02:37:10.018304+00:00
2024-08-05,SPY,511.6400146484375,523.5800170898438,510.2699890136719,517.3800048828125,146267400.0,yfinance,2026-02-03T02:37:10.018304+00:00
2024-08-06,SPY,519.219970703125,529.75,517.8699951171875,522.1500244140625,84826300.0,yfinance,2026-02-03T02:37:10.018304+00:00
2024-08-07,SPY,528.469970703125,531.5900268554688,518.0499877929688,518.6599731445312,70698300.0,yfinance,2026-02-03T02:37:10.018304+00:00
2024-08-08,SPY,523.9099731445312,531.2899780273438,521.8400268554688,530.6500244140625,63276600.0,yfinance,2026-02-03T02:37:10.018304+00:00
2024-08-09,SPY,529.8099975585938,534.510009765625,528.5599975585938,532.989990234375,45619600.0,yfinance,2026-02-03T02:37:10.018304+00:00
2024-08-12,SPY,534.2100219726562,535.72998046875,530.9500122070312,533.27001953125,42542100.0,yfinance,2026-02-03T02:37:10.018304+00:00
2024-08-13,SPY,536.530029296875,542.280029296875,536.280029296875,542.0399780273438,52333100.0,yfinance,2026-02-03T02:37:10.018304+00:00
2024-08-14,SPY,542.8499755859375,544.9600219726562,540.1199951171875,543.75,42446900.0,yfinance,2026-02-03T02:37:10.018304+00:00
2024-08-15,SPY,549.5,553.3599853515625,548.8800048828125,553.0700073242188,60846800.0,yfinance,2026-02-03T02:37:10.018304+00:00
2024-08-16,SPY,551.4199829101562,555.02001953125,551.260009765625,554.3099975585938,44430700.0,yfinance,2026-02-03T02:37:10.018304+00:00
2024-08-19,SPY,554.72998046875,559.6099853515625,553.8599853515625,559.6099853515625,39121800.0,yfinance,2026-02-03T02:37:10.018304+00:00
2024-08-20,SPY,559.1500244140625,560.8400268554688,557.3300170898438,558.7000122070312,33732300.0,yfinance,2026-02-03T02:37:10.018304+00:00
2024-08-21,SPY,559.77001953125,562.1099853515625,554.72998046875,560.6199951171875,41514600.0,yfinance,2026-02-03T02:37:10.018304+00:00
2024-08-22,SPY,562.5599975585938,563.1799926757812,554.97998046875,556.219970703125,56121500.0,yfinance,2026-02-03T02:37:10.018304+00:00
2024-08-23,SPY,559.530029296875,563.0900268554688,557.2899780273438,562.1300048828125,50639400.0,yfinance,2026-02-03T02:37:10.018304+00:00
2024-08-26,SPY,563.1799926757812,563.9099731445312,559.0499877929688,560.7899780273438,35788600.0,yfinance,2026-02-03T02:37:10.018304+00:00
2024-08-27,SPY,559.489990234375,562.0599975585938,558.3200073242188,561.5599975585938,32693900.0,yfinance,2026-02-03T02:37:10.018304+00:00
2024-08-28,SPY,561.2100219726562,561.6500244140625,555.0399780273438,558.2999877929688,41066000.0,yfinance,2026-02-03T02:37:10.018304+00:00
2024-08-29,SPY,560.3099975585938,563.6799926757812,557.1799926757812,558.3499755859375,38715200.0,yfinance,2026-02-03T02:37:10.018304+00:00
2024-08-30,SPY,560.77001953125,564.2000122070312,557.1400146484375,563.6799926757812,62700100.0,yfinance,2026-02-03T02:37:10.018304+00:00
2024-09-03,SPY,560.469970703125,560.8099975585938,549.510009765625,552.0800170898438,60600100.0,yfinance,2026-02-03T02:37:10.018304+00:00
2024-09-04,SPY,550.2000122070312,554.4299926757812,549.4600219726562,550.9500122070312,47224900.0,yfinance,2026-02-03T02:37:10.018304+00:00
2024-09-05,SPY,550.8900146484375,553.7999877929688,547.0999755859375,549.6099853515625,44264300.0,yfinance,2026-02-03T02:37:10.018304+00:00
2024-09-06,SPY,549.9400024414062,551.5999755859375,539.4400024414062,540.3599853515625,68493800.0,yfinance,2026-02-03T02:37:10.018304+00:00
2024-09-09,SPY,544.6500244140625,547.7100219726562,542.6799926757812,546.4099731445312,40445800.0,yfinance,2026-02-03T02:37:10.018304+00:00
2024-09-10,SPY,548.3599853515625,549.1500244140625,543.3800048828125,548.7899780273438,36394600.0,yfinance,2026-02-03T02:37:10.018304+00:00
2024-09-11,SPY,548.7000122070312,555.3599853515625,539.9600219726562,554.4199829101562,75248600.0,yfinance,2026-02-03T02:37:10.018304+00:00
2024-09-12,SPY,555.010009765625,559.4000244140625,552.739990234375,559.0900268554688,51819600.0,yfinance,2026-02-03T02:37:10.018304+00:00
2024-09-13,SPY,559.7100219726562,563.030029296875,559.4500122070312,562.010009765625,39310500.0,yfinance,2026-02-03T02:37:10.018304+00:00
2024-09-16,SPY,561.739990234375,563.1099853515625,559.9000244140625,562.8400268554688,36656100.0,yfinance,2026-02-03T02:37:10.018304+00:00
2024-09-17,SPY,565.0999755859375,566.5800170898438,560.7899780273438,563.0700073242188,49321000.0,yfinance,2026-02-03T02:37:10.018304+00:00
2024-09-18,SPY,563.739990234375,568.6900024414062,560.8300170898438,561.4000244140625,59044900.0,yfinance,2026-02-03T02:37:10.018304+00:00
2024-09-19,SPY,571.010009765625,572.8800048828125,568.0800170898438,570.97998046875,75315500.0,yfinance,2026-02-03T02:37:10.018304+00:00
2024-09-20,SPY,567.8400268554688,569.3099975585938,565.1699829101562,568.25,77503100.0,yfinance,2026-02-03T02:37:10.018304+00:00
2024-09-23,SPY,569.3400268554688,570.3300170898438,568.0999755859375,569.6699829101562,44116900.0,yfinance,2026-02-03T02:37:10.018304+00:00
2024-09-24,SPY,570.47998046875,571.3599853515625,567.5999755859375,571.2999877929688,46805700.0,yfinance,2026-02-03T02:37:10.018304+00:00
2024-09-25,SPY,571.1400146484375,571.8900146484375,568.9099731445312,570.0399780273438,38428600.0,yfinance,2026-02-03T02:37:10.018304+00:00
2024-09-26,SPY,574.3800048828125,574.7100219726562,569.9000244140625,572.2999877929688,48336000.0,yfinance,2026-02-03T02:37:10.018304+00:00
2024-09-27,SPY,573.3900146484375,574.219970703125,570.4199829101562,571.469970703125,42100900.0,yfinance,2026-02-03T02:37:10.018304+00:00
2024-09-30,SPY,570.4199829101562,574.3800048828125,568.0800170898438,573.760009765625,63557400.0,yfinance,2026-02-03T02:37:10.018304+00:00
2024-10-01,SPY,573.4000244140625,574.0599975585938,566.0,568.6199951171875,72668800.0,yfinance,2026-02-03T02:37:10.018304+00:00
2024-10-02,SPY,567.7100219726562,569.9000244140625,565.27001953125,568.8599853515625,38097800.0,yfinance,2026-02-03T02:37:10.018304+00:00
2024-10-03,SPY,567.3599853515625,569.7999877929688,565.489990234375,567.8200073242188,40846500.0,yfinance,2026-02-03T02:37:10.018304+00:00
2024-10-04,SPY,572.3499755859375,573.3599853515625,568.0999755859375,572.97998046875,42939100.0,yfinance,2026-02-03T02:37:10.018304+00:00
2024-10-07,SPY,571.2999877929688,571.9600219726562,566.6300048828125,567.7999877929688,49964700.0,yfinance,2026-02-03T02:37:10.018304+00:00
2024-10-08,SPY,570.4199829101562,573.780029296875,569.530029296875,573.1699829101562,37398700.0,yfinance,2026-02-03T02:37:10.018304+00:00
2024-10-09,SPY,573.1599731445312,577.7100219726562,572.5499877929688,577.1400146484375,37912200.0,yfinance,2026-02-03T02:37:10.018304+00:00
2024-10-10,SPY,575.77001953125,577.5800170898438,574.489990234375,576.1300048828125,44138100.0,yfinance,2026-02-03T02:37:10.018304+00:00
2024-10-11,SPY,576.0499877929688,580.3300170898438,575.9099731445312,579.5800170898438,42268000.0,yfinance,2026-02-03T02:37:10.018304+00:00
2024-10-14,SPY,581.219970703125,585.27001953125,580.72998046875,584.3200073242188,36217200.0,yfinance,2026-02-03T02:37:10.018304+00:00
2024-10-15,SPY,584.5900268554688,584.9000244140625,578.5399780273438,579.780029296875,54203600.0,yfinance,2026-02-03T02:37:10.018304+00:00
2024-10-16,SPY,579.780029296875,582.8300170898438,578.9600219726562,582.2999877929688,30725400.0,yfinance,2026-02-03T02:37:10.018304+00:00
2024-10-17,SPY,585.9099731445312,586.1199951171875,582.1599731445312,582.3499755859375,34393700.0,yfinance,2026-02-03T02:37:10.018304+00:00
2024-10-18,SPY,584.0700073242188,585.3900146484375,582.5800170898438,584.5900268554688,37416800.0,yfinance,2026-02-03T02:37:10.018304+00:00
2024-10-21,SPY,583.8499755859375,584.8499755859375,580.5999755859375,583.6300048828125,36439000.0,yfinance,2026-02-03T02:37:10.018304+00:00
2024-10-22,SPY,581.0499877929688,584.5,580.3800048828125,583.3200073242188,34183800.0,yfinance,2026-02-03T02:37:10.018304+00:00
2024-10-23,SPY,581.260009765625,581.7100219726562,574.4199829101562,577.989990234375,49314600.0,yfinance,2026-02-03T02:37:10.018304+00:00
2024-10-24,SPY,579.97998046875,580.0599975585938,576.5700073242188,579.239990234375,34979900.0,yfinance,2026-02-03T02:37:10.018304+00:00
2024-10-25,SPY,581.510009765625,584.4600219726562,578.0800170898438,579.0399780273438,47268200.0,yfinance,2026-02-03T02:37:10.018304+00:00
2024-10-28,SPY,582.5800170898438,582.7100219726562,580.52001953125,580.8300170898438,30174700.0,yfinance,2026-02-03T02:37:10.018304+00:00
2024-10-29,SPY,579.8499755859375,582.9099731445312,578.4299926757812,581.77001953125,42899700.0,yfinance,2026-02-03T02:37:10.018304+00:00
2024-10-30,SPY,581.2899780273438,583.3200073242188,579.2899780273438,580.010009765625,41435800.0,yfinance,2026-02-03T02:37:10.018304+00:00
2024-10-31,SPY,575.5599975585938,575.6300048828125,568.4400024414062,568.6400146484375,60182500.0,yfinance,2026-02-03T02:37:10.018304+00:00
2024-11-01,SPY,571.3200073242188,575.5499877929688,570.6199951171875,571.0399780273438,45667500.0,yfinance,2026-02-03T02:37:10.018304+00:00
2024-11-04,SPY,571.1799926757812,572.5,567.8900146484375,569.8099975585938,38217000.0,yfinance,2026-02-03T02:37:10.018304+00:00
2024-11-05,SPY,570.739990234375,576.739990234375,570.52001953125,576.7000122070312,39478300.0,yfinance,2026-02-03T02:37:10.018304+00:00
2024-11-06,SPY,589.2000122070312,591.9299926757812,585.3900146484375,591.0399780273438,68182000.0,yfinance,2026-02-03T02:37:10.018304+00:00
2024-11-07,SPY,593.0800170898438,596.6500244140625,593.0,595.6099853515625,47233200.0,yfinance,2026-02-03T02:37:10.018304+00:00
2024-11-08,SPY,596.1699829101562,599.6400146484375,596.1699829101562,598.1900024414062,46444900.0,yfinance,2026-02-03T02:37:10.018304+00:00
2024-11-11,SPY,599.8099975585938,600.1699829101562,597.0,598.760009765625,37586800.0,yfinance,2026-02-03T02:37:10.018304+00:00
2024-11-12,SPY,598.6799926757812,599.2899780273438,594.3699951171875,596.9000244140625,43006100.0,yfinance,2026-02-03T02:37:10.018304+00:00
2024-11-13,SPY,597.3699951171875,599.22998046875,594.9600219726562,597.1900024414062,47388600.0,yfinance,2026-02-03T02:37:10.018304+00:00
2024-11-14,SPY,597.3200073242188,597.8099975585938,592.6500244140625,593.3499755859375,38904100.0,yfinance,2026-02-03T02:37:10.018304+00:00
2024-11-15,SPY,589.719970703125,590.2000122070312,583.8599853515625,585.75,75988800.0,yfinance,2026-02-03T02:37:10.018304+00:00
2024-11-18,SPY,586.219970703125,589.489990234375,585.3400268554688,588.1500244140625,37001700.0,yfinance,2026-02-03T02:37:10.018304+00:00
2024-11-19,SPY,584.7100219726562,591.0399780273438,584.030029296875,590.2999877929688,49412000.0,yfinance,2026-02-03T02:37:10.018304+00:00
2024-11-20,SPY,590.3800048828125,590.7899780273438,584.6300048828125,590.5,50032600.0,yfinance,2026-02-03T02:37:10.018304+00:00
2024-11-21,SPY,593.4000244140625,595.1199951171875,587.4500122070312,593.6699829101562,46750300.0,yfinance,2026-02-03T02:37:10.018304+00:00
2024-11-22,SPY,593.6599731445312,596.1500244140625,593.1500244140625,595.510009765625,38226400.0,yfinance,2026-02-03T02:37:10.018304+00:00
2024-11-25,SPY,599.52001953125,600.8599853515625,595.2000122070312,597.530029296875,42441400.0,yfinance,2026-02-03T02:37:10.018304+00:00
2024-11-26,SPY,598.7999877929688,601.3300170898438,598.0700073242188,600.6500244140625,45621300.0,yfinance,2026-02-03T02:37:10.018304+00:00
2024-11-27,SPY,600.4600219726562,600.8499755859375,597.280029296875,598.8300170898438,34000200.0,yfinance,2026-02-03T02:37:10.018304+00:00
2024-11-29,SPY,599.6599731445312,603.3499755859375,599.3800048828125,602.5499877929688,30177400.0,yfinance,2026-02-03T02:37:10.018304+00:00
2024-12-02,SPY,602.969970703125,604.3200073242188,602.469970703125,603.6300048828125,31746000.0,yfinance,2026-02-03T02:37:10.018304+00:00
2024-12-03,SPY,603.3900146484375,604.1599731445312,602.3400268554688,603.9099731445312,26906600.0,yfinance,2026-02-03T02:37:10.018304+00:00
2024-12-04,SPY,605.6300048828125,607.9099731445312,604.9500122070312,607.6599731445312,42787600.0,yfinance,2026-02-03T02:37:10.018304+00:00
2024-12-05,SPY,607.6599731445312,608.47998046875,606.2999877929688,606.6599731445312,28762200.0,yfinance,2026-02-03T02:37:10.018304+00:00
2024-12-06,SPY,607.4400024414062,609.0700073242188,607.02001953125,607.8099975585938,31241500.0,yfinance,2026-02-03T02:37:10.018304+00:00
2024-12-09,SPY,607.6900024414062,607.8599853515625,604.0800170898438,604.6799926757812,34742700.0,yfinance,2026-02-03T02:37:10.018304+00:00
2024-12-10,SPY,605.3699951171875,605.7999877929688,602.1300048828125,602.7999877929688,37234500.0,yfinance,2026-02-03T02:37:10.018304+00:00
2024-12-11,SPY,605.780029296875,608.4299926757812,605.5,607.4600219726562,28677700.0,yfinance,2026-02-03T02:37:10.018304+00:00
2024-12-12,SPY,606.5800170898438,607.1599731445312,604.3300170898438,604.3300170898438,31543800.0,yfinance,2026-02-03T02:37:10.018304+00:00
2024-12-13,SPY,606.4000244140625,607.1300048828125,602.8099975585938,604.2100219726562,35904700.0,yfinance,2026-02-03T02:37:10.018304+00:00
2024-12-16,SPY,606.0,607.780029296875,605.2100219726562,606.7899780273438,43695200.0,yfinance,2026-02-03T02:37:10.018304+00:00
2024-12-17,SPY,604.1900024414062,605.1699829101562,602.8900146484375,604.2899780273438,55773500.0,yfinance,2026-02-03T02:37:10.018304+00:00
2024-12-18,SPY,603.97998046875,606.4099731445312,585.8900146484375,586.280029296875,108248700.0,yfinance,2026-02-03T02:37:10.018304+00:00
2024-12-19,SPY,591.3599853515625,593.0,585.8499755859375,586.0999755859375,85919500.0,yfinance,2026-02-03T02:37:10.018304+00:00
2024-12-20,SPY,581.77001953125,595.75,580.9099731445312,591.1500244140625,125716700.0,yfinance,2026-02-03T02:37:10.018304+00:00
2024-12-23,SPY,590.8900146484375,595.2999877929688,587.6599731445312,594.6900024414062,57635800.0,yfinance,2026-02-03T02:37:10.018304+00:00
2024-12-24,SPY,596.0599975585938,601.3400268554688,595.469970703125,601.2999877929688,33160100.0,yfinance,2026-02-03T02:37:10.018304+00:00
2024-12-26,SPY,599.5,602.47998046875,598.0800170898438,601.3400268554688,41219100.0,yfinance,2026-02-03T02:37:10.018304+00:00
2024-12-27,SPY,597.5399780273438,597.780029296875,590.760009765625,595.010009765625,64969300.0,yfinance,2026-02-03T02:37:10.018304+00:00
2024-12-30,SPY,587.8900146484375,591.739990234375,584.4099731445312,588.219970703125,56578800.0,yfinance,2026-02-03T02:37:10.018304+00:00
2024-12-31,SPY,589.9099731445312,590.6400146484375,584.4199829101562,586.0800170898438,57052700.0,yfinance,2026-02-03T02:37:10.018304+00:00
2025-01-02,SPY,589.3900146484375,591.1300048828125,580.5,584.6400146484375,50204000.0,yfinance,2026-02-03T02:37:10.018304+00:00
2025-01-03,SPY,587.530029296875,592.5999755859375,586.4299926757812,591.9500122070312,37888500.0,yfinance,2026-02-03T02:37:10.018304+00:00
2025-01-06,SPY,596.27001953125,599.7000122070312,593.5999755859375,595.3599853515625,47679400.0,yfinance,2026-02-03T02:37:10.018304+00:00
2025-01-07,SPY,597.4199829101562,597.75,586.780029296875,588.6300048828125,60393100.0,yfinance,2026-02-03T02:37:10.018304+00:00
2025-01-08,SPY,588.7000122070312,590.5800170898438,585.2000122070312,589.489990234375,47304700.0,yfinance,2026-02-03T02:37:10.018304+00:00
2025-01-10,SPY,585.8800048828125,585.9500122070312,578.5499877929688,580.489990234375,73105000.0,yfinance,2026-02-03T02:37:10.018304+00:00
2025-01-13,SPY,575.77001953125,581.75,575.3499755859375,581.3900146484375,47910100.0,yfinance,2026-02-03T02:37:10.018304+00:00
2025-01-14,SPY,584.3599853515625,585.0,578.3499755859375,582.1900024414062,48420600.0,yfinance,2026-02-03T02:37:10.018304+00:00
2025-01-15,SPY,590.3300170898438,593.9400024414062,589.2000122070312,592.780029296875,56900200.0,yfinance,2026-02-03T02:37:10.018304+00:00
2025-01-16,SPY,594.1699829101562,594.3499755859375,590.9299926757812,591.6400146484375,43319700.0,yfinance,2026-02-03T02:37:10.018304+00:00
2025-01-17,SPY,596.9600219726562,599.3599853515625,595.6099853515625,597.5800170898438,58070600.0,yfinance,2026-02-03T02:37:10.018304+00:00
2025-01-21,SPY,600.6699829101562,603.0599975585938,598.6699829101562,603.0499877929688,42532900.0,yfinance,2026-02-03T02:37:10.018304+00:00
2025-01-22,SPY,605.9199829101562,607.8200073242188,605.3599853515625,606.4400024414062,48196000.0,yfinance,2026-02-03T02:37:10.018304+00:00
2025-01-23,SPY,605.7999877929688,609.75,605.52001953125,609.75,41152100.0,yfinance,2026-02-03T02:37:10.018304+00:00
2025-01-24,SPY,609.8099975585938,610.780029296875,606.7999877929688,607.969970703125,34604700.0,yfinance,2026-02-03T02:37:10.018304+00:00
2025-01-27,SPY,594.8099975585938,599.6900024414062,594.6400146484375,599.3699951171875,70361100.0,yfinance,2026-02-03T02:37:10.018304+00:00
2025-01-28,SPY,600.6199951171875,605.3699951171875,597.25,604.52001953125,44433300.0,yfinance,2026-02-03T02:37:10.018304+00:00
2025-01-29,SPY,603.719970703125,604.1300048828125,599.219970703125,601.8099975585938,37177400.0,yfinance,2026-02-03T02:37:10.018304+00:00
2025-01-30,SPY,603.9600219726562,606.5999755859375,600.719970703125,605.0399780273438,39281300.0,yfinance,2026-02-03T02:37:10.018304+00:00
2025-01-31,SPY,607.5,609.9600219726562,601.0499877929688,601.8200073242188,66566900.0,yfinance,2026-02-03T02:37:10.018304+00:00
2025-02-03,SPY,592.6699829101562,600.2899780273438,590.489990234375,597.77001953125,65857200.0,yfinance,2026-02-03T02:37:10.018304+00:00
2025-02-04,SPY,597.8300170898438,602.2999877929688,597.280029296875,601.780029296875,33457800.0,yfinance,2026-02-03T02:37:10.018304+00:00
2025-02-05,SPY,600.6400146484375,604.3699951171875,598.5800170898438,604.219970703125,30653100.0,yfinance,2026-02-03T02:37:10.018304+00:00
2025-02-06,SPY,605.989990234375,606.4500122070312,602.6300048828125,606.3200073242188,35771500.0,yfinance,2026-02-03T02:37:10.018304+00:00
2025-02-07,SPY,606.8900146484375,608.1300048828125,600.0499877929688,600.77001953125,50788500.0,yfinance,2026-02-03T02:37:10.018304+00:00
2025-02-10,SPY,604.030029296875,605.5,602.739990234375,604.8499755859375,26048700.0,yfinance,2026-02-03T02:37:10.018304+00:00
2025-02-11,SPY,602.5499877929688,605.8599853515625,602.4299926757812,605.3099975585938,30056700.0,yfinance,2026-02-03T02:37:10.018304+00:00
2025-02-12,SPY,599.2000122070312,604.5499877929688,598.510009765625,603.3599853515625,45076100.0,yfinance,2026-02-03T02:37:10.018304+00:00
2025-02-13,SPY,604.47998046875,609.9400024414062,603.2000122070312,609.72998046875,40921300.0,yfinance,2026-02-03T02:37:10.018304+00:00
2025-02-14,SPY,609.9400024414062,610.989990234375,609.0700073242188,609.7000122070312,26910400.0,yfinance,2026-02-03T02:37:10.018304+00:00
2025-02-18,SPY,610.8800048828125,611.489990234375,608.3800048828125,611.489990234375,26749000.0,yfinance,2026-02-03T02:37:10.018304+00:00
2025-02-19,SPY,610.0800170898438,613.22998046875,609.5599975585938,612.9299926757812,31011100.0,yfinance,2026-02-03T02:37:10.018304+00:00
2025-02-20,SPY,611.5399780273438,611.6799926757812,607.02001953125,610.3800048828125,36554000.0,yfinance,2026-02-03T02:37:10.018304+00:00
2025-02-21,SPY,610.1599731445312,610.2999877929688,599.469970703125,599.9400024414062,76519800.0,yfinance,2026-02-03T02:37:10.018304+00:00
2025-02-24,SPY,602.02001953125,603.030029296875,596.489990234375,597.2100219726562,50737200.0,yfinance,2026-02-03T02:37:10.018304+00:00
2025-02-25,SPY,597.1500244140625,597.8900146484375,589.5599975585938,594.239990234375,58266500.0,yfinance,2026-02-03T02:37:10.018304+00:00
2025-02-26,SPY,595.9299926757812,599.5800170898438,591.8599853515625,594.5399780273438,43321600.0,yfinance,2026-02-03T02:37:10.018304+00:00
2025-02-27,SPY,596.8499755859375,598.02001953125,584.6500244140625,585.0499877929688,74196700.0,yfinance,2026-02-03T02:37:10.018304+00:00
2025-02-28,SPY,585.5599975585938,594.719970703125,582.4400024414062,594.1799926757812,88744100.0,yfinance,2026-02-03T02:37:10.018304+00:00
2025-03-03,SPY,596.1799926757812,597.3400268554688,579.9000244140625,583.77001953125,74249200.0,yfinance,2026-02-03T02:37:10.018304+00:00
2025-03-04,SPY,579.7100219726562,585.3900146484375,572.25,576.8599853515625,109648200.0,yfinance,2026-02-03T02:37:10.018304+00:00
2025-03-05,SPY,576.6900024414062,584.8800048828125,573.0800170898438,583.0599975585938,71230500.0,yfinance,2026-02-03T02:37:10.018304+00:00
2025-03-06,SPY,575.47998046875,580.1699829101562,570.1199951171875,572.7100219726562,80094900.0,yfinance,2026-02-03T02:37:10.018304+00:00
2025-03-07,SPY,570.9000244140625,577.3900146484375,565.6300048828125,575.9199829101562,81158800.0,yfinance,2026-02-03T02:37:10.018304+00:00
2025-03-10,SPY,567.5900268554688,569.5399780273438,555.5900268554688,560.5800170898438,99326600.0,yfinance,2026-02-03T02:37:10.018304+00:00
2025-03-11,SPY,559.4000244140625,564.02001953125,552.02001953125,555.9199829101562,88102100.0,yfinance,2026-02-03T02:37:10.018304+00:00
2025-03-12,SPY,562.1699829101562,563.1099853515625,553.6900024414062,558.8699951171875,69588200.0,yfinance,2026-02-03T02:37:10.018304+00:00
2025-03-13,SPY,558.489990234375,559.1099853515625,549.6799926757812,551.4199829101562,74079400.0,yfinance,2026-02-03T02:37:10.018304+00:00
2025-03-14,SPY,556.1099853515625,563.8300170898438,551.489990234375,562.8099975585938,62660300.0,yfinance,2026-02-03T02:37:10.018304+00:00
2025-03-17,SPY,562.7899780273438,569.7100219726562,562.3499755859375,567.1500244140625,49008700.0,yfinance,2026-02-03T02:37:10.018304+00:00
2025-03-18,SPY,564.7999877929688,565.02001953125,559.0599975585938,561.02001953125,66041400.0,yfinance,2026-02-03T02:37:10.018304+00:00
2025-03-19,SPY,562.8300170898438,570.9500122070312,561.6300048828125,567.1300048828125,66556000.0,yfinance,2026-02-03T02:37:10.018304+00:00
2025-03-20,SPY,563.3300170898438,570.5700073242188,562.5999755859375,565.489990234375,62958200.0,yfinance,2026-02-03T02:37:10.018304+00:00
2025-03-21,SPY,559.280029296875,564.8900146484375,558.030029296875,563.97998046875,83763000.0,yfinance,2026-02-03T02:37:10.018304+00:00
2025-03-24,SPY,570.7999877929688,575.1500244140625,570.2000122070312,574.0800170898438,58766800.0,yfinance,2026-02-03T02:37:10.018304+00:00
2025-03-25,SPY,575.2999877929688,576.4099731445312,573.6900024414062,575.4600219726562,38355700.0,yfinance,2026-02-03T02:37:10.018304+00:00
2025-03-26,SPY,575.1900024414062,576.3300170898438,567.1900024414062,568.5900268554688,51848300.0,yfinance,2026-02-03T02:37:10.018304+00:00
2025-03-27,SPY,567.1799926757812,570.9000244140625,564.9400024414062,567.0800170898438,42164200.0,yfinance,2026-02-03T02:37:10.018304+00:00
2025-03-28,SPY,565.530029296875,566.27001953125,555.0700073242188,555.6599731445312,71662700.0,yfinance,2026-02-03T02:37:10.018304+00:00
2025-03-31,SPY,549.8300170898438,560.7100219726562,546.8699951171875,559.3900146484375,95328200.0,yfinance,2026-02-03T02:37:10.018304+00:00
2025-04-01,SPY,557.4500122070312,562.9400024414062,553.6799926757812,560.969970703125,54609600.0,yfinance,2026-02-03T02:37:10.018304+00:00
2025-04-02,SPY,555.0499877929688,567.4199829101562,554.8099975585938,564.52001953125,76014500.0,yfinance,2026-02-03T02:37:10.018304+00:00
2025-04-03,SPY,545.1099853515625,547.969970703125,536.7000122070312,536.7000122070312,125986000.0,yfinance,2026-02-03T02:37:10.018304+00:00
2025-04-04,SPY,523.6699829101562,525.8699951171875,505.05999755859375,505.2799987792969,217965100.0,yfinance,2026-02-03T02:37:10.018304+00:00
2025-04-07,SPY,489.19000244140625,523.1699829101562,481.79998779296875,504.3800048828125,256611400.0,yfinance,2026-02-03T02:37:10.018304+00:00
2025-04-08,SPY,521.8599853515625,524.97998046875,489.1600036621094,496.4800109863281,165816600.0,yfinance,2026-02-03T02:37:10.018304+00:00
2025-04-09,SPY,493.44000244140625,548.6199951171875,493.04998779296875,548.6199951171875,241867300.0,yfinance,2026-02-03T02:37:10.018304+00:00
2025-04-10,SPY,532.1699829101562,533.5,509.32000732421875,524.5800170898438,162331200.0,yfinance,2026-02-03T02:37:10.018304+00:00
2025-04-11,SPY,523.010009765625,536.4299926757812,520.0700073242188,533.9400024414062,97866300.0,yfinance,2026-02-03T02:37:10.018304+00:00
2025-04-14,SPY,544.0499877929688,544.280029296875,533.8599853515625,539.1199951171875,68034000.0,yfinance,2026-02-03T02:37:10.018304+00:00
2025-04-15,SPY,539.6699829101562,543.22998046875,536.8099975585938,537.6099853515625,56892900.0,yfinance,2026-02-03T02:37:10.018304+00:00
2025-04-16,SPY,531.6799926757812,537.8900146484375,520.2899780273438,525.6599731445312,83484800.0,yfinance,2026-02-03T02:37:10.018304+00:00
2025-04-17,SPY,527.6400146484375,531.1699829101562,523.9099731445312,526.4099731445312,79868100.0,yfinance,2026-02-03T02:37:10.018304+00:00
2025-04-21,SPY,521.1599731445312,521.7000122070312,508.4599914550781,513.8800048828125,69368100.0,yfinance,2026-02-03T02:37:10.018304+00:00
2025-04-22,SPY,520.1400146484375,529.2999877929688,519.1900024414062,527.25,75948100.0,yfinance,2026-02-03T02:37:10.018304+00:00
2025-04-23,SPY,540.4299926757812,545.4299926757812,533.8800048828125,535.4199829101562,90590700.0,yfinance,2026-02-03T02:37:10.018304+00:00
2025-04-24,SPY,536.719970703125,547.4299926757812,535.4500122070312,546.6900024414062,64150400.0,yfinance,2026-02-03T02:37:10.018304+00:00
2025-04-25,SPY,546.6500244140625,551.0499877929688,543.6900024414062,550.6400146484375,61119600.0,yfinance,2026-02-03T02:37:10.018304+00:00
2025-04-28,SPY,551.3900146484375,553.5499877929688,545.02001953125,550.8499755859375,47613800.0,yfinance,2026-02-03T02:37:10.018304+00:00
2025-04-29,SPY,548.9099731445312,555.4500122070312,548.5499877929688,554.3200073242188,47775100.0,yfinance,2026-02-03T02:37:10.018304+00:00
2025-04-30,SPY,547.5700073242188,556.52001953125,541.52001953125,554.5399780273438,93101500.0,yfinance,2026-02-03T02:37:10.018304+00:00
2025-05-01,SPY,560.3699951171875,564.0700073242188,557.8599853515625,558.469970703125,63186100.0,yfinance,2026-02-03T02:37:10.018304+00:00
2025-05-02,SPY,564.72998046875,568.3800048828125,562.3800048828125,566.760009765625,60717300.0,yfinance,2026-02-03T02:37:10.018304+00:00
2025-05-05,SPY,562.5700073242188,566.6500244140625,561.7000122070312,563.510009765625,38659200.0,yfinance,2026-02-03T02:37:10.018304+00:00
2025-05-06,SPY,557.9299926757812,563.3499755859375,556.9600219726562,558.7999877929688,48264700.0,yfinance,2026-02-03T02:37:10.018304+00:00
2025-05-07,SPY,560.1500244140625,563.8200073242188,556.0399780273438,561.1500244140625,55588000.0,yfinance,2026-02-03T02:37:10.018304+00:00
2025-05-08,SPY,565.239990234375,570.3099975585938,561.7000122070312,565.0599975585938,65130800.0,yfinance,2026-02-03T02:37:10.018304+00:00
2025-05-09,SPY,566.47998046875,567.5,562.760009765625,564.3400268554688,37603400.0,yfinance,2026-02-03T02:37:10.018304+00:00
2025-05-12,SPY,581.469970703125,583.0,577.0399780273438,582.989990234375,78993600.0,yfinance,2026-02-03T02:37:10.018304+00:00
2025-05-13,SPY,583.4099731445312,589.0800170898438,582.8400268554688,586.8400268554688,67947200.0,yfinance,2026-02-03T02:37:10.018304+00:00
2025-05-14,SPY,587.8099975585938,588.97998046875,585.5399780273438,587.5900268554688,66283500.0,yfinance,2026-02-03T02:37:10.018304+00:00
2025-05-15,SPY,585.5599975585938,590.969970703125,585.0999755859375,590.4600219726562,71268100.0,yfinance,2026-02-03T02:37:10.018304+00:00
2025-05-16,SPY,591.25,594.5,589.280029296875,594.2000122070312,76052100.0,yfinance,2026-02-03T02:37:10.018304+00:00
2025-05-19,SPY,588.0999755859375,595.5399780273438,588.0999755859375,594.8499755859375,68168500.0,yfinance,2026-02-03T02:37:10.018304+00:00
2025-05-20,SPY,593.0900268554688,594.0499877929688,589.5999755859375,592.8499755859375,60614500.0,yfinance,2026-02-03T02:37:10.018304+00:00
2025-05-21,SPY,588.4400024414062,592.5800170898438,581.8200073242188,582.8599853515625,95197700.0,yfinance,2026-02-03T02:37:10.018304+00:00
2025-05-22,SPY,582.6599731445312,586.6199951171875,581.4099731445312,583.0900268554688,70860400.0,yfinance,2026-02-03T02:37:10.018304+00:00
2025-05-23,SPY,575.97998046875,581.8099975585938,575.5999755859375,579.1099853515625,76029000.0,yfinance,2026-02-03T02:37:10.018304+00:00
2025-05-27,SPY,586.0700073242188,591.3099975585938,578.4299926757812,591.1500244140625,72588500.0,yfinance,2026-02-03T02:37:10.018304+00:00
2025-05-28,SPY,591.5599975585938,592.77001953125,586.989990234375,587.72998046875,68445500.0,yfinance,2026-02-03T02:37:10.018304+00:00
2025-05-29,SPY,593.0599975585938,593.2000122070312,586.0700073242188,590.0499877929688,69973300.0,yfinance,2026-02-03T02:37:10.018304+00:00
2025-05-30,SPY,588.9299926757812,591.1300048828125,583.239990234375,589.3900146484375,90601200.0,yfinance,2026-02-03T02:37:10.018304+00:00
2025-06-02,SPY,587.760009765625,592.7899780273438,585.0599975585938,592.7100219726562,61630500.0,yfinance,2026-02-03T02:37:10.018304+00:00
2025-06-03,SPY,592.3400268554688,597.0800170898438,591.8499755859375,596.0900268554688,63606200.0,yfinance,2026-02-03T02:37:10.018304+00:00
2025-06-04,SPY,596.9600219726562,597.9500122070312,595.489990234375,595.9299926757812,57314200.0,yfinance,2026-02-03T02:37:10.018304+00:00
2025-06-05,SPY,597.6300048828125,599.0,591.0499877929688,593.0499877929688,92278700.0,yfinance,2026-02-03T02:37:10.018304+00:00
2025-06-06,SPY,598.6599731445312,600.8300170898438,596.8599853515625,599.1400146484375,66588700.0,yfinance,2026-02-03T02:37:10.018304+00:00
2025-06-09,SPY,599.719970703125,601.25,598.489990234375,599.6799926757812,53016400.0,yfinance,2026-02-03T02:37:10.018304+00:00
2025-06-10,SPY,600.219970703125,603.469970703125,599.0900268554688,603.0800170898438,66247000.0,yfinance,2026-02-03T02:37:10.018304+00:00
2025-06-11,SPY,604.1900024414062,605.0599975585938,599.27001953125,601.3599853515625,73658200.0,yfinance,2026-02-03T02:37:10.018304+00:00
2025-06-12,SPY,600.010009765625,603.75,599.52001953125,603.75,64129000.0,yfinance,2026-02-03T02:37:10.018304+00:00
2025-06-13,SPY,598.5,601.8499755859375,595.47998046875,597.0,89506000.0,yfinance,2026-02-03T02:37:10.018304+00:00
2025-06-16,SPY,600.4000244140625,604.4500122070312,600.219970703125,602.6799926757812,79984100.0,yfinance,2026-02-03T02:37:10.018304+00:00
2025-06-17,SPY,600.2100219726562,601.75,596.760009765625,597.530029296875,82209400.0,yfinance,2026-02-03T02:37:10.018304+00:00
2025-06-18,SPY,598.4400024414062,601.219970703125,596.469970703125,597.4400024414062,76605000.0,yfinance,2026-02-03T02:37:10.018304+00:00
2025-06-20,SPY,598.3800048828125,599.4600219726562,592.8599853515625,594.280029296875,94051400.0,yfinance,2026-02-03T02:37:10.018304+00:00
2025-06-23,SPY,595.0399780273438,600.5399780273438,591.8900146484375,600.1500244140625,87426000.0,yfinance,2026-02-03T02:37:10.018304+00:00
2025-06-24,SPY,604.3300170898438,607.8499755859375,603.4099731445312,606.780029296875,67735300.0,yfinance,2026-02-03T02:37:10.018304+00:00
2025-06-25,SPY,607.9099731445312,608.6099853515625,605.5399780273438,607.1199951171875,62114800.0,yfinance,2026-02-03T02:37:10.018304+00:00
2025-06-26,SPY,608.989990234375,612.3099975585938,608.3699951171875,611.8699951171875,78548400.0,yfinance,2026-02-03T02:37:10.018304+00:00
2025-06-27,SPY,612.8800048828125,616.3900146484375,610.8300170898438,614.9099731445312,86258400.0,yfinance,2026-02-03T02:37:10.018304+00:00
2025-06-30,SPY,617.3800048828125,619.219970703125,615.0399780273438,617.8499755859375,92502500.0,yfinance,2026-02-03T02:37:10.018304+00:00
2025-07-01,SPY,616.3599853515625,618.8300170898438,615.52001953125,617.6500244140625,70030100.0,yfinance,2026-02-03T02:37:10.018304+00:00
2025-07-02,SPY,617.239990234375,620.489990234375,616.6099853515625,620.4500122070312,66510400.0,yfinance,2026-02-03T02:37:10.018304+00:00
2025-07-03,SPY,622.4500122070312,626.280029296875,622.4299926757812,625.3400268554688,51065800.0,yfinance,2026-02-03T02:37:10.018304+00:00
2025-07-07,SPY,623.3599853515625,624.030029296875,617.8699951171875,620.6799926757812,74814500.0,yfinance,2026-02-03T02:37:10.018304+00:00
2025-07-08,SPY,621.3499755859375,622.1099853515625,619.52001953125,620.3400268554688,59024600.0,yfinance,2026-02-03T02:37:10.018304+00:00
2025-07-09,SPY,622.77001953125,624.719970703125,620.9099731445312,624.0599975585938,66113300.0,yfinance,2026-02-03T02:37:10.018304+00:00
2025-07-10,SPY,624.2000122070312,626.8699951171875,623.010009765625,625.8200073242188,57529000.0,yfinance,2026-02-03T02:37:10.018304+00:00
2025-07-11,SPY,622.739990234375,624.8599853515625,621.530029296875,623.6199951171875,63670200.0,yfinance,2026-02-03T02:37:10.018304+00:00
2025-07-14,SPY,623.1599731445312,625.1599731445312,621.7999877929688,624.8099975585938,51898500.0,yfinance,2026-02-03T02:37:10.018304+00:00
2025-07-15,SPY,627.52001953125,627.8599853515625,622.0599975585938,622.1400146484375,74317300.0,yfinance,2026-02-03T02:37:10.018304+00:00
2025-07-16,SPY,623.739990234375,624.72998046875,618.0499877929688,624.219970703125,88987500.0,yfinance,2026-02-03T02:37:10.018304+00:00
2025-07-17,SPY,624.4000244140625,628.4000244140625,624.1799926757812,628.0399780273438,68885700.0,yfinance,2026-02-03T02:37:10.018304+00:00
2025-07-18,SPY,629.2999877929688,629.469970703125,626.4600219726562,627.5800170898438,65621600.0,yfinance,2026-02-03T02:37:10.018304+00:00
2025-07-21,SPY,628.77001953125,631.5399780273438,628.3400268554688,628.77001953125,63375000.0,yfinance,2026-02-03T02:37:10.018304+00:00
2025-07-22,SPY,629.0999755859375,629.72998046875,626.1900024414062,628.8599853515625,60046300.0,yfinance,2026-02-03T02:37:10.018304+00:00
2025-07-23,SPY,631.5499877929688,634.2100219726562,629.72998046875,634.2100219726562,70511000.0,yfinance,2026-02-03T02:37:10.018304+00:00
2025-07-24,SPY,634.5999755859375,636.1500244140625,633.989990234375,634.4199829101562,71307100.0,yfinance,2026-02-03T02:37:10.018304+00:00
2025-07-25,SPY,635.0900268554688,637.5800170898438,634.8400268554688,637.0999755859375,56865400.0,yfinance,2026-02-03T02:37:10.018304+00:00
2025-07-28,SPY,637.47998046875,638.0399780273438,635.5399780273438,636.9400024414062,54917100.0,yfinance,2026-02-03T02:37:10.018304+00:00
2025-07-29,SPY,638.3499755859375,638.6699829101562,634.3400268554688,635.260009765625,60556300.0,yfinance,2026-02-03T02:37:10.018304+00:00
2025-07-30,SPY,635.9199829101562,637.6799926757812,631.5399780273438,634.4600219726562,80418900.0,yfinance,2026-02-03T02:37:10.018304+00:00
2025-07-31,SPY,639.4600219726562,639.8499755859375,630.77001953125,632.0800170898438,103385200.0,yfinance,2026-02-03T02:37:10.018304+00:00
2025-08-01,SPY,626.2999877929688,626.3400268554688,619.2899780273438,621.719970703125,140103600.0,yfinance,2026-02-03T02:37:10.018304+00:00
2025-08-04,SPY,625.6699829101562,631.219970703125,625.5800170898438,631.1699829101562,73218000.0,yfinance,2026-02-03T02:37:10.018304+00:00
2025-08-05,SPY,631.7899780273438,632.6099853515625,627.0399780273438,627.969970703125,68051400.0,yfinance,2026-02-03T02:37:10.018304+00:00
2025-08-06,SPY,629.0499877929688,633.4400024414062,628.1300048828125,632.780029296875,64357500.0,yfinance,2026-02-03T02:37:10.018304+00:00
2025-08-07,SPY,636.239990234375,636.97998046875,629.1099853515625,632.25,74205800.0,yfinance,2026-02-03T02:37:10.018304+00:00
2025-08-08,SPY,634.0599975585938,637.6500244140625,633.739990234375,637.1799926757812,64051600.0,yfinance,2026-02-03T02:37:10.018304+00:00
2025-08-11,SPY,637.4600219726562,638.9500122070312,634.6599731445312,635.9199829101562,58742300.0,yfinance,2026-02-03T02:37:10.018304+00:00
2025-08-12,SPY,638.2899780273438,642.8499755859375,636.7899780273438,642.6900024414062,64730800.0,yfinance,2026-02-03T02:37:10.018304+00:00
2025-08-13,SPY,644.9099731445312,646.1900024414062,642.6799926757812,644.8900146484375,60092800.0,yfinance,2026-02-03T02:37:10.018304+00:00
2025-08-14,SPY,642.7899780273438,645.6199951171875,642.3400268554688,644.9500122070312,59327500.0,yfinance,2026-02-03T02:37:10.018304+00:00
2025-08-15,SPY,645.989990234375,646.0900268554688,642.52001953125,643.4400024414062,68592500.0,yfinance,2026-02-03T02:37:10.018304+00:00
2025-08-18,SPY,642.8599853515625,644.0,642.1799926757812,643.2999877929688,43804900.0,yfinance,2026-02-03T02:37:10.018304+00:00
2025-08-19,SPY,643.1199951171875,644.1099853515625,638.47998046875,639.8099975585938,69750700.0,yfinance,2026-02-03T02:37:10.018304+00:00
2025-08-20,SPY,639.4000244140625,639.6599731445312,632.9500122070312,638.1099853515625,88890300.0,yfinance,2026-02-03T02:37:10.018304+00:00
2025-08-21,SPY,636.280029296875,637.969970703125,633.8099975585938,635.5499877929688,54805800.0,yfinance,2026-02-03T02:37:10.018304+00:00
2025-08-22,SPY,637.760009765625,646.5,637.25,645.3099975585938,84083200.0,yfinance,2026-02-03T02:37:10.018304+00:00
2025-08-25,SPY,644.0399780273438,645.2899780273438,642.3499755859375,642.469970703125,51274300.0,yfinance,2026-02-03T02:37:10.018304+00:00
2025-08-26,SPY,642.2000122070312,645.510009765625,641.5700073242188,645.1599731445312,51581600.0,yfinance,2026-02-03T02:37:10.018304+00:00
2025-08-27,SPY,644.5700073242188,647.3699951171875,644.4199829101562,646.6300048828125,48341100.0,yfinance,2026-02-03T02:37:10.018304+00:00
2025-08-28,SPY,647.239990234375,649.47998046875,645.3400268554688,648.9199829101562,61519500.0,yfinance,2026-02-03T02:37:10.018304+00:00
2025-08-29,SPY,647.469970703125,647.8400268554688,643.1400146484375,645.0499877929688,74522200.0,yfinance,2026-02-03T02:37:10.018304+00:00
2025-09-02,SPY,637.5,640.489990234375,634.9199829101562,640.27001953125,81983500.0,yfinance,2026-02-03T02:37:10.018304+00:00
2025-09-03,SPY,642.6699829101562,644.2100219726562,640.4600219726562,643.739990234375,70820900.0,yfinance,2026-02-03T02:37:10.018304+00:00
2025-09-04,SPY,644.4199829101562,649.1500244140625,643.510009765625,649.1199951171875,65219200.0,yfinance,2026-02-03T02:37:10.018304+00:00
2025-09-05,SPY,651.47998046875,652.2100219726562,643.3300170898438,647.239990234375,85178900.0,yfinance,2026-02-03T02:37:10.018304+00:00
2025-09-08,SPY,648.6199951171875,649.8400268554688,647.22998046875,648.8300170898438,63133100.0,yfinance,2026-02-03T02:37:10.018304+00:00
2025-09-09,SPY,648.969970703125,650.8599853515625,647.219970703125,650.3300170898438,66133900.0,yfinance,2026-02-03T02:37:10.018304+00:00
2025-09-10,SPY,653.6199951171875,654.5499877929688,650.6300048828125,652.2100219726562,78034500.0,yfinance,2026-02-03T02:37:10.018304+00:00
2025-09-11,SPY,654.1799926757812,658.3300170898438,653.5900268554688,657.6300048828125,69934400.0,yfinance,2026-02-03T02:37:10.018304+00:00
2025-09-12,SPY,657.5999755859375,659.1099853515625,656.9000244140625,657.4099731445312,72780100.0,yfinance,2026-02-03T02:37:10.018304+00:00
2025-09-15,SPY,659.6400146484375,661.0399780273438,659.3400268554688,660.9099731445312,63772400.0,yfinance,2026-02-03T02:37:10.018304+00:00
2025-09-16,SPY,661.469970703125,661.780029296875,659.2100219726562,660.0,61169000.0,yfinance,2026-02-03T02:37:10.018304+00:00
2025-09-17,SPY,660.010009765625,661.719970703125,654.2999877929688,659.1799926757812,101952200.0,yfinance,2026-02-03T02:37:10.018304+00:00
2025-09-18,SPY,661.8900146484375,664.8900146484375,660.27001953125,662.260009765625,90459200.0,yfinance,2026-02-03T02:37:10.018304+00:00
2025-09-19,SPY,662.3300170898438,664.5499877929688,660.3699951171875,663.7000122070312,97945600.0,yfinance,2026-02-03T02:37:10.018304+00:00
2025-09-22,SPY,662.2000122070312,667.2899780273438,662.1699829101562,666.8400268554688,69452200.0,yfinance,2026-02-03T02:37:10.018304+00:00
2025-09-23,SPY,666.719970703125,667.3400268554688,661.97998046875,663.2100219726562,81708900.0,yfinance,2026-02-03T02:37:10.018304+00:00
2025-09-24,SPY,664.510009765625,664.6099853515625,659.6699829101562,661.0999755859375,68082200.0,yfinance,2026-02-03T02:37:10.018304+00:00
2025-09-25,SPY,657.9400024414062,659.4099731445312,654.4099731445312,658.0499877929688,89622100.0,yfinance,2026-02-03T02:37:10.018304+00:00
2025-09-26,SPY,659.510009765625,662.3699951171875,657.8800048828125,661.8200073242188,69179200.0,yfinance,2026-02-03T02:37:10.018304+00:00
2025-09-29,SPY,664.3599853515625,665.280029296875,661.8599853515625,663.6799926757812,73499000.0,yfinance,2026-02-03T02:37:10.018304+00:00
2025-09-30,SPY,662.9299926757812,666.6500244140625,661.6099853515625,666.1799926757812,86288000.0,yfinance,2026-02-03T02:37:10.018304+00:00
2025-10-01,SPY,663.1699829101562,669.3699951171875,663.0599975585938,668.4500122070312,72545400.0,yfinance,2026-02-03T02:37:10.018304+00:00
2025-10-02,SPY,670.4500122070312,670.5700073242188,666.780029296875,669.219970703125,56896000.0,yfinance,2026-02-03T02:37:10.018304+00:00
2025-10-03,SPY,669.989990234375,672.6799926757812,668.1599731445312,669.2100219726562,70494400.0,yfinance,2026-02-03T02:37:10.018304+00:00
2025-10-06,SPY,671.6199951171875,672.510009765625,669.4600219726562,671.6099853515625,54623300.0,yfinance,2026-02-03T02:37:10.018304+00:00
2025-10-07,SPY,672.5399780273438,672.989990234375,667.6699829101562,669.1199951171875,72020100.0,yfinance,2026-02-03T02:37:10.018304+00:00
2025-10-08,SPY,670.25,673.2100219726562,669.4199829101562,673.1099853515625,60702200.0,yfinance,2026-02-03T02:37:10.018304+00:00
2025-10-09,SPY,673.530029296875,673.9400024414062,669.2100219726562,671.1599731445312,66501900.0,yfinance,2026-02-03T02:37:10.018304+00:00
2025-10-10,SPY,672.1300048828125,673.9500122070312,652.8400268554688,653.02001953125,159422600.0,yfinance,2026-02-03T02:37:10.018304+00:00
2025-10-13,SPY,660.6500244140625,665.1300048828125,659.77001953125,663.0399780273438,79560500.0,yfinance,2026-02-03T02:37:10.018304+00:00
2025-10-14,SPY,657.1699829101562,665.8300170898438,653.1699829101562,662.22998046875,88779600.0,yfinance,2026-02-03T02:37:10.018304+00:00
2025-10-15,SPY,666.8200073242188,670.22998046875,658.9299926757812,665.1699829101562,81702600.0,yfinance,2026-02-03T02:37:10.018304+00:00
2025-10-16,SPY,666.8200073242188,668.7100219726562,657.1099853515625,660.6400146484375,110563300.0,yfinance,2026-02-03T02:37:10.018304+00:00
2025-10-17,SPY,659.5,665.760009765625,658.1400146484375,664.3900146484375,96500900.0,yfinance,2026-02-03T02:37:10.018304+00:00
2025-10-20,SPY,667.3200073242188,672.2100219726562,667.27001953125,671.2999877929688,60493400.0,yfinance,2026-02-03T02:37:10.018304+00:00
2025-10-21,SPY,671.4400024414062,672.989990234375,669.97998046875,671.2899780273438,56249000.0,yfinance,2026-02-03T02:37:10.018304+00:00
2025-10-22,SPY,672.0,672.0,663.2999877929688,667.7999877929688,80564000.0,yfinance,2026-02-03T02:37:10.018304+00:00
2025-10-23,SPY,668.1199951171875,672.7100219726562,667.7999877929688,671.760009765625,65604500.0,yfinance,2026-02-03T02:37:10.018304+00:00
2025-10-24,SPY,676.4600219726562,678.469970703125,675.6500244140625,677.25,74356500.0,yfinance,2026-02-03T02:37:10.018304+00:00
2025-10-27,SPY,682.72998046875,685.5399780273438,682.1199951171875,685.239990234375,63339800.0,yfinance,2026-02-03T02:37:10.018304+00:00
2025-10-28,SPY,687.0499877929688,688.9099731445312,684.8300170898438,687.0599975585938,61738100.0,yfinance,2026-02-03T02:37:10.018304+00:00
2025-10-29,SPY,688.719970703125,689.7000122070312,682.8699951171875,687.3900146484375,85657100.0,yfinance,2026-02-03T02:37:10.018304+00:00
2025-10-30,SPY,683.9000244140625,685.9400024414062,679.8300170898438,679.8300170898438,76335800.0,yfinance,2026-02-03T02:37:10.018304+00:00
2025-10-31,SPY,685.0399780273438,685.0800170898438,679.239990234375,682.0599975585938,87164100.0,yfinance,2026-02-03T02:37:10.018304+00:00
2025-11-03,SPY,685.6699829101562,685.7999877929688,679.9400024414062,683.3400268554688,57315000.0,yfinance,2026-02-03T02:37:10.018304+00:00
2025-11-04,SPY,676.1099853515625,679.9600219726562,674.5800170898438,675.239990234375,78427000.0,yfinance,2026-02-03T02:37:10.018304+00:00
2025-11-05,SPY,674.97998046875,680.8599853515625,674.1699829101562,677.5800170898438,74402400.0,yfinance,2026-02-03T02:37:10.018304+00:00
2025-11-06,SPY,676.469970703125,677.3800048828125,668.719970703125,670.3099975585938,85035300.0,yfinance,2026-02-03T02:37:10.018304+00:00
2025-11-07,SPY,667.9099731445312,671.0800170898438,661.2100219726562,670.969970703125,100592400.0,yfinance,2026-02-03T02:37:10.018304+00:00
2025-11-10,SPY,677.239990234375,682.1799926757812,675.030029296875,681.4400024414062,75842900.0,yfinance,2026-02-03T02:37:10.018304+00:00
2025-11-11,SPY,679.9500122070312,683.5700073242188,678.72998046875,683.0,58953400.0,yfinance,2026-02-03T02:37:10.018304+00:00
2025-11-12,SPY,684.7899780273438,684.9600219726562,680.9500122070312,683.3800048828125,62312500.0,yfinance,2026-02-03T02:37:10.018304+00:00
2025-11-13,SPY,680.5,680.8599853515625,670.52001953125,672.0399780273438,103457800.0,yfinance,2026-02-03T02:37:10.018304+00:00
2025-11-14,SPY,665.3800048828125,675.6599731445312,663.27001953125,671.9299926757812,96846700.0,yfinance,2026-02-03T02:37:10.018304+00:00
2025-11-17,SPY,669.7000122070312,673.7100219726562,662.1699829101562,665.6699829101562,90456100.0,yfinance,2026-02-03T02:37:10.018304+00:00
2025-11-18,SPY,662.0999755859375,665.1199951171875,655.8599853515625,660.0800170898438,114467500.0,yfinance,2026-02-03T02:37:10.018304+00:00
2025-11-19,SPY,660.780029296875,667.3400268554688,658.75,662.6300048828125,94703000.0,yfinance,2026-02-03T02:37:10.018304+00:00
2025-11-20,SPY,672.9099731445312,675.5599975585938,651.8900146484375,652.530029296875,165293500.0,yfinance,2026-02-03T02:37:10.018304+00:00
2025-11-21,SPY,655.0499877929688,664.5499877929688,650.8499755859375,659.030029296875,123956200.0,yfinance,2026-02-03T02:37:10.018304+00:00
2025-11-24,SPY,662.6900024414062,670.0599975585938,661.5900268554688,668.72998046875,80437900.0,yfinance,2026-02-03T02:37:10.018304+00:00
2025-11-25,SPY,668.6300048828125,676.2100219726562,664.47998046875,675.02001953125,81077100.0,yfinance,2026-02-03T02:37:10.018304+00:00
2025-11-26,SPY,677.6300048828125,681.7000122070312,676.719970703125,679.6799926757812,71879600.0,yfinance,2026-02-03T02:37:10.018304+00:00
2025-11-28,SPY,680.8599853515625,683.6699829101562,680.5,683.3900146484375,49212000.0,yfinance,2026-02-03T02:37:10.018304+00:00
2025-12-01,SPY,678.8099975585938,682.989990234375,678.739990234375,680.27001953125,61201200.0,yfinance,2026-02-03T02:37:10.018304+00:00
2025-12-02,SPY,681.9199829101562,683.8200073242188,679.3300170898438,681.530029296875,62953800.0,yfinance,2026-02-03T02:37:10.018304+00:00
2025-12-03,SPY,680.5700073242188,684.9099731445312,679.6900024414062,683.8900146484375,57238500.0,yfinance,2026-02-03T02:37:10.018304+00:00
2025-12-04,SPY,685.2999877929688,685.3699951171875,681.3400268554688,684.3900146484375,61970300.0,yfinance,2026-02-03T02:37:10.018304+00:00
2025-12-05,SPY,685.469970703125,688.3900146484375,684.5800170898438,685.6900024414062,79241000.0,yfinance,2026-02-03T02:37:10.018304+00:00
2025-12-08,SPY,686.5900268554688,686.6400146484375,681.5700073242188,683.6300048828125,55231500.0,yfinance,2026-02-03T02:37:10.018304+00:00
2025-12-09,SPY,683.1500244140625,685.3900146484375,682.5900268554688,683.0399780273438,58310100.0,yfinance,2026-02-03T02:37:10.018304+00:00
2025-12-10,SPY,682.5599975585938,688.969970703125,681.3099975585938,687.5700073242188,85671300.0,yfinance,2026-02-03T02:37:10.018304+00:00
2025-12-11,SPY,685.1400146484375,689.25,682.1699829101562,689.1699829101562,86173700.0,yfinance,2026-02-03T02:37:10.018304+00:00
2025-12-12,SPY,688.1699829101562,688.8800048828125,679.1699829101562,681.760009765625,113160300.0,yfinance,2026-02-03T02:37:10.018304+00:00
2025-12-15,SPY,685.739990234375,685.760009765625,679.25,680.72998046875,90811000.0,yfinance,2026-02-03T02:37:10.018304+00:00
2025-12-16,SPY,679.22998046875,681.0800170898438,674.97998046875,678.8699951171875,122030600.0,yfinance,2026-02-03T02:37:10.018304+00:00
2025-12-17,SPY,679.8900146484375,680.4400024414062,671.2000122070312,671.4000244140625,110625200.0,yfinance,2026-02-03T02:37:10.018304+00:00
2025-12-18,SPY,677.5999755859375,680.739990234375,674.9000244140625,676.469970703125,108650100.0,yfinance,2026-02-03T02:37:10.018304+00:00
2025-12-19,SPY,676.5900268554688,681.0900268554688,676.469970703125,680.5900268554688,103599500.0,yfinance,2026-02-03T02:37:10.018304+00:00
2025-12-22,SPY,683.9400024414062,685.3599853515625,680.5900268554688,684.8300170898438,69556700.0,yfinance,2026-02-03T02:37:10.018304+00:00
2025-12-23,SPY,683.9199829101562,688.2000122070312,683.8699951171875,687.9600219726562,64840000.0,yfinance,2026-02-03T02:37:10.018304+00:00
2025-12-24,SPY,687.9500122070312,690.8300170898438,687.7999877929688,690.3800048828125,39445600.0,yfinance,2026-02-03T02:37:10.018304+00:00
2025-12-26,SPY,690.6400146484375,691.6599731445312,689.27001953125,690.3099975585938,41613300.0,yfinance,2026-02-03T02:37:10.018304+00:00
2025-12-29,SPY,687.5399780273438,689.2000122070312,686.0700073242188,687.8499755859375,62559500.0,yfinance,2026-02-03T02:37:10.018304+00:00
2025-12-30,SPY,687.4500122070312,688.5599975585938,686.5800170898438,687.010009765625,47160700.0,yfinance,2026-02-03T02:37:10.018304+00:00
2025-12-31,SPY,687.1400146484375,687.3599853515625,681.7100219726562,681.9199829101562,74144800.0,yfinance,2026-02-03T02:37:10.018304+00:00
2026-01-02,SPY,685.7100219726562,686.8699951171875,679.8200073242188,683.1699829101562,89377200.0,yfinance,2026-02-03T02:37:10.018304+00:00
2026-01-05,SPY,686.5399780273438,689.4299926757812,686.3800048828125,687.719970703125,71927200.0,yfinance,2026-02-03T02:37:10.018304+00:00
2026-01-06,SPY,687.9299926757812,692.3200073242188,687.780029296875,691.8099975585938,69273800.0,yfinance,2026-02-03T02:37:10.018304+00:00
2026-01-07,SPY,692.1900024414062,693.9600219726562,689.3200073242188,689.5800170898438,75588300.0,yfinance,2026-02-03T02:37:10.018304+00:00
2026-01-08,SPY,688.8200073242188,690.6199951171875,687.489990234375,689.510009765625,64019200.0,yfinance,2026-02-03T02:37:10.018304+00:00
2026-01-09,SPY,690.6300048828125,695.3099975585938,689.1799926757812,694.0700073242188,80125500.0,yfinance,2026-02-03T02:37:10.018304+00:00
2026-01-12,SPY,690.6799926757812,696.0900268554688,690.6300048828125,695.1599731445312,63976000.0,yfinance,2026-02-03T02:37:10.018304+00:00
2026-01-13,SPY,695.489990234375,696.0900268554688,691.3499755859375,693.77001953125,78309700.0,yfinance,2026-02-03T02:37:10.018304+00:00
2026-01-14,SPY,691.0,691.719970703125,686.0399780273438,690.3599853515625,94676700.0,yfinance,2026-02-03T02:37:10.018304+00:00
2026-01-15,SPY,694.5700073242188,695.4500122070312,691.25,692.239990234375,77862000.0,yfinance,2026-02-03T02:37:10.018304+00:00
2026-01-16,SPY,693.6599731445312,694.25,690.0999755859375,691.6599731445312,79289200.0,yfinance,2026-02-03T02:37:10.018304+00:00
2026-01-20,SPY,681.489990234375,684.77001953125,676.5700073242188,677.5800170898438,111623300.0,yfinance,2026-02-03T02:37:10.018304+00:00
2026-01-21,SPY,679.6500244140625,688.739990234375,678.1300048828125,685.4000244140625,127844500.0,yfinance,2026-02-03T02:37:10.018304+00:00
2026-01-22,SPY,689.8499755859375,691.1300048828125,686.9199829101562,688.97998046875,77112200.0,yfinance,2026-02-03T02:37:10.018304+00:00
2026-01-23,SPY,688.1500244140625,690.9600219726562,687.1599731445312,689.22998046875,63059600.0,yfinance,2026-02-03T02:37:10.018304+00:00
2026-01-26,SPY,690.489990234375,694.1300048828125,689.9199829101562,692.72998046875,60473800.0,yfinance,2026-02-03T02:37:10.018304+00:00
2026-01-27,SPY,694.1799926757812,696.530029296875,693.5700073242188,695.489990234375,55506100.0,yfinance,2026-02-03T02:37:10.018304+00:00
2026-01-28,SPY,697.0499877929688,697.8400268554688,693.9400024414062,695.4199829101562,61172200.0,yfinance,2026-02-03T02:37:10.018304+00:00
2026-01-29,SPY,696.3900146484375,697.0599975585938,684.8300170898438,694.0399780273438,97486200.0,yfinance,2026-02-03T02:37:10.018304+00:00
2026-01-30,SPY,691.7899780273438,694.2100219726562,687.1199951171875,691.969970703125,101750300.0,yfinance,2026-02-03T02:37:10.018304+00:00
2026-02-02,SPY,689.5800170898438,696.9299926757812,689.4249877929688,695.4099731445312,78557251.0,yfinance,2026-02-03T02:37:10.018304+00:00
