event_type,gap_direction,fill_path_type,vol_state,open_regime_label,n,fill_rate,direct_fill_rate,failed_fill_rate,avg_time_to_fill_minutes,median_time_to_fill_minutes,avg_MAE_pct,median_MAE_pct,avg_MFE_pct,median_MFE_pct,payoff_ratio,expectancy,sortino_ratio,max_drawdown,stop_out_rate_proxy,sample_quality,tradability_score,build_ts,sample_bucket,sample_weight,sample_cap,path_quality_score,risk_quality_score,expectancy_quality_score,tradability_quality_score,fill_quality_score,raw_confidence_score,confidence_score,confidence_label,deployment_ready,deployment_tier,confidence_notes,confidence_ts,confidence_version
UNCLASSIFIED,UP,SQUEEZE_THEN_FILL,mid,NO_SETUP,28,0.7857142857142857,0.0,0.0,101.59090916202827,97.49999988824129,0.004660938253505457,0.004491626835761521,0.003558814254021107,0.003111074778371984,,1.381266563993383,,0.0,0.36507936507936506,BOOTSTRAP_OK,74.8469103200574,2026-05-31T12:26:15.458599+00:00,DEVELOPING,0.8366600265340756,80.0,0.9,0.6325032805590266,0.5680473372781065,0.5680473372781065,0.7857142857142857,72.47645557169582,72.48,MEDIUM,1,NORMAL_ELIGIBLE,confidence acceptable but monitor sample/risk stability,2026-05-31T14:32:43.816845+00:00,sharpedge_2_1_confidence_weights_v1
UNCLASSIFIED,DOWN,SQUEEZE_THEN_FILL,mid,NO_SETUP,15,1.0,0.0,0.0,124.00000011920929,120.00000022351742,0.005290110235936801,0.004293765609571754,0.005489442466853479,0.005146837828149789,,2.672543109925772,,0.0,0.2815764482431149,BOOTSTRAP_OK,131.84882329467152,2026-05-31T12:26:15.458599+00:00,BOOTSTRAP,0.6123724356957945,55.0,0.9,0.6962453508183184,0.6686390532544378,0.650887573964497,1.0,75.9840283844747,55.0,MEDIUM,0,PROBE_ONLY,bootstrap sample: probe/research only,2026-05-31T14:32:43.816845+00:00,sharpedge_2_1_confidence_weights_v1
UNCLASSIFIED,DOWN,SQUEEZE_THEN_FILL,high,NO_SETUP,13,0.9230769230769231,0.0,0.0,103.74999985098839,37.50000011175871,0.007925104244857224,0.006173164830905775,0.007461116841208765,0.007920928185412023,,2.4870870591310275,,0.0,0.3182117028270875,BOOTSTRAP_OK,122.4811543997156,2026-05-31T12:26:15.458599+00:00,BOOTSTRAP,0.570087712549569,55.0,0.9,0.6515742099452934,0.6627218934911243,0.6449704142011834,0.9230769230769231,72.75229047709387,55.0,MEDIUM,0,PROBE_ONLY,bootstrap sample: probe/research only,2026-05-31T14:32:43.816845+00:00,sharpedge_2_1_confidence_weights_v1
UNCLASSIFIED,DOWN,DIRECT_FILL,mid,NO_SETUP,12,1.0,1.0,0.0,34.99999986961484,22.5,0.0012737033396738196,0.0011778158507577408,0.006573776685081584,0.00738226659795701,,6.783104871336406,,0.0,0.0,BOOTSTRAP_OK,296.31145782005956,2026-05-31T12:26:15.458599+00:00,BOOTSTRAP,0.5477225575051661,55.0,1.0,0.7404472249524464,0.7869822485207101,0.7751479289940828,1.0,80.49311218711192,55.0,MEDIUM,0,PROBE_ONLY,bootstrap sample: probe/research only,2026-05-31T14:32:43.816845+00:00,sharpedge_2_1_confidence_weights_v1
UNCLASSIFIED,DOWN,ROTATIONAL_BALANCE_THEN_FILL,mid,NO_SETUP,10,1.0,0.0,0.0,122.99999991059303,90.0,9.319769330958998e-05,-9.503400340640744e-05,0.006657108313330472,0.005811647392254473,,5.95807987164646,,0.0,0.0,BOOTSTRAP_OK,263.3222628889253,2026-05-31T12:26:15.458599+00:00,BOOTSTRAP,0.5,55.0,0.85,0.7493010173001782,0.7692307692307693,0.7514792899408284,1.0,76.80016614707662,55.0,MEDIUM,0,PROBE_ONLY,bootstrap sample: probe/research only,2026-05-31T14:32:43.816845+00:00,sharpedge_2_1_confidence_weights_v1
UNCLASSIFIED,UP,SQUEEZE_THEN_FILL,low,NO_SETUP,10,1.0,0.0,0.0,114.00000017881393,97.49999988824129,0.003565608586722014,0.0036684631664474342,0.003138104171380809,0.002837859782704918,,1.5608653560821213,,0.0,0.28433048433048436,BOOTSTRAP_OK,87.39895815741764,2026-05-31T12:26:15.458599+00:00,BOOTSTRAP,0.5,55.0,0.9,0.7090414113830606,0.6153846153846154,0.5976331360946746,1.0,72.33088744293526,55.0,MEDIUM,0,PROBE_ONLY,bootstrap sample: probe/research only,2026-05-31T14:32:43.816845+00:00,sharpedge_2_1_confidence_weights_v1
UNCLASSIFIED,UP,DIRECT_FILL,mid,NO_SETUP,9,1.0,1.0,0.0,36.6666666418314,30.000000223517418,0.0016730480647750557,0.002028538857189006,0.005106334351911193,0.0047341710184057965,,8.090763765492452,,0.0,0.0,BOOTSTRAP_OK,348.61382013905035,2026-05-31T12:26:15.458599+00:00,BOOTSTRAP,0.4743416490252569,55.0,1.0,0.7374521395141872,0.8224852071005917,0.8047337278106509,1.0,79.95689909688659,55.0,MEDIUM,0,PROBE_ONLY,bootstrap sample: probe/research only,2026-05-31T14:32:43.816845+00:00,sharpedge_2_1_confidence_weights_v1
UNCLASSIFIED,UP,DIRECT_FILL,low,NO_SETUP,9,1.0,1.0,0.0,20.0,0.0,0.0009304834150954137,0.0008266164906113038,0.004339309192806109,0.00461766920787397,,7.810772720465514,,0.0,0.0,BOOTSTRAP_OK,337.4216039844696,2026-05-31T12:26:15.458599+00:00,BOOTSTRAP,0.4743416490252569,55.0,1.0,0.7430213743867845,0.8047337278106509,0.7869822485207101,1.0,79.50789324127732,55.0,MEDIUM,0,PROBE_ONLY,bootstrap sample: probe/research only,2026-05-31T14:32:43.816845+00:00,sharpedge_2_1_confidence_weights_v1
UNCLASSIFIED,UP,ROTATIONAL_BALANCE_THEN_FILL,mid,NO_SETUP,8,1.0,0.0,0.0,144.3750001117587,120.00000022351742,0.00015369908562994764,5.1988606861989796e-05,0.007709342784810259,0.007797708736883598,,246.59586363182973,,0.0,0.0,BOOTSTRAP_OK,9888.833008282332,2026-05-31T12:26:15.458599+00:00,BOOTSTRAP,0.4472135954999579,55.0,0.85,0.7488472568577755,0.9940828402366864,0.9940828402366864,1.0,82.74946596996638,55.0,MEDIUM,0,PROBE_ONLY,bootstrap sample: probe/research only,2026-05-31T14:32:43.816845+00:00,sharpedge_2_1_confidence_weights_v1
UNCLASSIFIED,UP,SQUEEZE_THEN_FILL,high,NO_SETUP,8,1.0,0.0,0.0,84.37499991618097,90.0,0.0049052133344431835,0.004643828818149503,0.004405171593190757,0.003888810234500172,,1.4788539209596339,,0.0,0.3523860398860399,BOOTSTRAP_OK,84.10510470504092,2026-05-31T12:26:15.458599+00:00,BOOTSTRAP,0.4472135954999579,55.0,0.9,0.6955915979973741,0.6035502958579881,0.591715976331361,1.0,70.80713996280001,55.0,MEDIUM,0,PROBE_ONLY,bootstrap sample: probe/research only,2026-05-31T14:32:43.816845+00:00,sharpedge_2_1_confidence_weights_v1
FAILED_BREAKDOWN,UP,SQUEEZE_THEN_FILL,mid,NO_SETUP,7,1.0,0.0,0.0,102.85714285714286,90.0,0.006781382656538266,0.0028843131191772023,0.010910755781992755,0.012413957976407146,,5.236767687185584,,0.0,0.2857142857142857,BOOTSTRAP_OK,234.40289366085798,2026-05-31T12:26:15.458599+00:00,BOOTSTRAP,0.4183300132670378,55.0,0.9,0.6848539157902488,0.7514792899408284,0.7337278106508875,1.0,74.41751551107023,55.0,MEDIUM,0,PROBE_ONLY,bootstrap sample: probe/research only,2026-05-31T14:32:43.816845+00:00,sharpedge_2_1_confidence_weights_v1
UNCLASSIFIED,DOWN,DIRECT_FILL,mid,UNRESOLVED_OPEN,6,1.0,1.0,0.0,72.49999970197678,74.99999955296516,0.000758973837101253,0.0006668532643547921,0.010513417366025334,0.011343640216757376,,15.045051342956924,,0.0,0.0,BOOTSTRAP_OK,626.7944639799059,2026-05-31T12:26:15.458599+00:00,BOOTSTRAP,0.3872983346207417,55.0,1.0,0.7443076962217406,0.8994082840236687,0.8875739644970414,1.0,80.7153158635516,55.0,MEDIUM,0,PROBE_ONLY,bootstrap sample: probe/research only,2026-05-31T14:32:43.816845+00:00,sharpedge_2_1_confidence_weights_v1
CLEAN_BREAKDOWN,UP,DIRECT_FILL,mid,NO_SETUP,6,1.0,1.0,0.0,37.50000022351742,22.500000335276127,0.0015287451251791262,0.0018407550170744427,0.012290851860850464,0.011086575449893485,,5.366253200650544,,0.0,0.0,BOOTSTRAP_OK,239.63484057476995,2026-05-31T12:26:15.458599+00:00,BOOTSTRAP,0.3872983346207417,55.0,1.0,0.7385344115611566,0.757396449704142,0.7396449704142012,1.0,76.27960416760733,55.0,MEDIUM,0,PROBE_ONLY,bootstrap sample: probe/research only,2026-05-31T14:32:43.816845+00:00,sharpedge_2_1_confidence_weights_v1
CLEAN_BREAKDOWN,UP,SQUEEZE_THEN_FILL,mid,NO_SETUP,5,1.0,0.0,0.0,141.00000031292439,150.00000044703484,0.0020122132675841294,0.001584480555857448,0.016878360172189723,0.01993545521585792,,11.575741612388848,,0.0,0.014814814814814814,BOOTSTRAP_OK,488.00954236287805,2026-05-31T12:26:15.458599+00:00,BOOTSTRAP,0.3535533905932738,55.0,0.9,0.7341676597523783,0.8816568047337278,0.8698224852071006,1.0,77.85577205726358,55.0,MEDIUM,0,PROBE_ONLY,bootstrap sample: probe/research only,2026-05-31T14:32:43.816845+00:00,sharpedge_2_1_confidence_weights_v1
UNCLASSIFIED,DOWN,PARTIAL_FILL_REJECT,mid,NO_SETUP,10,0.0,0.0,1.0,,,0.004273998509765909,0.004078190395826804,0.0033638731885345754,0.0031657771079280947,,6.738449897494799,,0.0,0.2022792022792023,BOOTSTRAP_OK,269.49525591469427,2026-05-31T12:26:15.458599+00:00,BOOTSTRAP,0.5,55.0,0.0,0.2078310510627956,0.7810650887573964,0.757396449704142,0.0,36.19438884286502,36.19,LOW,0,PROBE_ONLY,bootstrap sample: probe/research only,2026-05-31T14:32:43.816845+00:00,sharpedge_2_1_confidence_weights_v1
UNCLASSIFIED,UP,UNCLASSIFIED,unknown,UNKNOWN,32,0.0,0.0,0.0,,,,,,,,0.0,,0.0,,BOOTSTRAP_OK,0.0,2026-05-31T12:26:15.458599+00:00,DEVELOPING,0.8944271909999159,80.0,0.45,0.44999999999999996,0.1301775147928994,0.13313609467455623,0.0,35.33824796201015,35.34,LOW,0,WATCHLIST_ONLY,confidence acceptable but monitor sample/risk stability,2026-05-31T14:32:43.816845+00:00,sharpedge_2_1_confidence_weights_v1
UNCLASSIFIED,UP,FAILED_FILL_CONTINUATION,high,NO_SETUP,8,0.0,0.0,1.0,,,0.0069395178697454225,0.007502716592751264,0.0012956784273211565,0.0012973621693416072,119.12817750423753,0.26876960377880965,5.0601600907978195e+17,-0.010884281909187221,0.5227920227920229,BOOTSTRAP_OK,1797.6040515360178,2026-05-31T12:26:15.458599+00:00,BOOTSTRAP,0.4472135954999579,55.0,0.0,0.41092973292812096,0.40236686390532544,0.9289940828402367,0.0,35.078632105104404,35.08,LOW,0,PROBE_ONLY,bootstrap sample: probe/research only,2026-05-31T14:32:43.816845+00:00,sharpedge_2_1_confidence_weights_v1
UNCLASSIFIED,UP,UNCLASSIFIED,mid,UNKNOWN,29,0.0,0.0,0.0,,,,,,,,0.0,,0.0,,BOOTSTRAP_OK,0.0,2026-05-31T12:26:15.458599+00:00,DEVELOPING,0.85146931829632,80.0,0.45,0.44999999999999996,0.1301775147928994,0.13313609467455623,0.0,34.47909050793823,34.48,NO_CONFIDENCE,0,NO_TRADE,confidence acceptable but monitor sample/risk stability,2026-05-31T14:32:43.816845+00:00,sharpedge_2_1_confidence_weights_v1
CLEAN_BREAKDOWN,DOWN,PARTIAL_FILL_REJECT,mid,NO_SETUP,11,0.09090909090909091,0.0,1.0,45.0,45.0,0.008644934685044346,0.010071980244236016,0.004776950948064986,0.004470660811372055,,2.3997220970680058,,0.0,0.4777259777259777,BOOTSTRAP_OK,98.17516180859705,2026-05-31T12:26:15.458599+00:00,BOOTSTRAP,0.5244044240850758,55.0,0.0,0.1885494182485958,0.650887573964497,0.6153846153846154,0.09090909090909091,34.12859441384896,34.13,NO_CONFIDENCE,0,PROBE_ONLY,bootstrap sample: probe/research only,2026-05-31T14:32:43.816845+00:00,sharpedge_2_1_confidence_weights_v1
UNCLASSIFIED,UP,PARTIAL_FILL_REJECT,low,NO_SETUP,7,0.14285714285714285,0.0,1.0,15.000000447034836,15.000000447034836,0.0031200305359664554,0.0029479333680931348,0.0028174809189899378,0.0033765120012764134,,1.4552642278967516,,0.0,0.21693121693121692,BOOTSTRAP_OK,61.75079738193897,2026-05-31T12:26:15.458599+00:00,BOOTSTRAP,0.4183300132670378,55.0,0.0,0.25861035299083357,0.5857988165680473,0.5562130177514792,0.14285714285714285,32.233075932139016,32.23,NO_CONFIDENCE,0,PROBE_ONLY,bootstrap sample: probe/research only,2026-05-31T14:32:43.816845+00:00,sharpedge_2_1_confidence_weights_v1
UNCLASSIFIED,DOWN,UNCLASSIFIED,mid,UNKNOWN,18,0.0,0.0,0.0,,,,,,,,0.0,,0.0,,BOOTSTRAP_OK,0.0,2026-05-31T12:26:15.458599+00:00,BOOTSTRAP,0.6708203932499369,55.0,0.45,0.44999999999999996,0.1301775147928994,0.13313609467455623,0.0,30.866112007010575,30.87,NO_CONFIDENCE,0,PROBE_ONLY,bootstrap sample: probe/research only,2026-05-31T14:32:43.816845+00:00,sharpedge_2_1_confidence_weights_v1
UNCLASSIFIED,UP,UNCLASSIFIED,low,UNKNOWN,15,0.0,0.0,0.0,,,,,,,,0.0,,0.0,,BOOTSTRAP_OK,0.0,2026-05-31T12:26:15.458599+00:00,BOOTSTRAP,0.6123724356957945,55.0,0.45,0.44999999999999996,0.1301775147928994,0.13313609467455623,0.0,29.697152855927726,29.7,NO_CONFIDENCE,0,PROBE_ONLY,bootstrap sample: probe/research only,2026-05-31T14:32:43.816845+00:00,sharpedge_2_1_confidence_weights_v1
UNCLASSIFIED,DOWN,UNCLASSIFIED,low,UNKNOWN,14,0.0,0.0,0.0,,,,,,,,0.0,,0.0,,BOOTSTRAP_OK,0.0,2026-05-31T12:26:15.458599+00:00,BOOTSTRAP,0.5916079783099616,55.0,0.45,0.44999999999999996,0.1301775147928994,0.13313609467455623,0.0,29.281863708211066,29.28,NO_CONFIDENCE,0,PROBE_ONLY,bootstrap sample: probe/research only,2026-05-31T14:32:43.816845+00:00,sharpedge_2_1_confidence_weights_v1
UNCLASSIFIED,DOWN,UNCLASSIFIED,unknown,UNKNOWN,14,0.0,0.0,0.0,,,,,,,,0.0,,0.0,,BOOTSTRAP_OK,0.0,2026-05-31T12:26:15.458599+00:00,BOOTSTRAP,0.5916079783099616,55.0,0.45,0.44999999999999996,0.1301775147928994,0.13313609467455623,0.0,29.281863708211066,29.28,NO_CONFIDENCE,0,PROBE_ONLY,bootstrap sample: probe/research only,2026-05-31T14:32:43.816845+00:00,sharpedge_2_1_confidence_weights_v1
UNCLASSIFIED,UP,UNCLASSIFIED,high,UNKNOWN,14,0.0,0.0,0.0,,,,,,,,0.0,,0.0,,BOOTSTRAP_OK,0.0,2026-05-31T12:26:15.458599+00:00,BOOTSTRAP,0.5916079783099616,55.0,0.45,0.44999999999999996,0.1301775147928994,0.13313609467455623,0.0,29.281863708211066,29.28,NO_CONFIDENCE,0,PROBE_ONLY,bootstrap sample: probe/research only,2026-05-31T14:32:43.816845+00:00,sharpedge_2_1_confidence_weights_v1
UNCLASSIFIED,UP,PARTIAL_FILL_REJECT,mid,NO_SETUP,5,0.0,0.0,1.0,,,0.0033113250738970356,0.003279361661966644,0.004421714467340957,0.004218273086790792,,1.5122002487249513,,0.0,0.11111111111111112,BOOTSTRAP_OK,60.454896698259084,2026-05-31T12:26:15.458599+00:00,BOOTSTRAP,0.3535533905932738,55.0,0.0,0.2196095063902167,0.6094674556213018,0.5502958579881657,0.0,27.76166011186074,27.76,NO_CONFIDENCE,0,PROBE_ONLY,bootstrap sample: probe/research only,2026-05-31T14:32:43.816845+00:00,sharpedge_2_1_confidence_weights_v1
CLEAN_BREAKOUT,UP,UNCLASSIFIED,mid,UNKNOWN,10,0.0,0.0,0.0,,,,,,,,0.0,,0.0,,BOOTSTRAP_OK,0.0,2026-05-31T12:26:15.458599+00:00,BOOTSTRAP,0.5,55.0,0.45,0.44999999999999996,0.1301775147928994,0.13313609467455623,0.0,27.449704142011832,27.45,NO_CONFIDENCE,0,PROBE_ONLY,bootstrap sample: probe/research only,2026-05-31T14:32:43.816845+00:00,sharpedge_2_1_confidence_weights_v1
CLEAN_BREAKDOWN,DOWN,UNCLASSIFIED,mid,UNKNOWN,9,0.0,0.0,0.0,,,,,,,,0.0,,0.0,,BOOTSTRAP_OK,0.0,2026-05-31T12:26:15.458599+00:00,BOOTSTRAP,0.4743416490252569,55.0,0.45,0.44999999999999996,0.1301775147928994,0.13313609467455623,0.0,26.936537122516974,26.94,NO_CONFIDENCE,0,PROBE_ONLY,bootstrap sample: probe/research only,2026-05-31T14:32:43.816845+00:00,sharpedge_2_1_confidence_weights_v1
CLEAN_BREAKDOWN,DOWN,UNCLASSIFIED,unknown,UNKNOWN,8,0.0,0.0,0.0,,,,,,,,0.0,,0.0,,BOOTSTRAP_OK,0.0,2026-05-31T12:26:15.458599+00:00,BOOTSTRAP,0.4472135954999579,55.0,0.45,0.44999999999999996,0.1301775147928994,0.13313609467455623,0.0,26.39397605201099,26.39,NO_CONFIDENCE,0,PROBE_ONLY,bootstrap sample: probe/research only,2026-05-31T14:32:43.816845+00:00,sharpedge_2_1_confidence_weights_v1
CLEAN_BREAKOUT,UP,UNCLASSIFIED,unknown,UNKNOWN,7,0.0,0.0,0.0,,,,,,,,0.0,,0.0,,BOOTSTRAP_OK,0.0,2026-05-31T12:26:15.458599+00:00,BOOTSTRAP,0.4183300132670378,55.0,0.45,0.44999999999999996,0.1301775147928994,0.13313609467455623,0.0,25.81630440735259,25.82,NO_CONFIDENCE,0,PROBE_ONLY,bootstrap sample: probe/research only,2026-05-31T14:32:43.816845+00:00,sharpedge_2_1_confidence_weights_v1
UNCLASSIFIED,UP,UNCLASSIFIED,high,NO_SETUP,4,0.25,0.0,0.0,75.00000022351742,75.00000022351742,0.004265772493221529,0.004030512246769937,0.013181858989951127,0.013539195820185364,,506.73387941931696,,0.0,0.027777777777777776,BOOTSTRAP_OK,20275.562519047748,2026-05-31T12:26:15.458599+00:00,MICRO_SAMPLE,0.31622776601683794,25.0,0.45,0.49161781741194965,1.0,1.0,0.25,55.448822581516,25.0,NO_CONFIDENCE,0,RESEARCH_ONLY,micro sample: research only,2026-05-31T14:32:43.816845+00:00,sharpedge_2_1_confidence_weights_v1
UNCLASSIFIED,UP,ROTATIONAL_BALANCE_THEN_FILL,mid,FAILED_BREAKOUT_OPEN,4,1.0,0.0,0.0,120.00000022351742,120.00000022351742,0.0009908030515211653,0.0009908030515211653,0.010295975671128988,0.010295975671128988,,10.39154618601722,,0.0,0.0,BOOTSTRAP_OK,440.6519394101736,2026-05-31T12:26:15.458599+00:00,MICRO_SAMPLE,0.31622776601683794,25.0,0.85,0.7425689771135914,0.863905325443787,0.8520710059171598,1.0,75.95273494745483,25.0,NO_CONFIDENCE,0,RESEARCH_ONLY,micro sample: research only,2026-05-31T14:32:43.816845+00:00,sharpedge_2_1_confidence_weights_v1
UNCLASSIFIED,DOWN,DIRECT_FILL,low,NO_SETUP,4,1.0,1.0,0.0,45.0,45.0,0.0010829141502791196,0.000995436382387025,0.0036941657444713146,0.00364651450196675,,8.236857738664611,,0.0,0.0,BOOTSTRAP_OK,354.46348040508167,2026-05-31T12:26:15.458599+00:00,MICRO_SAMPLE,0.31622776601683794,25.0,1.0,0.7418781438729067,0.8284023668639053,0.8106508875739645,1.0,77.0385262949984,25.0,NO_CONFIDENCE,0,RESEARCH_ONLY,micro sample: research only,2026-05-31T14:32:43.816845+00:00,sharpedge_2_1_confidence_weights_v1
FAILED_BREAKOUT,UP,SQUEEZE_THEN_FILL,mid,NO_SETUP,4,1.0,0.0,0.0,232.50000022351742,232.50000022351742,0.004438259647721443,0.004546757243344685,0.014434036690387852,0.011159220906618493,,4.251760545009316,,0.0,0.23290598290598288,BOOTSTRAP_OK,195.0260392038954,2026-05-31T12:26:15.458599+00:00,MICRO_SAMPLE,0.31622776601683794,25.0,0.9,0.7050677534967901,0.7159763313609467,0.6982248520710059,1.0,71.6135893742679,25.0,NO_CONFIDENCE,0,RESEARCH_ONLY,micro sample: research only,2026-05-31T14:32:43.816845+00:00,sharpedge_2_1_confidence_weights_v1
CLEAN_BREAKOUT,UP,PARTIAL_FILL_REJECT,low,NO_SETUP,4,0.0,0.0,1.0,,,0.004346978669963998,0.004602122802113377,0.002850788653278319,0.0026297682519704165,,1.2815411513581891,,0.0,0.31481481481481477,BOOTSTRAP_OK,51.218176267627925,2026-05-31T12:26:15.458599+00:00,MICRO_SAMPLE,0.31622776601683794,25.0,0.0,0.20165691923452927,0.5621301775147929,0.514792899408284,0.0,25.503255262700854,25.0,NO_CONFIDENCE,0,RESEARCH_ONLY,micro sample: research only,2026-05-31T14:32:43.816845+00:00,sharpedge_2_1_confidence_weights_v1
FAILED_BREAKDOWN,DOWN,SQUEEZE_THEN_FILL,high,NO_SETUP,4,1.0,0.0,0.0,146.24999983236194,104.99999977648258,0.008878213751514138,0.010091613812544,0.007950566958676866,0.004016913319238933,,1.2412347754287545,,0.0,0.2596153846153846,BOOTSTRAP_OK,74.56060887963504,2026-05-31T12:26:15.458599+00:00,MICRO_SAMPLE,0.31622776601683794,25.0,0.9,0.6704326276328748,0.5502958579881657,0.5621301775147929,1.0,66.56743526737426,25.0,NO_CONFIDENCE,0,RESEARCH_ONLY,micro sample: research only,2026-05-31T14:32:43.816845+00:00,sharpedge_2_1_confidence_weights_v1
CLEAN_BREAKOUT,UP,FAILED_FILL_CONTINUATION,low,NO_SETUP,4,0.0,0.0,1.0,,,0.006402369444902715,0.006224749269460504,0.00029248094663844067,0.00016879527883026586,25.45360627150869,0.0493891514342106,,0.0,0.8269675925925926,BOOTSTRAP_OK,383.71563643554975,2026-05-31T12:26:15.458599+00:00,MICRO_SAMPLE,0.31622776601683794,25.0,0.0,0.4106338495336,0.2958579881656805,0.8165680473372781,0.0,29.170453595885135,25.0,NO_CONFIDENCE,0,RESEARCH_ONLY,micro sample: research only,2026-05-31T14:32:43.816845+00:00,sharpedge_2_1_confidence_weights_v1
UNCLASSIFIED,UP,ROTATIONAL_BALANCE_THEN_FILL,low,NO_SETUP,3,1.0,0.0,0.0,115.0000000745058,120.00000022351742,0.0006162484064893492,0.00014913534364710974,0.006140319646417646,0.005421749781262922,,201.99987670329574,,0.0,0.0,BOOTSTRAP_OK,8104.988905647765,2026-05-31T12:26:15.458599+00:00,MICRO_SAMPLE,0.27386127875258304,25.0,0.85,0.7453781369513299,0.9881656804733728,0.9881656804733728,1.0,79.05286804352279,25.0,NO_CONFIDENCE,0,RESEARCH_ONLY,micro sample: research only,2026-05-31T14:32:43.816845+00:00,sharpedge_2_1_confidence_weights_v1
UNCLASSIFIED,DOWN,PARTIAL_FILL_REJECT,high,NO_SETUP,3,0.0,0.0,1.0,,,0.0017745874916261118,0.0017027094586278715,0.008960420511535496,0.009660723379234046,,5.078347203716658,,0.0,0.0,BOOTSTRAP_OK,203.11614227375003,2026-05-31T12:26:15.458599+00:00,MICRO_SAMPLE,0.27386127875258304,25.0,0.0,0.23669059381280416,0.7455621301775148,0.7100591715976331,0.0,30.861904008870944,25.0,NO_CONFIDENCE,0,RESEARCH_ONLY,micro sample: research only,2026-05-31T14:32:43.816845+00:00,sharpedge_2_1_confidence_weights_v1
CLEAN_BREAKOUT,DOWN,SQUEEZE_THEN_FILL,UNKNOWN,NO_SETUP,3,1.0,0.0,0.0,315.0,315.0,0.0019495486568282424,0.0019495486568282424,0.008393784832403741,0.008393784832403741,,4.305501585202674,,0.0,0.0,BOOTSTRAP_OK,197.2005679215387,2026-05-31T12:26:15.458599+00:00,MICRO_SAMPLE,0.27386127875258304,25.0,0.9,0.7353783850737883,0.7218934911242604,0.7041420118343196,1.0,71.39843389553718,25.0,NO_CONFIDENCE,0,RESEARCH_ONLY,micro sample: research only,2026-05-31T14:32:43.816845+00:00,sharpedge_2_1_confidence_weights_v1
UNCLASSIFIED,DOWN,SQUEEZE_THEN_FILL,mid,ACCEPTED_BREAKDOWN_OPEN_2BAR,3,1.0,0.0,0.0,250.0000000745058,165.00000022351742,0.002331042341716234,0.0021494922748809177,0.008868532623689314,0.008766800668751545,,3.841464548363922,,0.0,0.0,BOOTSTRAP_OK,178.6352715111397,2026-05-31T12:26:15.458599+00:00,MICRO_SAMPLE,0.27386127875258304,25.0,0.9,0.7325171824371284,0.6923076923076923,0.6804733727810651,1.0,70.55669928793995,25.0,NO_CONFIDENCE,0,RESEARCH_ONLY,micro sample: research only,2026-05-31T14:32:43.816845+00:00,sharpedge_2_1_confidence_weights_v1
FAILED_BREAKDOWN,DOWN,SQUEEZE_THEN_FILL,mid,NO_SETUP,3,1.0,0.0,0.0,365.0000001490116,435.0000002235174,0.007307997243394971,0.005980161925158291,0.012961663774632403,0.013116875867749704,,2.0481988039302323,,0.0,0.2962962962962963,BOOTSTRAP_OK,106.85487218477535,2026-05-31T12:26:15.458599+00:00,MICRO_SAMPLE,0.27386127875258304,25.0,0.9,0.680375205859723,0.6390532544378699,0.6331360946745562,1.0,68.26569389963389,25.0,NO_CONFIDENCE,0,RESEARCH_ONLY,micro sample: research only,2026-05-31T14:32:43.816845+00:00,sharpedge_2_1_confidence_weights_v1
RANGE_COMPRESSION,UP,SQUEEZE_THEN_FILL,high,NO_SETUP,3,1.0,0.0,0.0,64.9999999254942,45.0,0.004965320356197869,0.006522536367248377,0.006185084888772723,0.006372653214969422,,1.8497408605971337,,0.0,0.27730294396961064,BOOTSTRAP_OK,98.93998122032338,2026-05-31T12:26:15.458599+00:00,MICRO_SAMPLE,0.27386127875258304,25.0,0.9,0.6988949501300356,0.6272189349112426,0.621301775147929,1.0,68.18846047788978,25.0,NO_CONFIDENCE,0,RESEARCH_ONLY,micro sample: research only,2026-05-31T14:32:43.816845+00:00,sharpedge_2_1_confidence_weights_v1
CLEAN_BREAKOUT,DOWN,SQUEEZE_THEN_FILL,mid,NO_SETUP,3,1.0,0.0,0.0,110.00000014901161,45.0,0.00493438062338715,0.004525673270431722,0.00878719330623804,0.00908532418955212,,1.7640458219578383,,0.0,0.06267806267806268,BOOTSTRAP_OK,95.51248907207966,2026-05-31T12:26:15.458599+00:00,MICRO_SAMPLE,0.27386127875258304,25.0,0.9,0.7098582421906933,0.621301775147929,0.6035502958579881,1.0,67.99788027300082,25.0,NO_CONFIDENCE,0,RESEARCH_ONLY,micro sample: research only,2026-05-31T14:32:43.816845+00:00,sharpedge_2_1_confidence_weights_v1
CLEAN_BREAKOUT,UP,SQUEEZE_THEN_FILL,mid,NO_SETUP,3,0.6666666666666666,0.0,0.0,52.50000022351742,52.50000022351742,0.0078292868076733,0.007353080710519403,0.004191092675700875,0.004015018647680345,,0.5561250278219477,,0.0,0.5227920227920227,BOOTSTRAP_OK,38.83337491146784,2026-05-31T12:26:15.458599+00:00,MICRO_SAMPLE,0.27386127875258304,25.0,0.9,0.5651407478028491,0.4556213017751479,0.48520710059171596,0.6666666666666666,54.90009616093069,25.0,NO_CONFIDENCE,0,RESEARCH_ONLY,micro sample: research only,2026-05-31T14:32:43.816845+00:00,sharpedge_2_1_confidence_weights_v1
CLEAN_BREAKDOWN,DOWN,SQUEEZE_THEN_FILL,mid,NO_SETUP,3,1.0,0.0,0.0,45.0,30.000000223517418,0.008627807826900572,0.007027104688086863,0.0022335621023124633,0.0026648110114350864,,0.30936302313087743,,0.0,0.7160493827160493,BOOTSTRAP_OK,37.28824284696609,2026-05-31T12:26:15.458599+00:00,MICRO_SAMPLE,0.27386127875258304,25.0,0.9,0.6494889721624433,0.41420118343195267,0.47337278106508873,1.0,62.03316962494393,25.0,NO_CONFIDENCE,0,RESEARCH_ONLY,micro sample: research only,2026-05-31T14:32:43.816845+00:00,sharpedge_2_1_confidence_weights_v1
CLEAN_BREAKDOWN,DOWN,LIQUIDITY_VACUUM_CONTINUATION,high,NO_SETUP,3,0.0,0.0,1.0,,,0.015507152995387054,0.015336327670040428,0.0021612268750528982,0.0012907726651272002,149.31085100432264,0.13578058650608862,,0.0,0.6419753086419754,BOOTSTRAP_OK,2244.938916995129,2026-05-31T12:26:15.458599+00:00,MICRO_SAMPLE,0.27386127875258304,25.0,0.0,0.35159758710249833,0.33136094674556216,0.9408284023668639,0.0,29.83402961827553,25.0,NO_CONFIDENCE,0,RESEARCH_ONLY,micro sample: research only,2026-05-31T14:32:43.816845+00:00,sharpedge_2_1_confidence_weights_v1
UNCLASSIFIED,DOWN,DIRECT_FILL,high,NO_SETUP,2,1.0,1.0,0.0,29.99999988824129,29.99999988824129,0.0003380090596740238,0.0003380090596740238,0.012050929982451657,0.012050929982451657,,172.18489196565483,,0.0,0.0,LOW_SAMPLE,6912.392298535597,2026-05-31T12:26:15.458599+00:00,MICRO_SAMPLE,0.22360679774997896,25.0,1.0,0.7474649320524449,0.9822485207100592,0.9822485207100592,1.0,80.15156555708802,25.0,NO_CONFIDENCE,0,RESEARCH_ONLY,micro sample: research only,2026-05-31T14:32:43.816845+00:00,sharpedge_2_1_confidence_weights_v1
FAILED_BREAKDOWN,UP,UNCLASSIFIED,low,NO_SETUP,2,1.0,0.0,0.0,165.00000022351742,165.00000022351742,0.0008497114690235352,0.0008497114690235352,0.012988243467287539,0.012988243467287539,,17.032687320946152,,0.0,0.0,LOW_SAMPLE,706.2989957231558,2026-05-31T12:26:15.458599+00:00,MICRO_SAMPLE,0.22360679774997896,25.0,0.45,0.7436271639823235,0.9171597633136095,0.9053254437869822,1.0,69.7138215212433,25.0,NO_CONFIDENCE,0,RESEARCH_ONLY,micro sample: research only,2026-05-31T14:32:43.816845+00:00,sharpedge_2_1_confidence_weights_v1
FAILED_BREAKDOWN,UP,DIRECT_FILL,mid,NO_SETUP,2,1.0,1.0,0.0,45.0,45.0,0.0014413283630267527,0.0014413283630267527,0.021922412561514698,0.021922412561514698,,15.712527584146898,,0.0,0.0,LOW_SAMPLE,653.4866900822457,2026-05-31T12:26:15.458599+00:00,MICRO_SAMPLE,0.22360679774997896,25.0,1.0,0.7391900372772995,0.9053254437869822,0.893491124260355,1.0,77.54223503486914,25.0,NO_CONFIDENCE,0,RESEARCH_ONLY,micro sample: research only,2026-05-31T14:32:43.816845+00:00,sharpedge_2_1_confidence_weights_v1
