session_date,symbol,cutoff_ny,ret_open_to_cutoff,orbrange_pct,orb_break_strength,range_pct_to_cutoff,true_range_pct_to_cutoff,hhll_persistence,vwap_proxy,prob_trend,prob_range,model_version,wall_strike,gamma_proxy,dealer_state_hint,spot,dist_to_wall_pct,prob_trend_fused,prob_range_fused
2025-01-02,SPY,11:30,-0.24601706849453064,0.8211880079404185,0.0,0.9857649434160842,0.9857649434160842,0.375,-1.0,0.27572217025217066,0.7242778297478294,logreg_np_fused_cutoff_11:30_l21.0_lr0.2_steps400,,,,,,0.27572217025217066,0.7242778297478294
2025-01-03,SPY,11:30,0.5335806923783881,0.510603533376451,0.3783333333333303,0.7233550056166389,0.7233550056166389,0.75,1.0,0.32988458446509694,0.6701154155349031,logreg_np_fused_cutoff_11:30_l21.0_lr0.2_steps400,,,,,,0.32988458446509694,0.6701154155349031
2025-01-06,SPY,11:30,0.5847756961515627,0.5143005763858101,0.15008156606852469,0.6334370883707815,0.6334370883707815,0.875,1.0,0.33805936441307305,0.661940635586927,logreg_np_fused_cutoff_11:30_l21.0_lr0.2_steps400,,,,,,0.33805936441307305,0.661940635586927
2025-01-07,SPY,11:30,-0.8603446400026749,1.153263534945222,0.0,1.2386284700427626,1.2386284700427626,0.625,-1.0,0.28252512321634465,0.7174748767836554,logreg_np_fused_cutoff_11:30_l21.0_lr0.2_steps400,,,,,,0.28252512321634465,0.7174748767836554
2025-01-08,SPY,11:30,0.176666440171247,0.4467622477407266,0.39163498098856653,0.650608140245981,0.650608140245981,0.625,1.0,0.3198921878697357,0.6801078121302643,logreg_np_fused_cutoff_11:30_l21.0_lr0.2_steps400,,,,,,0.3198921878697357,0.6801078121302643
2025-01-10,SPY,11:30,-0.9071978425247984,1.1350640927168105,0.0,1.1930974448256455,1.1930974448256455,0.625,-1.0,0.28204466033227654,0.7179553396677234,logreg_np_fused_cutoff_11:30_l21.0_lr0.2_steps400,,,,,,0.28204466033227654,0.7179553396677234
2025-01-13,SPY,11:30,0.41770876754203545,0.5827080728081176,0.0,0.6313394469918006,0.6313394469918006,0.375,1.0,0.31046279935639387,0.6895372006436061,logreg_np_fused_cutoff_11:30_l21.0_lr0.2_steps400,,,,,,0.31046279935639387,0.6895372006436061
2025-01-14,SPY,11:30,-0.8231509052948671,0.5151110654755777,-0.8139534883721106,0.9378101790053767,0.9378101790053767,0.625,-1.0,0.2883445867494106,0.7116554132505895,logreg_np_fused_cutoff_11:30_l21.0_lr0.2_steps400,,,,,,0.2883445867494106,0.7116554132505895
2025-01-15,SPY,11:30,-0.12530267368813242,0.6231268096923226,0.0,0.6231268096923226,0.6231268096923226,0.625,-1.0,0.2885339574093402,0.7114660425906598,logreg_np_fused_cutoff_11:30_l21.0_lr0.2_steps400,,,,,,0.2885339574093402,0.7114660425906598
2025-01-16,SPY,11:30,-0.2895330438002719,0.4881661785004844,0.0,0.5058411608255051,0.5058411608255051,0.75,-1.0,0.2935024242799943,0.7064975757200057,logreg_np_fused_cutoff_11:30_l21.0_lr0.2_steps400,,,,,,0.2935024242799943,0.7064975757200057
2025-01-17,SPY,11:30,0.28310578775441186,0.3274981154200397,0.4910485933504205,0.556160482452456,0.556160482452456,0.75,1.0,0.3270756043129383,0.6729243956870616,logreg_np_fused_cutoff_11:30_l21.0_lr0.2_steps400,,,,,,0.3270756043129383,0.6729243956870616
2025-01-21,SPY,11:30,-0.06657900431098485,0.4544017044225134,0.0,0.4544017044225134,0.4544017044225134,0.375,-1.0,0.27672865289193344,0.7232713471080665,logreg_np_fused_cutoff_11:30_l21.0_lr0.2_steps400,,,,,,0.27672865289193344,0.7232713471080665
2025-01-22,SPY,11:30,0.24837852557226814,0.27891010512764525,0.22189349112426812,0.38370768900698854,0.38370768900698854,0.625,1.0,0.32115262436590136,0.6788473756340987,logreg_np_fused_cutoff_11:30_l21.0_lr0.2_steps400,,,,,,0.32115262436590136,0.6788473756340987
2025-01-23,SPY,11:30,0.2839267733042883,0.16012149424718586,1.0154639175257587,0.33757572756236864,0.33757572756236864,0.75,1.0,0.32400970896379006,0.6759902910362099,logreg_np_fused_cutoff_11:30_l21.0_lr0.2_steps400,,,,,,0.32400970896379006,0.6759902910362099
2025-01-24,SPY,11:30,0.05247665198961915,0.2689428414467135,0.0,0.2689428414467135,0.2689428414467135,0.5,1.0,0.313654555401302,0.6863454445986981,logreg_np_fused_cutoff_11:30_l21.0_lr0.2_steps400,,,,,,0.313654555401302,0.6863454445986981
2025-01-27,SPY,11:30,0.3160620019501792,0.8338657072727944,0.0,0.8338657072727944,0.8338657072727944,0.5,1.0,0.31587063613707966,0.6841293638629203,logreg_np_fused_cutoff_11:30_l21.0_lr0.2_steps400,,,,,,0.31587063613707966,0.6841293638629203
2025-01-28,SPY,11:30,0.14066687752825047,0.8989362587604629,0.0,1.0321120007990432,1.0321120007990432,0.625,1.0,0.32137262054710014,0.6786273794528999,logreg_np_fused_cutoff_11:30_l21.0_lr0.2_steps400,,,,,,0.32137262054710014,0.6786273794528999
2025-01-29,SPY,11:30,-0.19131543857616728,0.2666821265000892,0.0,0.3461898412330374,0.3461898412330374,0.5,-1.0,0.2821250896964995,0.7178749103035005,logreg_np_fused_cutoff_11:30_l21.0_lr0.2_steps400,,,,,,0.2821250896964995,0.7178749103035005
2025-01-30,SPY,11:30,-0.1465146887183688,0.6274470850199206,0.0,0.8542551342223682,0.8542551342223682,0.5,-1.0,0.28292239342898134,0.7170776065710187,logreg_np_fused_cutoff_11:30_l21.0_lr0.2_steps400,,,,,,0.28292239342898134,0.7170776065710187
2025-01-31,SPY,11:30,0.22386831275720276,0.40329218106994763,0.0,0.4724279835390954,0.4724279835390954,0.75,1.0,0.3286783471809113,0.6713216528190886,logreg_np_fused_cutoff_11:30_l21.0_lr0.2_steps400,,,,,,0.3286783471809113,0.6713216528190886
2025-02-03,SPY,11:30,1.0548345175608764,1.362002329074604,0.024783147459733215,1.4750805893571433,1.4750805893571433,0.5,1.0,0.32264732615877223,0.6773526738412278,logreg_np_fused_cutoff_11:30_l21.0_lr0.2_steps400,,,,,,0.32264732615877223,0.6773526738412278
2025-02-04,SPY,11:30,0.6534088532298199,0.660938532716465,0.07088607594935936,0.7956361324219815,0.7956361324219815,0.75,1.0,0.33238369754540076,0.6676163024545992,logreg_np_fused_cutoff_11:30_l21.0_lr0.2_steps400,,,,,,0.33238369754540076,0.6676163024545992
2025-02-05,SPY,11:30,0.19646201873046998,0.4070759625390302,0.2965235173823698,0.5336108220603606,0.5336108220603606,0.625,1.0,0.3203228392752512,0.6796771607247488,logreg_np_fused_cutoff_11:30_l21.0_lr0.2_steps400,,,,,,0.3203228392752512,0.6796771607247488
2025-02-06,SPY,11:30,-0.1600686479974911,0.28135777818116486,0.0,0.31766200762389946,0.31766200762389946,0.75,-1.0,0.2947216006111683,0.7052783993888316,logreg_np_fused_cutoff_11:30_l21.0_lr0.2_steps400,,,,,,0.2947216006111683,0.7052783993888316
2025-02-07,SPY,11:30,-0.7810955111726359,0.7052929932107265,-0.4007009345794492,1.1164392591127772,1.1164392591127772,0.625,-1.0,0.2864696911389928,0.7135303088610072,logreg_np_fused_cutoff_11:30_l21.0_lr0.2_steps400,,,,,,0.2864696911389928,0.7135303088610072
2025-02-10,SPY,11:30,0.024833614780961355,0.36919307307705346,0.0,0.42465481275453476,0.42465481275453476,0.5,1.0,0.3135862035070644,0.6864137964929355,logreg_np_fused_cutoff_11:30_l21.0_lr0.2_steps400,,,,,,0.3135862035070644,0.6864137964929355
2025-02-11,SPY,11:30,0.3758961763144164,0.33191715347849177,0.1775000000000091,0.4563860860329262,0.4563860860329262,0.75,1.0,0.3292891838221045,0.6707108161778955,logreg_np_fused_cutoff_11:30_l21.0_lr0.2_steps400,,,,,,0.3292891838221045,0.6707108161778955
2025-02-12,SPY,11:30,0.4864697979857002,0.7943726375341055,0.0,0.7943726375341055,0.7943726375341055,0.625,1.0,0.3240271625475094,0.6759728374524906,logreg_np_fused_cutoff_11:30_l21.0_lr0.2_steps400,,,,,,0.3240271625475094,0.6759728374524906
2025-02-13,SPY,11:30,0.3490545749309293,0.70141772403183,0.0,0.70141772403183,0.70141772403183,0.625,1.0,0.32280828107089077,0.6771917189291092,logreg_np_fused_cutoff_11:30_l21.0_lr0.2_steps400,,,,,,0.32280828107089077,0.6771917189291092
2025-02-14,SPY,11:30,0.022953077351872686,0.20001967406630605,0.0,0.25740236744598644,0.25740236744598644,0.5,1.0,0.3136150673239039,0.6863849326760961,logreg_np_fused_cutoff_11:30_l21.0_lr0.2_steps400,,,,,,0.3136150673239039,0.6863849326760961
2025-02-18,SPY,11:30,-0.11540633670822364,0.2692814523191733,0.0,0.2692814523191733,0.2692814523191733,0.625,-1.0,0.2886948592256121,0.7113051407743879,logreg_np_fused_cutoff_11:30_l21.0_lr0.2_steps400,,,,,,0.2886948592256121,0.7113051407743879
2025-02-19,SPY,11:30,0.2598126398439593,0.20326036177066154,0.6532258064515641,0.3360352755079386,0.3360352755079386,0.5,1.0,0.31242008962811996,0.68757991037188,logreg_np_fused_cutoff_11:30_l21.0_lr0.2_steps400,,,,,,0.31242008962811996,0.68757991037188
2025-02-20,SPY,11:30,-0.5821369002845134,0.7472937175000715,0.0,0.7472937175000715,0.7472937175000715,0.5,-1.0,0.2785009347437538,0.7214990652562462,logreg_np_fused_cutoff_11:30_l21.0_lr0.2_steps400,,,,,,0.2785009347437538,0.7214990652562462
2025-02-21,SPY,11:30,-0.5424362104849201,0.7259795808000629,0.0,0.7259795808000629,0.7259795808000629,0.75,-1.0,0.29123045394568997,0.70876954605431,logreg_np_fused_cutoff_11:30_l21.0_lr0.2_steps400,,,,,,0.29123045394568997,0.70876954605431
2025-02-24,SPY,11:30,-0.28321553449665027,1.0797073162628839,0.0,1.0797073162628839,1.0797073162628839,0.375,-1.0,0.2748112352688932,0.7251887647311068,logreg_np_fused_cutoff_11:30_l21.0_lr0.2_steps400,,,,,,0.2748112352688932,0.7251887647311068
2025-02-25,SPY,11:30,-1.0173664026258966,1.2267010533719702,0.0,1.3832833721300204,1.3832833721300204,0.75,-1.0,0.28763131718847096,0.712368682811529,logreg_np_fused_cutoff_11:30_l21.0_lr0.2_steps400,,,,,,0.28763131718847096,0.712368682811529
2025-02-26,SPY,11:30,0.4488104426026096,0.6946075635045781,0.0,0.743263648870835,0.743263648870835,0.625,1.0,0.32388862740373325,0.6761113725962667,logreg_np_fused_cutoff_11:30_l21.0_lr0.2_steps400,,,,,,0.32388862740373325,0.6761113725962667
2025-02-27,SPY,11:30,-0.5093151052137701,1.2397801903230092,0.0,1.2397801903230092,1.2397801903230092,0.625,-1.0,0.2851594233706629,0.7148405766293371,logreg_np_fused_cutoff_11:30_l21.0_lr0.2_steps400,,,,,,0.2851594233706629,0.7148405766293371
2025-02-28,SPY,11:30,0.4236709033756947,0.892613092797579,0.0,0.9703430367636924,0.9703430367636924,0.625,1.0,0.32372220577537814,0.6762777942246219,logreg_np_fused_cutoff_11:30_l21.0_lr0.2_steps400,,,,,,0.32372220577537814,0.6762777942246219
2025-03-03,SPY,11:30,-0.8202220805796911,1.1020161696132125,0.0,1.1020161696132125,1.1020161696132125,0.625,-1.0,0.28258175480791536,0.7174182451920846,logreg_np_fused_cutoff_11:30_l21.0_lr0.2_steps400,,,,,,0.28258175480791536,0.7174182451920846
2025-03-04,SPY,11:30,-0.7762501940625444,1.365337841334454,0.0,1.365337841334454,1.365337841334454,0.625,-1.0,0.2828929741388068,0.7171070258611931,logreg_np_fused_cutoff_11:30_l21.0_lr0.2_steps400,,,,,,0.2828929741388068,0.7171070258611931
2025-03-05,SPY,11:30,-0.5774733373796859,0.7821035290037269,-0.37694013303767965,1.0803780456082577,1.0803780456082577,0.75,-1.0,0.29393449606116745,0.7060655039388326,logreg_np_fused_cutoff_11:30_l21.0_lr0.2_steps400,,,,,,0.29393449606116745,0.7060655039388326
2025-03-06,SPY,11:30,0.20417560839987026,1.1207937652588766,0.0,1.1459899041677937,1.1459899041677937,0.625,1.0,0.3214981430456321,0.6785018569543679,logreg_np_fused_cutoff_11:30_l21.0_lr0.2_steps400,,,,,,0.3214981430456321,0.6785018569543679
2025-03-07,SPY,11:30,-0.6647340625848375,1.3312197300776678,-0.1763157894736905,1.6929261435790481,1.6929261435790481,0.75,-1.0,0.29223259980807187,0.7077674001919281,logreg_np_fused_cutoff_11:30_l21.0_lr0.2_steps400,,,,,,0.29223259980807187,0.7077674001919281
2025-03-11,SPY,11:30,0.020562518997979673,1.4125556529046754,0.0,1.4125556529046754,1.4125556529046754,0.25,1.0,0.3001775677316155,0.6998224322683845,logreg_np_fused_cutoff_11:30_l21.0_lr0.2_steps400,,,,,,0.3001775677316155,0.6998224322683845
2025-03-12,SPY,11:30,-0.7444102527615293,1.1837634963268797,0.0,1.6586919013145103,1.6586919013145103,0.625,-1.0,0.2848166587348895,0.7151833412651105,logreg_np_fused_cutoff_11:30_l21.0_lr0.2_steps400,,,,,,0.2848166587348895,0.7151833412651105
2025-03-13,SPY,11:30,-0.7118616749791862,0.8157307998817951,-0.010976948408357577,1.1506191853437002,1.1506191853437002,0.75,-1.0,0.29098381883122837,0.7090161811687716,logreg_np_fused_cutoff_11:30_l21.0_lr0.2_steps400,,,,,,0.29098381883122837,0.7090161811687716
2025-03-14,SPY,11:30,1.0932695592757113,0.7282469926096334,0.6271604938271866,1.186772876845346,1.186772876845346,0.875,1.0,0.3412715560236705,0.6587284439763295,logreg_np_fused_cutoff_11:30_l21.0_lr0.2_steps400,,,,,,0.3412715560236705,0.6587284439763295
2025-03-17,SPY,11:30,0.09505787869903415,0.6840613700772052,0.0,0.6840613700772052,0.6840613700772052,0.375,1.0,0.3074241303842927,0.6925758696157073,logreg_np_fused_cutoff_11:30_l21.0_lr0.2_steps400,,,,,,0.3074241303842927,0.6925758696157073
2025-03-18,SPY,11:30,-0.7967563165070191,0.8144620124293825,0.0,0.9631898581773654,0.9631898581773654,0.75,-1.0,0.2895626080304137,0.7104373919695863,logreg_np_fused_cutoff_11:30_l21.0_lr0.2_steps400,,,,,,0.2895626080304137,0.7104373919695863
2025-03-19,SPY,11:30,0.40864914805536223,0.6591688431675703,0.0,0.6591688431675703,0.6591688431675703,0.625,1.0,0.3233557593034795,0.6766442406965205,logreg_np_fused_cutoff_11:30_l21.0_lr0.2_steps400,,,,,,0.3233557593034795,0.6766442406965205
2025-03-20,SPY,11:30,1.0521455778809585,1.381551492981252,0.0,1.395757677999041,1.395757677999041,0.75,1.0,0.3358245819825693,0.6641754180174306,logreg_np_fused_cutoff_11:30_l21.0_lr0.2_steps400,,,,,,0.3358245819825693,0.6641754180174306
2025-03-21,SPY,11:30,-0.018776488260230373,0.411294504747761,0.0,0.6562829706192591,0.6562829706192591,0.5,-1.0,0.28410129814016594,0.7158987018598341,logreg_np_fused_cutoff_11:30_l21.0_lr0.2_steps400,,,,,,0.28410129814016594,0.7158987018598341
2025-03-24,SPY,11:30,0.4537809236807133,0.5291190693110909,0.013245033112608459,0.6447543626042581,0.6447543626042581,0.625,1.0,0.32414411745336674,0.6758558825466332,logreg_np_fused_cutoff_11:30_l21.0_lr0.2_steps400,,,,,,0.32414411745336674,0.6758558825466332
2025-03-25,SPY,11:30,0.022592978797364438,0.3988529718456655,0.0,0.4188390684740995,0.4188390684740995,0.375,1.0,0.30692358015316656,0.6930764198468334,logreg_np_fused_cutoff_11:30_l21.0_lr0.2_steps400,,,,,,0.30692358015316656,0.6930764198468334
2025-03-26,SPY,11:30,-0.5537156318182301,0.6362948861710315,-0.14480874316938822,0.7353899913943756,0.7353899913943756,0.625,-1.0,0.28600533904274017,0.7139946609572598,logreg_np_fused_cutoff_11:30_l21.0_lr0.2_steps400,,,,,,0.28600533904274017,0.7139946609572598
2025-03-27,SPY,11:30,0.21333427364969015,0.9758720699595315,0.0,1.0366987843472582,1.0366987843472582,0.625,1.0,0.32174437064450245,0.6782556293554975,logreg_np_fused_cutoff_11:30_l21.0_lr0.2_steps400,,,,,,0.32174437064450245,0.6782556293554975
2025-03-28,SPY,11:30,-1.1204952465178053,1.3875746186159676,0.0,1.501658191465843,1.501658191465843,0.625,-1.0,0.28040166289711327,0.7195983371028867,logreg_np_fused_cutoff_11:30_l21.0_lr0.2_steps400,,,,,,0.28040166289711327,0.7195983371028867
2025-03-31,SPY,11:30,0.6129167197133745,0.8966407798774075,0.26774847870183843,1.2458396231562316,1.2458396231562316,0.875,1.0,0.3384223617362836,0.6615776382637164,logreg_np_fused_cutoff_11:30_l21.0_lr0.2_steps400,,,,,,0.3384223617362836,0.6615776382637164
2025-04-01,SPY,11:30,0.6547672436989727,0.8772087182706945,0.5153374233128811,1.4656022961700526,1.4656022961700526,0.75,1.0,0.331528011679947,0.668471988320053,logreg_np_fused_cutoff_11:30_l21.0_lr0.2_steps400,,,,,,0.331528011679947,0.668471988320053
2025-04-02,SPY,11:30,1.3061180370397052,1.2007278230164955,0.12303075768943053,1.604273257908765,1.604273257908765,0.5,1.0,0.32547500147465147,0.6745249985253485,logreg_np_fused_cutoff_11:30_l21.0_lr0.2_steps400,,,,,,0.32547500147465147,0.6745249985253485
2025-04-03,SPY,11:30,-0.2256342523801691,1.1648597582228133,0.0,1.5317447214425959,1.5317447214425959,0.5,-1.0,0.2826207538060005,0.7173792461939995,logreg_np_fused_cutoff_11:30_l21.0_lr0.2_steps400,,,,,,0.2826207538060005,0.7173792461939995
2025-04-04,SPY,11:30,-1.4714307539531069,2.142693453517689,0.0,3.0116110304789627,3.0116110304789627,0.625,-1.0,0.279870899073964,0.720129100926036,logreg_np_fused_cutoff_11:30_l21.0_lr0.2_steps400,,,,,,0.279870899073964,0.720129100926036
2025-04-07,SPY,11:30,2.9766529010099463,8.424990800179904,0.0,8.424990800179904,8.424990800179904,0.625,1.0,0.3450901953716989,0.6549098046283011,logreg_np_fused_cutoff_11:30_l21.0_lr0.2_steps400,,,,,,0.3450901953716989,0.6549098046283011
2025-04-08,SPY,11:30,-0.8966376089663886,1.3775265830060455,-0.07232267037551848,2.0729954976530416,2.0729954976530416,0.625,-1.0,0.28462237429293397,0.7153776257070661,logreg_np_fused_cutoff_11:30_l21.0_lr0.2_steps400,,,,,,0.28462237429293397,0.7153776257070661
2025-04-09,SPY,11:30,0.060640362225083955,2.0041639715394495,0.0,2.135551423027166,2.135551423027166,0.5,1.0,0.31380463663999253,0.6861953633600075,logreg_np_fused_cutoff_11:30_l21.0_lr0.2_steps400,,,,,,0.31380463663999253,0.6861953633600075
2025-04-10,SPY,11:30,-1.9814724341388201,1.283400353263941,-0.7020497803806633,2.2154158367469585,2.2154158367469585,0.625,-1.0,0.27962017287716584,0.7203798271228341,logreg_np_fused_cutoff_11:30_l21.0_lr0.2_steps400,,,,,,0.27962017287716584,0.7203798271228341
2025-04-11,SPY,11:30,0.45698770530984145,1.6644677718503083,0.0,1.6644677718503083,1.6644677718503083,0.625,1.0,0.32355874140810525,0.6764412585918947,logreg_np_fused_cutoff_11:30_l21.0_lr0.2_steps400,,,,,,0.32355874140810525,0.6764412585918947
2025-04-14,SPY,11:30,-1.070663811563155,0.8804256922553719,-0.21607515657619542,1.306853167418717,1.306853167418717,0.625,-1.0,0.2830959372273416,0.7169040627726584,logreg_np_fused_cutoff_11:30_l21.0_lr0.2_steps400,,,,,,0.2830959372273416,0.7169040627726584
2025-04-15,SPY,11:30,0.1315618804084151,0.9320510682454254,0.0,0.9320510682454254,0.9320510682454254,0.5,1.0,0.31420571569127625,0.6857942843087237,logreg_np_fused_cutoff_11:30_l21.0_lr0.2_steps400,,,,,,0.31420571569127625,0.6857942843087237
2025-04-16,SPY,11:30,0.3075360437886143,0.739215077730431,0.0,0.9856201036405889,0.9856201036405889,0.625,1.0,0.32332777168630134,0.6766722283136987,logreg_np_fused_cutoff_11:30_l21.0_lr0.2_steps400,,,,,,0.32332777168630134,0.6766722283136987
2025-04-17,SPY,11:30,-0.09099008587190038,1.0065778249578337,0.0,1.0065778249578337,1.0065778249578337,0.5,-1.0,0.28253473000843055,0.7174652699915695,logreg_np_fused_cutoff_11:30_l21.0_lr0.2_steps400,,,,,,0.28253473000843055,0.7174652699915695
2025-04-21,SPY,11:30,-1.7920528022410287,1.243308582282856,-0.5108024691357926,1.88990579251328,1.88990579251328,1.0,-1.0,0.29799212013958515,0.7020078798604148,logreg_np_fused_cutoff_11:30_l21.0_lr0.2_steps400,,,,,,0.29799212013958515,0.7020078798604148
2025-04-22,SPY,11:30,0.703602599100317,0.9016109808143222,0.0,1.2687915721480851,1.2687915721480851,0.75,1.0,0.33405240497213623,0.6659475950278637,logreg_np_fused_cutoff_11:30_l21.0_lr0.2_steps400,,,,,,0.33405240497213623,0.6659475950278637
2025-04-23,SPY,11:30,-0.468128411508939,1.0546766583402594,-0.29298245614036716,1.5339069294106693,1.5339069294106693,0.625,-1.0,0.2887122604137291,0.7112877395862709,logreg_np_fused_cutoff_11:30_l21.0_lr0.2_steps400,,,,,,0.2887122604137291,0.7112877395862709
2025-04-24,SPY,11:30,1.0844249007806894,1.4291304104790399,0.0,1.537200245952039,1.537200245952039,0.75,1.0,0.33646140412926556,0.6635385958707345,logreg_np_fused_cutoff_11:30_l21.0_lr0.2_steps400,,,,,,0.33646140412926556,0.6635385958707345
2025-04-25,SPY,11:30,-0.2612731126215073,0.7801651684572063,0.0,0.7801651684572063,0.7801651684572063,0.625,-1.0,0.28734971498711004,0.71265028501289,logreg_np_fused_cutoff_11:30_l21.0_lr0.2_steps400,,,,,,0.28734971498711004,0.71265028501289
2025-04-28,SPY,11:30,-0.6603054819867227,0.6902369118020444,-0.5545335085414038,1.158255632550882,1.158255632550882,0.5,-1.0,0.2822859437516798,0.7177140562483202,logreg_np_fused_cutoff_11:30_l21.0_lr0.2_steps400,,,,,,0.2822859437516798,0.7177140562483202
2025-04-29,SPY,11:30,0.6923062908779753,0.7050593014993906,0.0,0.7706462132667781,0.7706462132667781,0.625,1.0,0.3261521426404013,0.6738478573595987,logreg_np_fused_cutoff_11:30_l21.0_lr0.2_steps400,,,,,,0.3261521426404013,0.6738478573595987
2025-04-30,SPY,11:30,0.3926725476229631,1.0976567494018576,0.35607321131447417,1.5049403685642813,1.5049403685642813,0.875,1.0,0.33606010468597014,0.6639398953140299,logreg_np_fused_cutoff_11:30_l21.0_lr0.2_steps400,,,,,,0.33606010468597014,0.6639398953140299
2025-05-01,SPY,11:30,0.29442729430237957,0.7119787298584981,0.0,0.9252154672472045,0.9252154672472045,0.625,1.0,0.32309423953676236,0.6769057604632376,logreg_np_fused_cutoff_11:30_l21.0_lr0.2_steps400,,,,,,0.32309423953676236,0.6769057604632376
2025-05-02,SPY,11:30,0.19743598824237818,0.6888125509083802,0.0,0.6888125509083802,0.6888125509083802,0.5,1.0,0.314847259499737,0.685152740500263,logreg_np_fused_cutoff_11:30_l21.0_lr0.2_steps400,,,,,,0.314847259499737,0.685152740500263
2025-05-05,SPY,11:30,0.3057234269463249,0.5314610735869194,0.0,0.6309989335229211,0.6309989335229211,0.625,1.0,0.3228214881545858,0.6771785118454142,logreg_np_fused_cutoff_11:30_l21.0_lr0.2_steps400,,,,,,0.3228214881545858,0.6771785118454142
2025-05-06,SPY,11:30,0.5036428974701357,0.7724914192513368,0.0,0.8854077983994447,0.8854077983994447,0.75,1.0,0.33130576405444007,0.6686942359455599,logreg_np_fused_cutoff_11:30_l21.0_lr0.2_steps400,,,,,,0.33130576405444007,0.6686942359455599
2025-05-07,SPY,11:30,-0.03659407354517086,0.4248482684755639,0.0,0.6247768654052124,0.6247768654052124,0.375,-1.0,0.2776538948212946,0.7223461051787055,logreg_np_fused_cutoff_11:30_l21.0_lr0.2_steps400,,,,,,0.2776538948212946,0.7223461051787055
2025-05-08,SPY,11:30,0.6722332295499678,0.5793589017831831,1.0595419847328402,1.3710019813189924,1.3710019813189924,0.5,1.0,0.31615607772193943,0.6838439222780606,logreg_np_fused_cutoff_11:30_l21.0_lr0.2_steps400,,,,,,0.31615607772193943,0.6838439222780606
2025-05-09,SPY,11:30,-0.33363342689191056,0.809369980052611,0.0,0.809369980052611,0.809369980052611,0.5,-1.0,0.2805522739936074,0.7194477260063926,logreg_np_fused_cutoff_11:30_l21.0_lr0.2_steps400,,,,,,0.2805522739936074,0.7194477260063926
2025-05-12,SPY,11:30,-0.46347650371899585,0.7807730340943229,0.0,0.7807730340943229,0.7807730340943229,0.625,-1.0,0.28564441241660493,0.7143555875833951,logreg_np_fused_cutoff_11:30_l21.0_lr0.2_steps400,,,,,,0.28564441241660493,0.7143555875833951
2025-05-13,SPY,11:30,0.7738319679155392,0.8518150344496669,0.020120724346080924,0.8972337435299786,0.8972337435299786,0.625,1.0,0.32667074175871275,0.6733292582412873,logreg_np_fused_cutoff_11:30_l21.0_lr0.2_steps400,,,,,,0.32667074175871275,0.6733292582412873
2025-05-14,SPY,11:30,0.056138679550188364,0.4329483013796629,0.0,0.5367197999421748,0.5367197999421748,0.5,1.0,0.31402401591582507,0.6859759840841749,logreg_np_fused_cutoff_11:30_l21.0_lr0.2_steps400,,,,,,0.31402401591582507,0.6859759840841749
2025-05-15,SPY,11:30,0.6233136377608473,0.3449571365142221,1.0445544554455608,0.7334608422418728,0.7334608422418728,0.75,1.0,0.32765660442902445,0.6723433955709756,logreg_np_fused_cutoff_11:30_l21.0_lr0.2_steps400,,,,,,0.32765660442902445,0.6723433955709756
2025-05-16,SPY,11:30,0.03213421956129725,0.38983882151979027,0.0,0.38983882151979027,0.38983882151979027,0.625,1.0,0.3200288021117407,0.6799711978882593,logreg_np_fused_cutoff_11:30_l21.0_lr0.2_steps400,,,,,,0.3200288021117407,0.6799711978882593
2025-05-19,SPY,11:30,0.8824279520530665,0.8705262263028148,0.013671875000009758,0.9470373204114683,0.9470373204114683,0.625,1.0,0.32780339288608346,0.6721966071139165,logreg_np_fused_cutoff_11:30_l21.0_lr0.2_steps400,,,,,,0.32780339288608346,0.6721966071139165
2025-05-20,SPY,11:30,-0.06997074716954543,0.31191778858718483,0.0,0.3211910201397683,0.3211910201397683,0.5,-1.0,0.28289153301929076,0.7171084669807093,logreg_np_fused_cutoff_11:30_l21.0_lr0.2_steps400,,,,,,0.28289153301929076,0.7171084669807093
2025-05-21,SPY,11:30,0.5606714465323348,0.46382819667673114,0.20879120879123442,0.6150395868021347,0.6150395868021347,0.625,1.0,0.32416804736939947,0.6758319526306005,logreg_np_fused_cutoff_11:30_l21.0_lr0.2_steps400,,,,,,0.32416804736939947,0.6758319526306005
2025-05-22,SPY,11:30,0.22569101784075674,0.6264427491397101,0.0,0.6264427491397101,0.6264427491397101,0.5,1.0,0.3151130422354699,0.6848869577645301,logreg_np_fused_cutoff_11:30_l21.0_lr0.2_steps400,,,,,,0.3151130422354699,0.6848869577645301
2025-05-23,SPY,11:30,0.5626269817840868,0.5591539757236924,0.07453416149068542,0.7067567332905084,0.7067567332905084,0.625,1.0,0.32489767532296904,0.6751023246770309,logreg_np_fused_cutoff_11:30_l21.0_lr0.2_steps400,,,,,,0.32489767532296904,0.6751023246770309
2025-05-27,SPY,11:30,0.47432988107627416,0.6398334726748451,0.17333333333332726,0.7746250575850062,0.7746250575850062,0.875,1.0,0.3369374476067663,0.6630625523932336,logreg_np_fused_cutoff_11:30_l21.0_lr0.2_steps400,,,,,,0.3369374476067663,0.6630625523932336
2025-05-28,SPY,11:30,-0.40231585175167783,0.5434644804124636,-0.10886469673402974,0.6355914296581144,0.6355914296581144,0.875,-1.0,0.299702169786451,0.700297830213549,logreg_np_fused_cutoff_11:30_l21.0_lr0.2_steps400,,,,,,0.299702169786451,0.700297830213549
2025-05-29,SPY,11:30,-0.6651492159838179,0.7755859045692164,0.0,0.7755859045692164,0.7755859045692164,0.5,-1.0,0.27780730632700756,0.7221926936729924,logreg_np_fused_cutoff_11:30_l21.0_lr0.2_steps400,,,,,,0.27780730632700756,0.7221926936729924
2025-05-30,SPY,11:30,-0.23770714479762756,0.587476229285507,0.0,0.587476229285507,0.587476229285507,0.625,-1.0,0.28759072384442214,0.7124092761555778,logreg_np_fused_cutoff_11:30_l21.0_lr0.2_steps400,,,,,,0.28759072384442214,0.7124092761555778
2025-06-02,SPY,11:30,0.2194773376888559,0.777528242820188,0.0,0.777528242820188,0.777528242820188,0.5,1.0,0.3150231325051796,0.6849768674948205,logreg_np_fused_cutoff_11:30_l21.0_lr0.2_steps400,,,,,,0.3150231325051796,0.6849768674948205
2025-06-03,SPY,11:30,0.4869773644143871,0.34096855324679404,0.7103960396039961,0.6026028391539822,0.6026028391539822,0.75,1.0,0.3278196285930638,0.6721803714069362,logreg_np_fused_cutoff_11:30_l21.0_lr0.2_steps400,,,,,,0.3278196285930638,0.6721803714069362
2025-06-04,SPY,11:30,-0.09631732790607028,0.3953198154057495,0.0,0.3953198154057495,0.3953198154057495,0.5,-1.0,0.282621649976768,0.717378350023232,logreg_np_fused_cutoff_11:30_l21.0_lr0.2_steps400,,,,,,0.282621649976768,0.717378350023232
2025-06-05,SPY,11:30,0.15728005889636965,0.6609108857879138,0.18227848101266303,0.8114981762205976,0.8114981762205976,0.75,1.0,0.32729317385435297,0.672706826145647,logreg_np_fused_cutoff_11:30_l21.0_lr0.2_steps400,,,,,,0.32729317385435297,0.672706826145647
2025-06-06,SPY,11:30,-0.01586983395142072,0.4610604390097398,0.0,0.5913601282950917,0.5913601282950917,0.625,-1.0,0.28994619608443,0.7100538039155699,logreg_np_fused_cutoff_11:30_l21.0_lr0.2_steps400,,,,,,0.28994619608443,0.7100538039155699
2025-06-09,SPY,11:30,-0.023343059608171846,0.3084618591079654,0.0,0.3084618591079654,0.3084618591079654,0.5,-1.0,0.28325112031950467,0.7167488796804953,logreg_np_fused_cutoff_11:30_l21.0_lr0.2_steps400,,,,,,0.28325112031950467,0.7167488796804953
2025-06-10,SPY,11:30,0.08245396320387677,0.25319196781796527,0.0,0.4314257872687802,0.4314257872687802,0.625,1.0,0.32116296391777394,0.678837036082226,logreg_np_fused_cutoff_11:30_l21.0_lr0.2_steps400,,,,,,0.32116296391777394,0.678837036082226
2025-06-11,SPY,11:30,-0.06455029957959102,0.4228872190406938,0.0,0.4518520970571715,0.4518520970571715,0.625,-1.0,0.2891921263227507,0.7108078736772493,logreg_np_fused_cutoff_11:30_l21.0_lr0.2_steps400,,,,,,0.2891921263227507,0.7108078736772493
2025-06-12,SPY,11:30,0.3883203893203735,0.5866471117629383,0.0,0.6716442785240447,0.6716442785240447,0.5,1.0,0.31688008477515867,0.6831199152248413,logreg_np_fused_cutoff_11:30_l21.0_lr0.2_steps400,,,,,,0.31688008477515867,0.6831199152248413
2025-06-13,SPY,11:30,0.3926220469809838,0.6198416145955219,0.14555256064688904,0.7301099341731555,0.7301099341731555,0.625,1.0,0.3228159631024859,0.6771840368975142,logreg_np_fused_cutoff_11:30_l21.0_lr0.2_steps400,,,,,,0.3228159631024859,0.6771840368975142
2025-06-16,SPY,11:30,0.5154639175257714,0.7011641656812678,0.0,0.7011641656812678,0.7011641656812678,0.625,1.0,0.32431087773727024,0.6756891222627297,logreg_np_fused_cutoff_11:30_l21.0_lr0.2_steps400,,,,,,0.32431087773727024,0.6756891222627297
2025-06-17,SPY,11:30,0.13911565759219258,0.3032221518776532,0.0,0.31821665389358594,0.31821665389358594,0.5,1.0,0.31447081859548254,0.6855291814045175,logreg_np_fused_cutoff_11:30_l21.0_lr0.2_steps400,,,,,,0.31447081859548254,0.6855291814045175
2025-06-18,SPY,11:30,0.2548441273050761,0.6400347590678622,0.0,0.6400347590678622,0.6400347590678622,0.5,1.0,0.31536954447355503,0.684630455526445,logreg_np_fused_cutoff_11:30_l21.0_lr0.2_steps400,,,,,,0.31536954447355503,0.684630455526445
2025-06-20,SPY,11:30,-0.3551225381652312,0.785447496177218,0.0,0.9726179633513625,0.9726179633513625,0.625,-1.0,0.2871979216010912,0.7128020783989089,logreg_np_fused_cutoff_11:30_l21.0_lr0.2_steps400,,,,,,0.2871979216010912,0.7128020783989089
2025-06-23,SPY,11:30,0.17476935486580025,0.7763792495000595,0.0,0.7763792495000595,0.7763792495000595,0.375,1.0,0.3081038426095254,0.6918961573904746,logreg_np_fused_cutoff_11:30_l21.0_lr0.2_steps400,,,,,,0.3081038426095254,0.6918961573904746
2025-06-24,SPY,11:30,0.27551400322674,0.3177098415587759,0.2864583333332988,0.4302320771108299,0.4302320771108299,0.625,1.0,0.321058477382623,0.678941522617377,logreg_np_fused_cutoff_11:30_l21.0_lr0.2_steps400,,,,,,0.321058477382623,0.678941522617377
2025-06-25,SPY,11:30,-0.16614301459096925,0.1875277590432959,-0.35964912280695804,0.3207711667845644,0.3207711667845644,0.625,-1.0,0.29062053187906456,0.7093794681209354,logreg_np_fused_cutoff_11:30_l21.0_lr0.2_steps400,,,,,,0.29062053187906456,0.7093794681209354
2025-06-26,SPY,11:30,0.2167416505205244,0.35795211979903185,0.0,0.40392762142458977,0.40392762142458977,0.75,1.0,0.32853848646850203,0.671461513531498,logreg_np_fused_cutoff_11:30_l21.0_lr0.2_steps400,,,,,,0.32853848646850203,0.671461513531498
2025-06-27,SPY,11:30,0.512322665383147,0.45113763368929205,0.19349005424953736,0.5441388818639468,0.5441388818639468,0.75,1.0,0.3302989275682267,0.6697010724317733,logreg_np_fused_cutoff_11:30_l21.0_lr0.2_steps400,,,,,,0.3302989275682267,0.6697010724317733
2025-06-30,SPY,11:30,-0.10204081632653184,0.2721088435374069,0.0,0.2721088435374069,0.2721088435374069,0.25,-1.0,0.2704317018775873,0.7295682981224128,logreg_np_fused_cutoff_11:30_l21.0_lr0.2_steps400,,,,,,0.2704317018775873,0.7295682981224128
2025-07-01,SPY,11:30,-0.017034531428716804,0.2855311934717171,0.0,0.40233940898287923,0.40233940898287923,0.625,-1.0,0.28992810867383295,0.710071891326167,logreg_np_fused_cutoff_11:30_l21.0_lr0.2_steps400,,,,,,0.28992810867383295,0.710071891326167
2025-07-02,SPY,11:30,0.2972670867825489,0.3985160945422794,0.010162601626006866,0.4406356817703231,0.4406356817703231,0.75,1.0,0.3291909735244001,0.6708090264755999,logreg_np_fused_cutoff_11:30_l21.0_lr0.2_steps400,,,,,,0.3291909735244001,0.6708090264755999
2025-07-03,SPY,11:30,0.5727183639372191,0.4747216733336429,0.20981387478850078,0.5743248670618555,0.5743248670618555,0.75,1.0,0.3307774764164321,0.6692225235835678,logreg_np_fused_cutoff_11:30_l21.0_lr0.2_steps400,,,,,,0.3307774764164321,0.6692225235835678
2025-07-07,SPY,11:30,-0.2711244445157579,0.2342258514751474,-0.6095890410958659,0.38663308359937243,0.38663308359937243,0.625,-1.0,0.29109238231604073,0.7089076176839593,logreg_np_fused_cutoff_11:30_l21.0_lr0.2_steps400,,,,,,0.29109238231604073,0.7089076176839593
2025-07-08,SPY,11:30,-0.1150831334803315,0.31225353699559644,0.0,0.33156818876852123,0.33156818876852123,0.625,-1.0,0.2887546901518276,0.7112453098481724,logreg_np_fused_cutoff_11:30_l21.0_lr0.2_steps400,,,,,,0.2887546901518276,0.7112453098481724
2025-07-09,SPY,11:30,-0.061021630562196894,0.4528447320668749,0.0,0.6086104732388157,0.6086104732388157,0.625,-1.0,0.2896524341066904,0.7103475658933096,logreg_np_fused_cutoff_11:30_l21.0_lr0.2_steps400,,,,,,0.2896524341066904,0.7103475658933096
2025-07-10,SPY,11:30,0.24270289321073335,0.2899618724167856,0.4889502762430729,0.43414180897760984,0.43414180897760984,0.875,1.0,0.333140761419663,0.666859238580337,logreg_np_fused_cutoff_11:30_l21.0_lr0.2_steps400,,,,,,0.333140761419663,0.666859238580337
2025-07-11,SPY,11:30,0.2633565108473901,0.4440126539591958,0.01989150090414032,0.49459637403048523,0.49459637403048523,0.625,1.0,0.32217030846718336,0.6778296915328166,logreg_np_fused_cutoff_11:30_l21.0_lr0.2_steps400,,,,,,0.32217030846718336,0.6778296915328166
2025-07-14,SPY,11:30,0.16689936289377982,0.30491229759441707,0.24210526315784245,0.4140388041018793,0.4140388041018793,0.875,1.0,0.3337048562206457,0.6662951437793543,logreg_np_fused_cutoff_11:30_l21.0_lr0.2_steps400,,,,,,0.3337048562206457,0.6662951437793543
2025-07-15,SPY,11:30,-0.3824518349720307,0.5027648080569811,0.0,0.6414035982343438,0.6414035982343438,0.5,-1.0,0.28068028572296533,0.7193197142770347,logreg_np_fused_cutoff_11:30_l21.0_lr0.2_steps400,,,,,,0.28068028572296533,0.7193197142770347
2025-07-16,SPY,11:30,-0.5298937005980497,0.3743727052636518,-0.5546038543897711,0.9579772650751186,0.9579772650751186,0.625,-1.0,0.2900625238369176,0.7099374761630823,logreg_np_fused_cutoff_11:30_l21.0_lr0.2_steps400,,,,,,0.2900625238369176,0.7099374761630823
2025-07-17,SPY,11:30,0.4332713992823978,0.3203485392106612,0.40749999999997044,0.47491670937979213,0.47491670937979213,0.75,1.0,0.3286364038824142,0.6713635961175858,logreg_np_fused_cutoff_11:30_l21.0_lr0.2_steps400,,,,,,0.3286364038824142,0.6713635961175858
2025-07-18,SPY,11:30,-0.22407628128724433,0.3377036154151768,0.0,0.37743345252284466,0.37743345252284466,0.375,-1.0,0.2755876711959726,0.7244123288040274,logreg_np_fused_cutoff_11:30_l21.0_lr0.2_steps400,,,,,,0.2755876711959726,0.7244123288040274
2025-07-21,SPY,11:30,0.41112666200140424,0.4270309816145979,0.0,0.44611616515044694,0.44611616515044694,0.75,1.0,0.330194079984343,0.669805920015657,logreg_np_fused_cutoff_11:30_l21.0_lr0.2_steps400,,,,,,0.330194079984343,0.669805920015657
2025-07-22,SPY,11:30,-0.22099447513811432,0.4745816606383242,0.0,0.4745816606383242,0.4745816606383242,0.625,-1.0,0.28775655104006165,0.7122434489599383,logreg_np_fused_cutoff_11:30_l21.0_lr0.2_steps400,,,,,,0.28775655104006165,0.7122434489599383
2025-07-23,SPY,11:30,-0.14330050353105195,0.2858092915729724,0.0,0.2858092915729724,0.2858092915729724,0.5,-1.0,0.2822523817310962,0.7177476182689038,logreg_np_fused_cutoff_11:30_l21.0_lr0.2_steps400,,,,,,0.2822523817310962,0.7177476182689038
2025-07-24,SPY,11:30,0.12606167567481563,0.2048502229715996,0.06153846153840234,0.2930933959439677,0.2930933959439677,0.625,1.0,0.3208970053874365,0.6791029946125635,logreg_np_fused_cutoff_11:30_l21.0_lr0.2_steps400,,,,,,0.3208970053874365,0.6791029946125635
2025-07-25,SPY,11:30,0.08266024278493767,0.16846944719979376,0.0,0.19129941901658432,0.19129941901658432,0.625,1.0,0.3206170175813854,0.6793829824186146,logreg_np_fused_cutoff_11:30_l21.0_lr0.2_steps400,,,,,,0.3206170175813854,0.6793829824186146
2025-07-28,SPY,11:30,-0.0274524875875648,0.14745907618456555,0.0,0.2635438808405089,0.2635438808405089,0.5,-1.0,0.2836464028282074,0.7163535971717926,logreg_np_fused_cutoff_11:30_l21.0_lr0.2_steps400,,,,,,0.2836464028282074,0.7163535971717926
2025-07-29,SPY,11:30,-0.5059920106524673,0.22244850003915706,-1.4718309859155578,0.6125166444740296,0.6125166444740296,1.0,-1.0,0.3137527060445435,0.6862472939554565,logreg_np_fused_cutoff_11:30_l21.0_lr0.2_steps400,,,,,,0.3137527060445435,0.6862472939554565
2025-07-30,SPY,11:30,-0.05188679245283767,0.2279874213836371,0.0,0.2712264150943253,0.2712264150943253,0.375,-1.0,0.27704315072250385,0.7229568492774961,logreg_np_fused_cutoff_11:30_l21.0_lr0.2_steps400,,,,,,0.27704315072250385,0.7229568492774961
2025-07-31,SPY,11:30,-0.3260563600538058,0.3362211866262123,-0.14651162790700367,0.7412504300503563,0.7412504300503563,0.625,-1.0,0.2890533945034767,0.7109466054965232,logreg_np_fused_cutoff_11:30_l21.0_lr0.2_steps400,,,,,,0.2890533945034767,0.7109466054965232
2025-08-01,SPY,11:30,-0.43587246339789054,1.064933820829287,0.0,1.064933820829287,1.064933820829287,0.5,-1.0,0.2796471160504482,0.7203528839495519,logreg_np_fused_cutoff_11:30_l21.0_lr0.2_steps400,,,,,,0.2796471160504482,0.7203528839495519
2025-08-04,SPY,11:30,0.5241961260627814,0.623281979160004,0.0,0.6504506808156901,0.6504506808156901,0.5,1.0,0.31787616395369134,0.6821238360463087,logreg_np_fused_cutoff_11:30_l21.0_lr0.2_steps400,,,,,,0.31787616395369134,0.6821238360463087
2025-08-05,SPY,11:30,-0.6750660820842302,0.7842795865714939,-0.024217961654894763,0.8760822425172873,0.8760822425172873,0.75,-1.0,0.29053320644340574,0.7094667935565943,logreg_np_fused_cutoff_11:30_l21.0_lr0.2_steps400,,,,,,0.29053320644340574,0.7094667935565943
2025-08-06,SPY,11:30,0.47928655454170244,0.38072679871554094,0.6325678496868942,0.673226719231872,0.673226719231872,0.875,1.0,0.335032135065538,0.664967864934462,logreg_np_fused_cutoff_11:30_l21.0_lr0.2_steps400,,,,,,0.335032135065538,0.664967864934462
2025-08-07,SPY,11:30,-0.6915466283172633,0.6027457544538017,-0.32985658409386553,0.8369285899521489,0.8369285899521489,0.75,-1.0,0.2925283037265511,0.7074716962734489,logreg_np_fused_cutoff_11:30_l21.0_lr0.2_steps400,,,,,,0.2925283037265511,0.7074716962734489
2025-08-08,SPY,11:30,0.15139329138478264,0.5101638516976571,0.0,0.5101638516976571,0.5101638516976571,0.625,1.0,0.32107254041647265,0.6789274595835273,logreg_np_fused_cutoff_11:30_l21.0_lr0.2_steps400,,,,,,0.32107254041647265,0.6789274595835273
2025-08-11,SPY,11:30,-0.06431271666326177,0.15529168169911203,0.0,0.21725149409420885,0.21725149409420885,0.5,-1.0,0.28315173981155634,0.7168482601884436,logreg_np_fused_cutoff_11:30_l21.0_lr0.2_steps400,,,,,,0.28315173981155634,0.7168482601884436
2025-08-12,SPY,11:30,0.4151717871187177,0.468439110749034,0.361204013377939,0.6517413714769099,0.6517413714769099,0.75,1.0,0.3288026221175287,0.6711973778824714,logreg_np_fused_cutoff_11:30_l21.0_lr0.2_steps400,,,,,,0.3288026221175287,0.6711973778824714
2025-08-13,SPY,11:30,-0.10002015910183237,0.3551103323150346,0.0,0.4760649433218999,0.4760649433218999,0.5,-1.0,0.2830103552388297,0.7169896447611703,logreg_np_fused_cutoff_11:30_l21.0_lr0.2_steps400,,,,,,0.2830103552388297,0.7169896447611703
2025-08-14,SPY,11:30,0.09334090431780684,0.4200340694300654,0.0,0.4915954294070469,0.4915954294070469,0.5,1.0,0.3142413614291157,0.6857586385708843,logreg_np_fused_cutoff_11:30_l21.0_lr0.2_steps400,,,,,,0.3142413614291157,0.6857586385708843
2025-08-15,SPY,11:30,-0.5309104417546284,0.43958765439741176,-0.20774647887325665,0.5309104417546281,0.5309104417546281,0.75,-1.0,0.2927985733943188,0.7072014266056812,logreg_np_fused_cutoff_11:30_l21.0_lr0.2_steps400,,,,,,0.2927985733943188,0.7072014266056812
2025-08-18,SPY,11:30,-0.009333364444552572,0.20533401778004934,0.0,0.2488897185212875,0.2488897185212875,0.5,-1.0,0.28353890986146596,0.716461090138534,logreg_np_fused_cutoff_11:30_l21.0_lr0.2_steps400,,,,,,0.28353890986146596,0.716461090138534
2025-08-19,SPY,11:30,-0.28531224976870995,0.33895406239554443,-0.27522935779811536,0.5581858183486146,0.5581858183486146,0.625,-1.0,0.2894303787356714,0.7105696212643287,logreg_np_fused_cutoff_11:30_l21.0_lr0.2_steps400,,,,,,0.2894303787356714,0.7105696212643287
2025-08-20,SPY,11:30,-0.48640110104943846,0.9681102300630373,0.0,1.0384898106007268,1.0384898106007268,0.75,-1.0,0.2918984356705554,0.7081015643294446,logreg_np_fused_cutoff_11:30_l21.0_lr0.2_steps400,,,,,,0.2918984356705554,0.7081015643294446
2025-08-21,SPY,11:30,0.181540976391803,0.5524818459023586,0.0,0.5524818459023586,0.5524818459023586,0.625,1.0,0.3213339190617629,0.6786660809382371,logreg_np_fused_cutoff_11:30_l21.0_lr0.2_steps400,,,,,,0.3213339190617629,0.6786660809382371
2025-08-22,SPY,11:30,1.3022242083558622,1.3045762087322013,0.05288461538460796,1.4409922305587655,1.4409922305587655,0.625,1.0,0.3315304315481581,0.6684695684518419,logreg_np_fused_cutoff_11:30_l21.0_lr0.2_steps400,,,,,,0.3315304315481581,0.6684695684518419
2025-08-25,SPY,11:30,0.11645781897795526,0.19176720858371976,0.08906882591094124,0.25077250353255526,0.25077250353255526,0.5,1.0,0.31396638077361544,0.6860336192263845,logreg_np_fused_cutoff_11:30_l21.0_lr0.2_steps400,,,,,,0.31396638077361544,0.6860336192263845
2025-08-26,SPY,11:30,0.09422208378757624,0.2647562684939934,0.0,0.2647562684939934,0.2647562684939934,0.5,1.0,0.31402636972784903,0.685973630272151,logreg_np_fused_cutoff_11:30_l21.0_lr0.2_steps400,,,,,,0.31402636972784903,0.685973630272151
2025-08-27,SPY,11:30,0.27072941797052774,0.30098284863199276,0.0,0.3211518024063015,0.3211518024063015,0.625,1.0,0.32226890558755883,0.6777310944124412,logreg_np_fused_cutoff_11:30_l21.0_lr0.2_steps400,,,,,,0.32226890558755883,0.6777310944124412
2025-08-28,SPY,11:30,-0.03940262529648075,0.4210672703251911,0.0,0.4210672703251911,0.4210672703251911,0.375,-1.0,0.27696018537372113,0.7230398146262789,logreg_np_fused_cutoff_11:30_l21.0_lr0.2_steps400,,,,,,0.27696018537372113,0.7230398146262789
2025-08-29,SPY,11:30,-0.4919260798047831,0.6394266783019823,0.0,0.7143353592141538,0.7143353592141538,0.75,-1.0,0.29193908890563713,0.7080609110943629,logreg_np_fused_cutoff_11:30_l21.0_lr0.2_steps400,,,,,,0.29193908890563713,0.7080609110943629
2025-09-02,SPY,11:30,-0.3145098039215699,0.6321568627451116,-0.14019851116623544,0.7286274509803893,0.7286274509803893,0.75,-1.0,0.29426966117054804,0.705730338829452,logreg_np_fused_cutoff_11:30_l21.0_lr0.2_steps400,,,,,,0.29426966117054804,0.705730338829452
2025-09-03,SPY,11:30,-0.0015557422446188518,0.3500420050406049,0.0,0.4029372413578568,0.4029372413578568,0.5,-1.0,0.283604693375974,0.7163953066240261,logreg_np_fused_cutoff_11:30_l21.0_lr0.2_steps400,,,,,,0.283604693375974,0.7163953066240261
2025-09-04,SPY,11:30,0.25138494483496476,0.3475939977965038,0.12499999999998732,0.4461306891361359,0.4461306891361359,0.5,1.0,0.31507688307630816,0.6849231169236918,logreg_np_fused_cutoff_11:30_l21.0_lr0.2_steps400,,,,,,0.31507688307630816,0.6849231169236918
2025-09-05,SPY,11:30,-0.713019318295216,1.1190335479810696,0.0,1.3508223898811227,1.3508223898811227,0.625,-1.0,0.2842649787655978,0.7157350212344022,logreg_np_fused_cutoff_11:30_l21.0_lr0.2_steps400,,,,,,0.2842649787655978,0.7157350212344022
2025-09-08,SPY,11:30,0.08170879294528977,0.24512637883588587,0.0,0.31373093140316843,0.31373093140316843,0.625,1.0,0.32075781951842514,0.6792421804815749,logreg_np_fused_cutoff_11:30_l21.0_lr0.2_steps400,,,,,,0.32075781951842514,0.6792421804815749
2025-09-09,SPY,11:30,-0.12635893642759521,0.3759948840040457,0.0,0.3759948840040457,0.3759948840040457,0.5,-1.0,0.282374601970759,0.7176253980292411,logreg_np_fused_cutoff_11:30_l21.0_lr0.2_steps400,,,,,,0.282374601970759,0.7176253980292411
2025-09-10,SPY,11:30,-0.0443679479824044,0.2761522279594492,0.0,0.33352457448842227,0.33352457448842227,0.625,-1.0,0.28949320503881626,0.7105067949611837,logreg_np_fused_cutoff_11:30_l21.0_lr0.2_steps400,,,,,,0.28949320503881626,0.7105067949611837
2025-09-11,SPY,11:30,0.42797095911348837,0.5066870462361566,0.03318250377070834,0.6366068016813089,0.6366068016813089,0.75,1.0,0.3305535027028026,0.6694464972971974,logreg_np_fused_cutoff_11:30_l21.0_lr0.2_steps400,,,,,,0.3305535027028026,0.6694464972971974
2025-09-12,SPY,11:30,-0.01368633951246423,0.15739290439332743,0.0,0.19997262732098336,0.19997262732098336,0.625,-1.0,0.28972854597033443,0.7102714540296655,logreg_np_fused_cutoff_11:30_l21.0_lr0.2_steps400,,,,,,0.28972854597033443,0.7102714540296655
2025-09-15,SPY,11:30,0.1265957124230388,0.20846599351102216,0.0,0.23044968009945446,0.23044968009945446,0.625,1.0,0.3209996097994619,0.6790003902005382,logreg_np_fused_cutoff_11:30_l21.0_lr0.2_steps400,,,,,,0.3209996097994619,0.6790003902005382
2025-09-16,SPY,11:30,-0.3008450874567248,0.30764811707259315,-0.09090909090906044,0.3734107366925223,0.3734107366925223,0.75,-1.0,0.29409147892266685,0.7059085210773332,logreg_np_fused_cutoff_11:30_l21.0_lr0.2_steps400,,,,,,0.29409147892266685,0.7059085210773332
2025-09-17,SPY,11:30,-0.12120477546814223,0.23407672262286514,0.0,0.2674080358766115,0.2674080358766115,0.625,-1.0,0.2887680887946183,0.7112319112053818,logreg_np_fused_cutoff_11:30_l21.0_lr0.2_steps400,,,,,,0.2887680887946183,0.7112319112053818
2025-09-18,SPY,11:30,0.22057712645415783,0.6934582263181798,0.0,0.6934582263181798,0.6934582263181798,0.75,1.0,0.32832497746376416,0.6716750225362358,logreg_np_fused_cutoff_11:30_l21.0_lr0.2_steps400,,,,,,0.32832497746376416,0.6716750225362358
2025-09-19,SPY,11:30,-0.18345022308451364,0.20383358120502024,-0.1777777777777965,0.3487819056174943,0.3487819056174943,0.625,-1.0,0.2895592004418759,0.7104407995581241,logreg_np_fused_cutoff_11:30_l21.0_lr0.2_steps400,,,,,,0.2895592004418759,0.7104407995581241
2025-09-22,SPY,11:30,0.3760136512586554,0.35940260642394334,0.04831932773109635,0.46888449283458483,0.46888449283458483,0.625,1.0,0.3232636415698909,0.6767363584301092,logreg_np_fused_cutoff_11:30_l21.0_lr0.2_steps400,,,,,,0.3232636415698909,0.6767363584301092
2025-09-23,SPY,11:30,-0.12523810238027622,0.17098375654312636,-0.26754385964918187,0.2609752073553026,0.2609752073553026,0.625,-1.0,0.29034053242637264,0.7096594675736274,logreg_np_fused_cutoff_11:30_l21.0_lr0.2_steps400,,,,,,0.29034053242637264,0.7096594675736274
2025-09-24,SPY,11:30,-0.3491451962436831,0.31979894052492175,-0.1364705882353305,0.3739766433903223,0.3739766433903223,0.625,-1.0,0.28760301860106297,0.712396981398937,logreg_np_fused_cutoff_11:30_l21.0_lr0.2_steps400,,,,,,0.28760301860106297,0.712396981398937
2025-09-25,SPY,11:30,0.18239022388399917,0.612527168543762,0.0,0.6505251318529286,0.6505251318529286,0.75,1.0,0.3281369240942575,0.6718630759057425,logreg_np_fused_cutoff_11:30_l21.0_lr0.2_steps400,,,,,,0.3281369240942575,0.6718630759057425
2025-09-26,SPY,11:30,-0.00909773239019529,0.6701996194115394,0.0,0.6701996194115394,0.6701996194115394,0.625,-1.0,0.2895087833580918,0.7104912166419082,logreg_np_fused_cutoff_11:30_l21.0_lr0.2_steps400,,,,,,0.2895087833580918,0.7104912166419082
2025-09-29,SPY,11:30,-0.1301975540921929,0.20169332079022118,-0.18656716417910005,0.3206020696142985,0.3206020696142985,0.5,-1.0,0.28374574599857744,0.7162542540014225,logreg_np_fused_cutoff_11:30_l21.0_lr0.2_steps400,,,,,,0.28374574599857744,0.7162542540014225
2025-09-30,SPY,11:30,-0.13274803517823175,0.2737928225550891,0.0,0.2979288289511431,0.2979288289511431,0.625,-1.0,0.28863000999011906,0.7113699900098809,logreg_np_fused_cutoff_11:30_l21.0_lr0.2_steps400,,,,,,0.28863000999011906,0.7113699900098809
2025-10-01,SPY,11:30,0.569214182857225,0.4440624552356299,0.3174872665535074,0.5910780388875005,0.5910780388875005,0.875,1.0,0.33708629547921587,0.6629137045207841,logreg_np_fused_cutoff_11:30_l21.0_lr0.2_steps400,,,,,,0.33708629547921587,0.6629137045207841
2025-10-02,SPY,11:30,-0.46237256788300707,0.34081332826214555,-0.39824945295403974,0.5570843680783796,0.5570843680783796,0.625,-1.0,0.28856079957190406,0.7114392004280959,logreg_np_fused_cutoff_11:30_l21.0_lr0.2_steps400,,,,,,0.28856079957190406,0.7114392004280959
2025-10-03,SPY,11:30,0.25298318669264575,0.34626607264123943,0.0,0.34626607264123943,0.34626607264123943,0.5,1.0,0.3154202656894667,0.6845797343105333,logreg_np_fused_cutoff_11:30_l21.0_lr0.2_steps400,,,,,,0.3154202656894667,0.6845797343105333
2025-10-06,SPY,11:30,-0.03498976363298656,0.32011911408895993,0.0,0.32011911408895993,0.32011911408895993,0.25,-1.0,0.2709677357191749,0.7290322642808251,logreg_np_fused_cutoff_11:30_l21.0_lr0.2_steps400,,,,,,0.2709677357191749,0.7290322642808251
2025-10-07,SPY,11:30,-0.5992119545015218,0.31224444279236085,-1.1285714285714186,0.7345178797115538,0.7345178797115538,1.0,-1.0,0.3111494258795044,0.6888505741204956,logreg_np_fused_cutoff_11:30_l21.0_lr0.2_steps400,,,,,,0.3111494258795044,0.6888505741204956
2025-10-08,SPY,11:30,0.3364240584229128,0.3953542149980944,0.14716981132075083,0.4796467174410932,0.4796467174410932,0.875,1.0,0.3356849435853506,0.6643150564146494,logreg_np_fused_cutoff_11:30_l21.0_lr0.2_steps400,,,,,,0.3356849435853506,0.6643150564146494
2025-10-09,SPY,11:30,-0.45432949281386525,0.5411866017341701,0.0,0.5864710773250879,0.5864710773250879,0.625,-1.0,0.2859281788241849,0.714071821175815,logreg_np_fused_cutoff_11:30_l21.0_lr0.2_steps400,,,,,,0.2859281788241849,0.714071821175815
2025-10-10,SPY,11:30,-1.3471795520311747,0.31094481101548505,-4.167464114832436,2.137931547508351,2.137931547508351,0.625,-1.0,0.306581128584518,0.693418871415482,logreg_np_fused_cutoff_11:30_l21.0_lr0.2_steps400,,,,,,0.306581128584518,0.693418871415482
2025-10-13,SPY,11:30,0.24443956742519202,0.5025011540877313,0.0,0.5115825002459524,0.5115825002459524,0.5,1.0,0.31534122623543626,0.6846587737645637,logreg_np_fused_cutoff_11:30_l21.0_lr0.2_steps400,,,,,,0.31534122623543626,0.6846587737645637
2025-10-14,SPY,11:30,0.6429082277036313,1.0606083661761838,0.17001434720228706,1.256904606114094,1.256904606114094,0.75,1.0,0.33186409590522903,0.668135904094771,logreg_np_fused_cutoff_11:30_l21.0_lr0.2_steps400,,,,,,0.33186409590522903,0.668135904094771
2025-10-15,SPY,11:30,-0.1814705110419479,0.6178995913164118,-0.12499999999999654,0.7656255858423033,0.7656255858423033,0.625,-1.0,0.2892196119476983,0.7107803880523017,logreg_np_fused_cutoff_11:30_l21.0_lr0.2_steps400,,,,,,0.2892196119476983,0.7107803880523017
2025-10-16,SPY,11:30,-0.2571850607721582,0.4723807238672201,-0.11111111111111913,0.5788538394055521,0.5788538394055521,0.625,-1.0,0.28839535515399917,0.7116046448460008,logreg_np_fused_cutoff_11:30_l21.0_lr0.2_steps400,,,,,,0.28839535515399917,0.7116046448460008
2025-10-17,SPY,11:30,0.1470744317923378,0.8073931436022691,0.0,0.8263460342971578,0.8263460342971578,0.5,1.0,0.31444058301580247,0.6855594169841975,logreg_np_fused_cutoff_11:30_l21.0_lr0.2_steps400,,,,,,0.31444058301580247,0.6855594169841975
2025-10-20,SPY,11:30,0.5259963584867577,0.5319906189823347,0.0,0.6219045264159704,0.6219045264159704,0.625,1.0,0.3247757061578047,0.6752242938421953,logreg_np_fused_cutoff_11:30_l21.0_lr0.2_steps400,,,,,,0.3247757061578047,0.6752242938421953
2025-10-21,SPY,11:30,0.07894540850523768,0.28077753779697484,0.0,0.402174722573925,0.402174722573925,0.5,1.0,0.3143251588036908,0.6856748411963092,logreg_np_fused_cutoff_11:30_l21.0_lr0.2_steps400,,,,,,0.3143251588036908,0.6856748411963092
2025-10-22,SPY,11:30,-0.4682289185326316,0.48237255836112575,-0.00771604938270901,0.6498630300142939,0.6498630300142939,0.75,-1.0,0.2925371110479502,0.7074628889520498,logreg_np_fused_cutoff_11:30_l21.0_lr0.2_steps400,,,,,,0.2925371110479502,0.7074628889520498
2025-10-23,SPY,11:30,0.13769981440459045,0.42507334011854636,0.0,0.42507334011854636,0.42507334011854636,0.625,1.0,0.32096908681734926,0.6790309131826507,logreg_np_fused_cutoff_11:30_l21.0_lr0.2_steps400,,,,,,0.32096908681734926,0.6790309131826507
2025-10-24,SPY,11:30,0.20327456850353087,0.32376094910744796,0.0,0.3976789740178223,0.3976789740178223,0.625,1.0,0.321852662887652,0.678147337112348,logreg_np_fused_cutoff_11:30_l21.0_lr0.2_steps400,,,,,,0.321852662887652,0.678147337112348
2025-10-27,SPY,11:30,0.12376962737286057,0.21897703304429406,0.0,0.21897703304429406,0.21897703304429406,0.75,1.0,0.32755573679276506,0.6724442632072349,logreg_np_fused_cutoff_11:30_l21.0_lr0.2_steps400,,,,,,0.32755573679276506,0.6724442632072349
2025-10-28,SPY,11:30,-0.27654867256636795,0.29183162552398634,-0.024937655860383205,0.33913600372613545,0.33913600372613545,0.75,-1.0,0.2938910914454561,0.7061089085545439,logreg_np_fused_cutoff_11:30_l21.0_lr0.2_steps400,,,,,,0.2938910914454561,0.7061089085545439
2025-10-29,SPY,11:30,-0.07695435009873464,0.22215123707748963,0.0,0.2715181786502504,0.2715181786502504,0.625,-1.0,0.2892009815275296,0.7107990184724704,logreg_np_fused_cutoff_11:30_l21.0_lr0.2_steps400,,,,,,0.2892009815275296,0.7107990184724704
2025-10-30,SPY,11:30,-0.012432717060606446,0.6486952960449254,0.0,0.6486952960449254,0.6486952960449254,0.625,-1.0,0.2894851773786881,0.7105148226213118,logreg_np_fused_cutoff_11:30_l21.0_lr0.2_steps400,,,,,,0.2894851773786881,0.7105148226213118
2025-10-31,SPY,11:30,-0.22920377237292122,0.403661420771424,0.0,0.403661420771424,0.403661420771424,0.5,-1.0,0.28150971283882215,0.7184902871611778,logreg_np_fused_cutoff_11:30_l21.0_lr0.2_steps400,,,,,,0.28150971283882215,0.7184902871611778
2025-11-03,SPY,11:30,-0.42002712675193177,0.8458879635976425,0.0,0.8458879635976425,0.8458879635976425,0.5,-1.0,0.2798256470175982,0.7201743529824018,logreg_np_fused_cutoff_11:30_l21.0_lr0.2_steps400,,,,,,0.2798256470175982,0.7201743529824018
2025-11-04,SPY,11:30,0.31209324340315536,0.7691397467755362,0.0,0.7691397467755362,0.7691397467755362,0.625,1.0,0.3224593477435523,0.6775406522564478,logreg_np_fused_cutoff_11:30_l21.0_lr0.2_steps400,,,,,,0.3224593477435523,0.6775406522564478
2025-11-05,SPY,11:30,0.6111518545680816,0.5955952619063466,0.2089552238806059,0.7244927439607064,0.7244927439607064,0.75,1.0,0.3312136846451998,0.6687863153548002,logreg_np_fused_cutoff_11:30_l21.0_lr0.2_steps400,,,,,,0.3312136846451998,0.6687863153548002
2025-11-06,SPY,11:30,-1.0102951066833121,0.9400844006592437,-0.20283018867923913,1.179539861204523,1.179539861204523,0.625,-1.0,0.28288455702073745,0.7171154429792626,logreg_np_fused_cutoff_11:30_l21.0_lr0.2_steps400,,,,,,0.28288455702073745,0.7171154429792626
2025-11-07,SPY,11:30,-0.6954790121053711,0.5771951758161986,-0.20492866407262253,0.8481999146559609,0.8481999146559609,0.5,-1.0,0.27955690957870255,0.7204430904212975,logreg_np_fused_cutoff_11:30_l21.0_lr0.2_steps400,,,,,,0.27955690957870255,0.7204430904212975
2025-11-10,SPY,11:30,-0.26135491110980125,0.31820329572973927,-0.7308584686774332,0.5994920559919762,0.5994920559919762,0.625,-1.0,0.29223956744703244,0.7077604325529676,logreg_np_fused_cutoff_11:30_l21.0_lr0.2_steps400,,,,,,0.29223956744703244,0.7077604325529676
2025-11-11,SPY,11:30,-0.027208083006724504,0.2978182058843128,0.0,0.30517174183206663,0.30517174183206663,0.625,-1.0,0.2894617153953804,0.7105382846046195,logreg_np_fused_cutoff_11:30_l21.0_lr0.2_steps400,,,,,,0.2894617153953804,0.7105382846046195
2025-11-12,SPY,11:30,-0.39425267215700277,0.4585012557677851,0.0,0.5541440336429053,0.5541440336429053,0.75,-1.0,0.2928843934114,0.7071156065886,logreg_np_fused_cutoff_11:30_l21.0_lr0.2_steps400,,,,,,0.2928843934114,0.7071156065886
2025-11-13,SPY,11:30,-0.8787720703311575,0.5437218495360062,-0.712162162162151,0.9698822180912458,0.9698822180912458,0.625,-1.0,0.28734999897503,0.71265000102497,logreg_np_fused_cutoff_11:30_l21.0_lr0.2_steps400,,,,,,0.28734999897503,0.71265000102497
2025-11-14,SPY,11:30,1.286521582301292,1.1903330527834666,0.3434343434343294,1.7622039196825812,1.7622039196825812,0.75,1.0,0.3381691962148457,0.6618308037851544,logreg_np_fused_cutoff_11:30_l21.0_lr0.2_steps400,,,,,,0.3381691962148457,0.6618308037851544
2025-11-17,SPY,11:30,0.31882088538128794,0.705587205351996,0.0,0.8765707715166773,0.8765707715166773,0.5,1.0,0.3165440757866374,0.6834559242133627,logreg_np_fused_cutoff_11:30_l21.0_lr0.2_steps400,,,,,,0.3165440757866374,0.6834559242133627
2025-11-18,SPY,11:30,0.002266117762594888,1.114929939192506,0.0,1.253918495297816,1.253918495297816,0.625,1.0,0.32010000184258486,0.6798999981574152,logreg_np_fused_cutoff_11:30_l21.0_lr0.2_steps400,,,,,,0.32010000184258486,0.6798999981574152
2025-11-19,SPY,11:30,0.12182572111747447,1.0881079935833493,0.0,1.0881079935833493,1.0881079935833493,0.25,1.0,0.30112830808095237,0.6988716919190476,logreg_np_fused_cutoff_11:30_l21.0_lr0.2_steps400,,,,,,0.30112830808095237,0.6988716919190476
2025-11-20,SPY,11:30,-1.266819725237589,0.4547176960969983,-2.6339869281046413,1.6925603132499663,1.6925603132499663,0.625,-1.0,0.2969631529058995,0.7030368470941005,logreg_np_fused_cutoff_11:30_l21.0_lr0.2_steps400,,,,,,0.2969631529058995,0.7030368470941005
2025-11-21,SPY,11:30,0.40322580645160144,0.8538000977517155,0.16279069767441198,1.032502443792765,1.032502443792765,0.5,1.0,0.31639701596026537,0.6836029840397346,logreg_np_fused_cutoff_11:30_l21.0_lr0.2_steps400,,,,,,0.31639701596026537,0.6836029840397346
2025-11-24,SPY,11:30,0.8300070173320462,0.7877521146315187,0.24616858237547154,1.0156267684808635,1.0156267684808635,0.75,1.0,0.33332985441823837,0.6666701455817616,logreg_np_fused_cutoff_11:30_l21.0_lr0.2_steps400,,,,,,0.33332985441823837,0.6666701455817616
2025-11-25,SPY,11:30,0.3739016638623971,0.8839035333707187,0.11759729272420537,1.0259861656384393,1.0259861656384393,0.625,1.0,0.322857603683941,0.677142396316059,logreg_np_fused_cutoff_11:30_l21.0_lr0.2_steps400,,,,,,0.322857603683941,0.677142396316059
2025-11-26,SPY,11:30,0.5681608559306328,0.39033388673677855,0.7637051039697198,0.7194244604316548,0.7194244604316548,0.875,1.0,0.3352413937051449,0.6647586062948552,logreg_np_fused_cutoff_11:30_l21.0_lr0.2_steps400,,,,,,0.3352413937051449,0.6647586062948552
2025-11-28,SPY,11:30,0.2511455763130055,0.2592233580072994,0.1529745042492728,0.3495476442251198,0.3495476442251198,0.625,1.0,0.3215108586420558,0.6784891413579441,logreg_np_fused_cutoff_11:30_l21.0_lr0.2_steps400,,,,,,0.3215108586420558,0.6784891413579441
2025-12-01,SPY,11:30,0.47950502706883835,0.45225205318011796,0.08794788273618928,0.5229624719183816,0.5229624719183816,0.625,1.0,0.3238140757304817,0.6761859242695183,logreg_np_fused_cutoff_11:30_l21.0_lr0.2_steps400,,,,,,0.3238140757304817,0.6761859242695183
2025-12-02,SPY,11:30,-0.1715995424012351,0.3512657299580508,-0.09185803757830019,0.6497316007157407,0.6497316007157407,0.5,-1.0,0.2834890477642117,0.7165109522357883,logreg_np_fused_cutoff_11:30_l21.0_lr0.2_steps400,,,,,,0.2834890477642117,0.7165109522357883
2025-12-03,SPY,11:30,0.38791583401904806,0.4657928764546784,0.09148264984229686,0.5495474315269792,0.5495474315269792,0.625,1.0,0.32301233195861545,0.6769876680413845,logreg_np_fused_cutoff_11:30_l21.0_lr0.2_steps400,,,,,,0.32301233195861545,0.6769876680413845
2025-12-04,SPY,11:30,-0.33926747409892544,0.45673427695899543,0.0,0.45673427695899543,0.45673427695899543,0.5,-1.0,0.28058087738450793,0.719419122615492,logreg_np_fused_cutoff_11:30_l21.0_lr0.2_steps400,,,,,,0.28058087738450793,0.719419122615492
2025-12-05,SPY,11:30,-0.016047149442732778,0.43764953025617087,-0.0049999999999954525,0.485061562700596,0.485061562700596,0.75,-1.0,0.29598878128510087,0.7040112187148991,logreg_np_fused_cutoff_11:30_l21.0_lr0.2_steps400,,,,,,0.29598878128510087,0.7040112187148991
2025-12-08,SPY,11:30,-0.4049762549893754,0.39259388748070534,-0.07977736549166153,0.5273431809573762,0.5273431809573762,0.875,-1.0,0.2997075782624962,0.7002924217375037,logreg_np_fused_cutoff_11:30_l21.0_lr0.2_steps400,,,,,,0.2997075782624962,0.7002924217375037
2025-12-09,SPY,11:30,0.21958396158745508,0.3059536531451623,0.0,0.37329273469865093,0.37329273469865093,0.5,1.0,0.31537559871181076,0.6846244012881892,logreg_np_fused_cutoff_11:30_l21.0_lr0.2_steps400,,,,,,0.31537559871181076,0.6846244012881892
2025-12-10,SPY,11:30,0.11501410204755036,0.3113439068166001,0.0,0.3728801142815222,0.3728801142815222,0.5,1.0,0.31442271821761936,0.6855772817823806,logreg_np_fused_cutoff_11:30_l21.0_lr0.2_steps400,,,,,,0.31442271821761936,0.6855772817823806
2025-12-11,SPY,11:30,0.1787955746270775,0.6495022915024733,0.0,0.6495022915024733,0.6495022915024733,0.375,1.0,0.30816795013943327,0.6918320498605668,logreg_np_fused_cutoff_11:30_l21.0_lr0.2_steps400,,,,,,0.30816795013943327,0.6918320498605668
2025-12-12,SPY,11:30,-1.1021745606195843,0.805742641876815,-0.4905320108205676,1.4073250652077653,1.4073250652077653,0.75,-1.0,0.2910983010580384,0.7089016989419616,logreg_np_fused_cutoff_11:30_l21.0_lr0.2_steps400,,,,,,0.2910983010580384,0.7089016989419616
2025-12-15,SPY,11:30,-0.7356962136070955,0.9427702717482493,0.0,0.9427702717482493,0.9427702717482493,0.75,-1.0,0.2895401900985161,0.7104598099014838,logreg_np_fused_cutoff_11:30_l21.0_lr0.2_steps400,,,,,,0.2895401900985161,0.7104598099014838
2025-12-16,SPY,11:30,-0.254016404305768,0.6685417249554497,0.0,0.6685417249554497,0.6685417249554497,0.5,-1.0,0.28124590808454164,0.7187540919154584,logreg_np_fused_cutoff_11:30_l21.0_lr0.2_steps400,,,,,,0.28124590808454164,0.7187540919154584
2025-12-17,SPY,11:30,-0.7914441649381376,0.6921458728687705,-0.27417640807650423,1.0179913794371565,1.0179913794371565,0.75,-1.0,0.29168170097755775,0.7083182990224423,logreg_np_fused_cutoff_11:30_l21.0_lr0.2_steps400,,,,,,0.29168170097755775,0.7083182990224423
2025-12-18,SPY,11:30,0.39551941439512905,0.723151168110506,0.0,0.7379093552148054,0.7379093552148054,0.5,1.0,0.3166583268697149,0.683341673130285,logreg_np_fused_cutoff_11:30_l21.0_lr0.2_steps400,,,,,,0.3166583268697149,0.683341673130285
2025-12-19,SPY,11:30,0.47072907583392,0.5904435346802448,0.0,0.5948774035264003,0.5948774035264003,0.5,1.0,0.31732311552207587,0.6826768844779241,logreg_np_fused_cutoff_11:30_l21.0_lr0.2_steps400,,,,,,0.31732311552207587,0.6826768844779241
2025-12-22,SPY,11:30,0.07018313411557564,0.2617246043060224,0.0,0.32679021822568466,0.32679021822568466,0.5,1.0,0.3140482642995243,0.6859517357004756,logreg_np_fused_cutoff_11:30_l21.0_lr0.2_steps400,,,,,,0.3140482642995243,0.6859517357004756
2025-12-23,SPY,11:30,0.40868846825903304,0.34508221291280294,0.1906779661017131,0.42331059592481035,0.42331059592481035,0.75,1.0,0.3293398671384751,0.6706601328615249,logreg_np_fused_cutoff_11:30_l21.0_lr0.2_steps400,,,,,,0.3293398671384751,0.6706601328615249
2025-12-24,SPY,11:30,0.3692289801139781,0.20932666589137416,0.8263888888889607,0.3837655541341997,0.3837655541341997,1.0,1.0,0.33931376593522616,0.6606862340647739,logreg_np_fused_cutoff_11:30_l21.0_lr0.2_steps400,,,,,,0.33931376593522616,0.6606862340647739
2025-12-26,SPY,11:30,-0.04706359377600888,0.2831056179449922,0.0,0.2831056179449922,0.2831056179449922,0.625,-1.0,0.2892711529567386,0.7107288470432613,logreg_np_fused_cutoff_11:30_l21.0_lr0.2_steps400,,,,,,0.2892711529567386,0.7107288470432613
2025-12-29,SPY,11:30,-0.10108135230851856,0.33887705162419945,0.0,0.36214757877435516,0.36214757877435516,0.625,-1.0,0.2888811476628611,0.7111188523371389,logreg_np_fused_cutoff_11:30_l21.0_lr0.2_steps400,,,,,,0.2888811476628611,0.7111188523371389
2025-12-30,SPY,11:30,0.028366524591594278,0.2822105523471395,0.0,0.2865746330535347,0.2865746330535347,0.5,1.0,0.31345317984596166,0.6865468201540383,logreg_np_fused_cutoff_11:30_l21.0_lr0.2_steps400,,,,,,0.31345317984596166,0.6865468201540383
2025-12-31,SPY,11:30,-0.3267141578560562,0.3521818539027531,-0.012396694214864386,0.46132912267426424,0.46132912267426424,0.5,-1.0,0.2811408158032163,0.7188591841967837,logreg_np_fused_cutoff_11:30_l21.0_lr0.2_steps400,,,,,,0.2811408158032163,0.7188591841967837
2026-01-02,SPY,11:30,-0.5835071698443439,0.7673119283453181,-0.01901140684411082,0.9248588642032987,0.9248588642032987,0.625,-1.0,0.2852741827852265,0.7147258172147735,logreg_np_fused_cutoff_11:30_l21.0_lr0.2_steps400,,,,,,0.2852741827852265,0.7147258172147735
2026-01-05,SPY,11:30,0.3415827883060718,0.35323593247002294,0.018556701030958186,0.36925900569546954,0.36925900569546954,0.75,1.0,0.32946172696984977,0.6705382730301502,logreg_np_fused_cutoff_11:30_l21.0_lr0.2_steps400,,,,,,0.32946172696984977,0.6705382730301502
2026-01-06,SPY,11:30,0.12065356436794517,0.4448191650191969,0.0,0.4448191650191969,0.4448191650191969,0.5,1.0,0.3142201367809092,0.6857798632190908,logreg_np_fused_cutoff_11:30_l21.0_lr0.2_steps400,,,,,,0.3142201367809092,0.6857798632190908
2026-01-07,SPY,11:30,0.14591474822482908,0.29905299883702335,0.06038647342995023,0.3236129069540671,0.3236129069540671,0.5,1.0,0.3142362530333538,0.6857637469666462,logreg_np_fused_cutoff_11:30_l21.0_lr0.2_steps400,,,,,,0.3142362530333538,0.6857637469666462
2026-01-08,SPY,11:30,0.11759667244972682,0.3658563142879931,0.0,0.3658563142879931,0.3658563142879931,0.75,1.0,0.3274653271231067,0.6725346728768933,logreg_np_fused_cutoff_11:30_l21.0_lr0.2_steps400,,,,,,0.3274653271231067,0.6725346728768933
2026-01-09,SPY,11:30,0.37286417607875766,0.6139588763394163,0.0,0.6407471763683688,0.6407471763683688,0.625,1.0,0.32314148797424447,0.6768585120257555,logreg_np_fused_cutoff_11:30_l21.0_lr0.2_steps400,,,,,,0.32314148797424447,0.6768585120257555
2026-01-12,SPY,11:30,0.5291886257022149,0.4647593675797817,0.13862928348911058,0.577691550356172,0.577691550356172,0.625,1.0,0.32413312491607926,0.6758668750839207,logreg_np_fused_cutoff_11:30_l21.0_lr0.2_steps400,,,,,,0.32413312491607926,0.6758668750839207
2026-01-13,SPY,11:30,-0.13085240998506054,0.5679857356493795,0.0,0.5679857356493795,0.5679857356493795,0.5,-1.0,0.2822957682146553,0.7177042317853447,logreg_np_fused_cutoff_11:30_l21.0_lr0.2_steps400,,,,,,0.2822957682146553,0.7177042317853447
2026-01-14,SPY,11:30,-0.4863221884498503,0.5789549862498191,-0.03499999999999659,0.7482993197278852,0.7482993197278852,0.625,-1.0,0.28625648465042464,0.7137435153495754,logreg_np_fused_cutoff_11:30_l21.0_lr0.2_steps400,,,,,,0.28625648465042464,0.7137435153495754
2026-01-15,SPY,11:30,0.05326806795278305,0.24474517708032417,0.04705882352943773,0.31097034264324336,0.31097034264324336,0.5,1.0,0.3136487105316545,0.6863512894683454,logreg_np_fused_cutoff_11:30_l21.0_lr0.2_steps400,,,,,,0.3136487105316545,0.6863512894683454
2026-01-16,SPY,11:30,-0.07640410563948263,0.5910506285318912,0.0,0.5910506285318912,0.5910506285318912,0.375,-1.0,0.2766185234251744,0.7233814765748257,logreg_np_fused_cutoff_11:30_l21.0_lr0.2_steps400,,,,,,0.2766185234251744,0.7233814765748257
2026-01-20,SPY,11:30,0.22890010564620145,0.5597781429745355,0.0,0.5597781429745355,0.5597781429745355,0.375,1.0,0.3086291229983468,0.6913708770016531,logreg_np_fused_cutoff_11:30_l21.0_lr0.2_steps400,,,,,,0.3086291229983468,0.6913708770016531
2026-01-21,SPY,11:30,0.2723191285787907,0.8243173621844444,0.0,0.9023331125340391,0.9023331125340391,0.625,1.0,0.32237364701232457,0.6776263529876754,logreg_np_fused_cutoff_11:30_l21.0_lr0.2_steps400,,,,,,0.32237364701232457,0.6776263529876754
2026-01-22,SPY,11:30,0.0318909907951026,0.534898891063266,0.0,0.534898891063266,0.534898891063266,0.625,1.0,0.3199931287035731,0.6800068712964269,logreg_np_fused_cutoff_11:30_l21.0_lr0.2_steps400,,,,,,0.3199931287035731,0.6800068712964269
2026-01-23,SPY,11:30,0.33861357360847055,0.3923848277866655,0.20370370370368343,0.5486121203313604,0.5486121203313604,0.75,1.0,0.32890598957452183,0.6710940104254781,logreg_np_fused_cutoff_11:30_l21.0_lr0.2_steps400,,,,,,0.32890598957452183,0.6710940104254781
2026-01-26,SPY,11:30,0.3569954452305346,0.49820054019999577,0.0,0.49820054019999577,0.49820054019999577,0.5,1.0,0.31631267412573716,0.6836873258742628,logreg_np_fused_cutoff_11:30_l21.0_lr0.2_steps400,,,,,,0.31631267412573716,0.6836873258742628
2026-01-27,SPY,11:30,0.3154937693582216,0.3313404883670611,0.20000000000001977,0.42281927537275016,0.42281927537275016,0.625,1.0,0.32181704597950117,0.6781829540204989,logreg_np_fused_cutoff_11:30_l21.0_lr0.2_steps400,,,,,,0.32181704597950117,0.6781829540204989
2026-01-28,SPY,11:30,-0.3084559983931534,0.2905225101145004,-0.4592592592592139,0.4311210582192757,0.4311210582192757,0.625,-1.0,0.28993501507247843,0.7100649849275216,logreg_np_fused_cutoff_11:30_l21.0_lr0.2_steps400,,,,,,0.28993501507247843,0.7100649849275216
2026-01-29,SPY,11:30,-1.1280327998334228,1.5409028570607823,0.0,1.7534411821726188,1.7534411821726188,0.625,-1.0,0.28063899306232726,0.7193610069376728,logreg_np_fused_cutoff_11:30_l21.0_lr0.2_steps400,,,,,,0.28063899306232726,0.7193610069376728
2026-01-30,SPY,11:30,0.006504394079542841,0.4516940333024977,0.0,0.5593778908418138,0.5593778908418138,0.375,1.0,0.30708304326790575,0.6929169567320943,logreg_np_fused_cutoff_11:30_l21.0_lr0.2_steps400,,,,,,0.30708304326790575,0.6929169567320943
2026-02-02,SPY,11:30,0.8018908964357196,0.9128215538992429,0.0,0.9128215538992429,0.9128215538992429,0.625,1.0,0.3268561507032061,0.6731438492967938,logreg_np_fused_cutoff_11:30_l21.0_lr0.2_steps400,,,,,,0.3268561507032061,0.6731438492967938
2026-02-03,SPY,11:30,-0.7454486696111262,0.8826169700887062,0.0,0.9371970268232382,0.9371970268232382,0.625,-1.0,0.28344047555206464,0.7165595244479354,logreg_np_fused_cutoff_11:30_l21.0_lr0.2_steps400,,,,,,0.28344047555206464,0.7165595244479354
2026-02-04,SPY,11:30,-0.7011545872024683,0.704051920207451,-0.22427983539092902,0.8684755682394364,0.8684755682394364,0.625,-1.0,0.2853846127342081,0.7146153872657919,logreg_np_fused_cutoff_11:30_l21.0_lr0.2_steps400,,,,686.1900024414062,,0.2853846127342081,0.7146153872657919
2026-02-05,SPY,11:30,-0.13807691177766257,1.1266488439730837,0.0,1.1501512970416348,1.1501512970416348,0.625,-1.0,0.2883969632471886,0.7116030367528114,logreg_np_fused_cutoff_11:30_l21.0_lr0.2_steps400,,,,677.6199951171875,,0.2883969632471886,0.7116030367528114
2026-02-06,SPY,11:30,0.9179158687182332,0.823262673622578,0.16755793226382393,1.0066990982265387,1.0066990982265387,0.5,1.0,0.3210052513384423,0.6789947486615577,logreg_np_fused_cutoff_11:30_l21.0_lr0.2_steps400,,,,690.6199951171875,,0.3210052513384423,0.6789947486615577
2026-02-09,SPY,11:30,0.7948134073998858,0.775233150100806,0.22731524789523397,0.957257023510816,0.957257023510816,0.875,1.0,0.3397353069592784,0.6602646930407217,logreg_np_fused_cutoff_11:30_l21.0_lr0.2_steps400,,,,693.9500122070312,,0.3397353069592784,0.6602646930407217
2026-02-10,SPY,11:30,-0.03597588176885713,0.4410643104862415,0.0,0.4410643104862415,0.4410643104862415,0.625,-1.0,0.28933074220556065,0.7106692577944393,logreg_np_fused_cutoff_11:30_l21.0_lr0.2_steps400,,,,692.1199951171875,,0.28933074220556065,0.7106692577944393
2026-02-11,SPY,11:30,-0.49250827428258814,1.1286049667233862,0.0,1.1286049667233862,1.1286049667233862,0.5,-1.0,0.2791631002842468,0.7208368997157533,logreg_np_fused_cutoff_11:30_l21.0_lr0.2_steps400,,,,691.9600219726562,,0.2791631002842468,0.7208368997157533
2026-02-12,SPY,11:30,-1.3360125606787343,0.7166212926551752,-1.0874371859296368,1.697564207827389,1.697564207827389,0.75,-1.0,0.2935728568815541,0.7064271431184459,logreg_np_fused_cutoff_11:30_l21.0_lr0.2_steps400,,,,681.27001953125,,0.2935728568815541,0.7064271431184459
